Date,Store ID,Product ID,Category,Region,Actual,Baseline_Demand_Forecast,Model_Prediction
2023-10-01,S001,P0016,Clothing,East,42,45.59,89.58
2023-10-02,S001,P0016,Clothing,South,66,90.58,110.43
2023-10-03,S001,P0016,Clothing,South,26,36.54,89.66
2023-10-04,S001,P0016,Clothing,South,109,109.31,89.43
2023-10-05,S001,P0016,Clothing,North,126,117.42,90.9
2023-10-06,S001,P0016,Clothing,West,81,95.83,91.03
2023-10-07,S001,P0016,Clothing,North,60,71.22,89.67
2023-10-08,S001,P0016,Clothing,North,61,77.12,91.41
2023-10-09,S001,P0016,Clothing,West,131,121.17,90.21
2023-10-10,S001,P0016,Clothing,South,77,80.0,90.29
2023-10-11,S001,P0016,Clothing,West,131,143.02,90.1
2023-10-12,S001,P0016,Clothing,East,63,84.34,108.45
2023-10-13,S001,P0016,Clothing,West,98,123.78,90.86
2023-10-14,S001,P0016,Clothing,South,155,142.29,90.84
2023-10-15,S001,P0016,Clothing,North,73,76.52,89.11
2023-10-16,S001,P0016,Clothing,West,101,98.16,89.79
2023-10-17,S001,P0016,Clothing,East,57,73.39,89.19
2023-10-18,S001,P0016,Clothing,South,59,77.6,89.44
2023-10-19,S001,P0016,Clothing,West,101,120.59,89.51
2023-10-20,S001,P0016,Clothing,West,74,73.42,104.85
2023-10-21,S001,P0016,Clothing,North,47,59.01,90.61
2023-10-22,S001,P0016,Clothing,North,88,86.72,90.02
2023-10-23,S001,P0016,Clothing,South,66,86.05,89.66
2023-10-24,S001,P0016,Clothing,East,24,33.46,89.73
2023-10-25,S001,P0016,Clothing,North,105,107.72,89.88
2023-10-26,S001,P0016,Clothing,North,146,177.71,108.99
2023-10-27,S001,P0016,Clothing,West,89,127.0,94.92
2023-10-28,S001,P0016,Clothing,West,77,70.44,90.14
2023-10-29,S001,P0016,Clothing,West,26,36.73,91.09
2023-10-30,S001,P0016,Clothing,North,75,93.88,90.65
2023-10-31,S001,P0016,Clothing,South,99,116.57,90.85
2023-11-01,S001,P0016,Clothing,West,91,97.23,119.58
2023-11-02,S001,P0016,Clothing,West,122,137.71,123.55
2023-11-03,S001,P0016,Clothing,South,201,204.39,125.71
2023-11-04,S001,P0016,Clothing,South,133,122.01,121.45
2023-11-05,S001,P0016,Clothing,West,119,129.53,128.29
2023-11-06,S001,P0016,Clothing,North,53,51.72,129.66
2023-11-07,S001,P0016,Clothing,East,58,59.83,123.48
2023-11-08,S001,P0016,Clothing,North,98,89.86,134.07
2023-11-09,S001,P0016,Clothing,East,214,195.07,121.91
2023-11-10,S001,P0016,Clothing,South,150,170.64,124.74
2023-11-11,S001,P0016,Clothing,North,96,118.65,124.02
2023-11-12,S001,P0016,Clothing,East,142,182.33,128.08
2023-11-13,S001,P0016,Clothing,East,163,171.11,115.36
2023-11-14,S001,P0016,Clothing,North,86,102.22,125.61
2023-11-15,S001,P0016,Clothing,South,174,162.33,157.27
2023-11-16,S001,P0016,Clothing,North,159,179.45,125.59
2023-11-17,S001,P0016,Clothing,South,140,178.68,125.15
2023-11-18,S001,P0016,Clothing,North,32,30.81,127.6
2023-11-19,S001,P0016,Clothing,East,102,128.78,126.41
2023-11-20,S001,P0016,Clothing,South,120,167.45,125.37
2023-11-21,S001,P0016,Clothing,South,160,170.75,118.64
2023-11-22,S001,P0016,Clothing,West,102,95.46,126.66
2023-11-23,S001,P0016,Clothing,North,75,101.86,149.98
2023-11-24,S001,P0016,Clothing,West,178,183.68,119.37
2023-11-25,S001,P0016,Clothing,West,149,163.57,121.15
2023-11-26,S001,P0016,Clothing,East,161,195.97,123.06
2023-11-27,S001,P0016,Clothing,East,153,208.68,124.51
2023-11-28,S001,P0016,Clothing,East,151,143.47,123.63
2023-11-29,S001,P0016,Clothing,East,224,209.1,124.29
2023-11-30,S001,P0016,Clothing,North,141,145.4,125.17
2023-12-01,S001,P0016,Clothing,East,75,97.5,125.4
2023-12-02,S001,P0016,Clothing,East,161,163.61,124.11
2023-12-03,S001,P0016,Clothing,West,210,204.2,119.28
2023-12-04,S001,P0016,Clothing,East,175,229.05,124.33
2023-12-05,S001,P0016,Clothing,North,0,0.0,129.5
2023-12-06,S001,P0016,Clothing,South,141,201.46,125.83
2023-12-07,S001,P0016,Clothing,East,65,75.02,125.35
2023-12-08,S001,P0016,Clothing,North,94,108.02,130.52
2023-12-09,S001,P0016,Clothing,West,177,228.13,156.36
2023-12-10,S001,P0016,Clothing,East,143,187.76,125.28
2023-12-11,S001,P0016,Clothing,East,192,180.15,125.65
2023-12-12,S001,P0016,Clothing,East,136,144.0,135.74
2023-12-13,S001,P0016,Clothing,North,160,219.09,126.49
2023-12-14,S001,P0016,Clothing,West,100,98.91,127.54
2023-12-15,S001,P0016,Clothing,South,83,110.56,128.61
2023-12-16,S001,P0016,Clothing,South,155,145.25,127.06
2023-12-17,S001,P0016,Clothing,East,66,77.42,122.12
2023-12-18,S001,P0016,Clothing,West,142,142.03,125.33
2023-12-19,S001,P0016,Clothing,North,146,175.27,126.28
2023-12-20,S001,P0016,Clothing,North,215,200.97,153.45
2023-12-21,S001,P0016,Clothing,West,138,176.03,121.29
2023-12-22,S001,P0016,Clothing,South,87,117.77,123.53
2023-12-23,S001,P0016,Clothing,North,61,66.38,142.5
2023-12-24,S001,P0016,Clothing,West,157,156.65,122.98
2023-12-25,S001,P0016,Clothing,South,202,218.99,127.59
2023-12-26,S001,P0016,Clothing,South,214,204.5,128.86
2023-12-27,S001,P0016,Clothing,West,83,111.28,150.25
2023-12-28,S001,P0016,Clothing,East,191,203.83,122.95
2023-12-29,S001,P0016,Clothing,South,143,152.65,123.86
2023-12-30,S001,P0016,Clothing,East,141,168.97,128.83
2023-12-31,S001,P0016,Clothing,North,116,160.85,125.63
2023-10-01,S001,P0017,Toys,East,109,120.96,91.0
2023-10-02,S001,P0017,Toys,East,55,79.65,88.44
2023-10-03,S001,P0017,Toys,East,140,129.12,113.66
2023-10-04,S001,P0017,Toys,West,51,63.79,89.92
2023-10-05,S001,P0017,Toys,East,69,69.68,89.46
2023-10-06,S001,P0017,Toys,East,140,188.0,89.07
2023-10-07,S001,P0017,Toys,West,66,82.52,90.55
2023-10-08,S001,P0017,Toys,North,70,98.79,90.73
2023-10-09,S001,P0017,Toys,West,148,174.4,91.57
2023-10-10,S001,P0017,Toys,East,47,45.75,88.92
2023-10-11,S001,P0017,Toys,South,74,76.54,90.42
2023-10-12,S001,P0017,Toys,North,110,143.77,90.56
2023-10-13,S001,P0017,Toys,East,118,129.8,89.65
2023-10-14,S001,P0017,Toys,South,92,100.27,90.13
2023-10-15,S001,P0017,Toys,East,86,108.07,90.24
2023-10-16,S001,P0017,Toys,South,136,129.9,89.29
2023-10-17,S001,P0017,Toys,West,79,74.22,89.66
2023-10-18,S001,P0017,Toys,East,71,86.31,107.59
2023-10-19,S001,P0017,Toys,North,105,96.32,108.09
2023-10-20,S001,P0017,Toys,North,138,132.59,90.47
2023-10-21,S001,P0017,Toys,North,120,166.7,89.47
2023-10-22,S001,P0017,Toys,South,53,51.11,89.84
2023-10-23,S001,P0017,Toys,South,70,77.55,88.94
2023-10-24,S001,P0017,Toys,West,89,125.58,89.76
2023-10-25,S001,P0017,Toys,East,105,133.36,89.32
2023-10-26,S001,P0017,Toys,West,102,95.4,89.96
2023-10-27,S001,P0017,Toys,West,72,101.43,89.36
2023-10-28,S001,P0017,Toys,South,106,102.68,89.87
2023-10-29,S001,P0017,Toys,North,68,83.34,107.32
2023-10-30,S001,P0017,Toys,West,99,138.16,107.17
2023-10-31,S001,P0017,Toys,West,83,109.53,104.23
2023-11-01,S001,P0017,Toys,East,122,122.45,92.51
2023-11-02,S001,P0017,Toys,East,53,65.26,90.38
2023-11-03,S001,P0017,Toys,North,119,119.57,86.02
2023-11-04,S001,P0017,Toys,North,66,83.7,88.74
2023-11-05,S001,P0017,Toys,East,96,116.01,88.12
2023-11-06,S001,P0017,Toys,South,57,80.01,90.59
2023-11-07,S001,P0017,Toys,West,55,65.98,90.11
2023-11-08,S001,P0017,Toys,South,80,86.65,89.11
2023-11-09,S001,P0017,Toys,West,173,175.54,109.11
2023-11-10,S001,P0017,Toys,West,105,99.47,87.95
2023-11-11,S001,P0017,Toys,North,86,108.2,87.05
2023-11-12,S001,P0017,Toys,West,116,117.89,87.93
2023-11-13,S001,P0017,Toys,East,135,154.62,90.15
2023-11-14,S001,P0017,Toys,North,13,13.89,92.62
2023-11-15,S001,P0017,Toys,East,107,129.78,112.55
2023-11-16,S001,P0017,Toys,East,77,76.06,90.38
2023-11-17,S001,P0017,Toys,West,68,93.55,90.31
2023-11-18,S001,P0017,Toys,North,111,101.32,88.03
2023-11-19,S001,P0017,Toys,West,68,74.96,89.48
2023-11-20,S001,P0017,Toys,South,122,113.7,88.87
2023-11-21,S001,P0017,Toys,North,66,67.35,88.26
2023-11-22,S001,P0017,Toys,West,55,71.09,88.66
2023-11-23,S001,P0017,Toys,West,134,134.72,89.74
2023-11-24,S001,P0017,Toys,South,72,79.97,87.7
2023-11-25,S001,P0017,Toys,West,92,110.91,88.77
2023-11-26,S001,P0017,Toys,North,34,38.11,89.22
2023-11-27,S001,P0017,Toys,South,148,149.68,92.27
2023-11-28,S001,P0017,Toys,South,113,116.57,89.49
2023-11-29,S001,P0017,Toys,East,56,71.55,88.67
2023-11-30,S001,P0017,Toys,East,101,95.48,88.79
2023-12-01,S001,P0017,Toys,West,94,90.47,92.35
2023-12-02,S001,P0017,Toys,South,105,99.69,89.77
2023-12-03,S001,P0017,Toys,East,109,124.51,90.1
2023-12-04,S001,P0017,Toys,North,88,112.09,89.02
2023-12-05,S001,P0017,Toys,South,46,53.58,90.67
2023-12-06,S001,P0017,Toys,West,63,90.71,90.05
2023-12-07,S001,P0017,Toys,North,110,138.59,108.56
2023-12-08,S001,P0017,Toys,West,125,145.68,105.44
2023-12-09,S001,P0017,Toys,East,144,155.0,87.96
2023-12-10,S001,P0017,Toys,South,157,177.46,87.79
2023-12-11,S001,P0017,Toys,South,145,145.2,102.47
2023-12-12,S001,P0017,Toys,West,58,74.73,87.63
2023-12-13,S001,P0017,Toys,East,82,106.65,87.02
2023-12-14,S001,P0017,Toys,West,105,107.37,88.33
2023-12-15,S001,P0017,Toys,South,59,84.3,88.63
2023-12-16,S001,P0017,Toys,East,93,128.49,95.77
2023-12-17,S001,P0017,Toys,East,124,125.44,90.28
2023-12-18,S001,P0017,Toys,East,92,98.91,87.98
2023-12-19,S001,P0017,Toys,West,93,124.42,91.22
2023-12-20,S001,P0017,Toys,North,102,119.15,90.38
2023-12-21,S001,P0017,Toys,North,201,224.86,110.18
2023-12-22,S001,P0017,Toys,North,113,113.51,90.95
2023-12-23,S001,P0017,Toys,South,80,94.01,86.39
2023-12-24,S001,P0017,Toys,East,115,140.37,87.99
2023-12-25,S001,P0017,Toys,South,144,138.93,85.04
2023-12-26,S001,P0017,Toys,South,73,84.71,96.48
2023-12-27,S001,P0017,Toys,North,79,97.63,82.5
2023-12-28,S001,P0017,Toys,North,58,75.88,90.91
2023-12-29,S001,P0017,Toys,South,126,116.05,86.88
2023-12-30,S001,P0017,Toys,North,192,211.16,86.47
2023-12-31,S001,P0017,Toys,West,121,135.88,88.07
2023-10-01,S001,P0031,Electronics,South,60,83.8,85.4
2023-10-02,S001,P0031,Electronics,West,90,121.51,91.64
2023-10-03,S001,P0031,Electronics,West,101,124.91,89.68
2023-10-04,S001,P0031,Electronics,East,107,117.46,101.87
2023-10-05,S001,P0031,Electronics,East,58,71.58,73.98
2023-10-06,S001,P0031,Electronics,North,153,139.78,88.77
2023-10-07,S001,P0031,Electronics,East,110,102.21,89.79
2023-10-08,S001,P0031,Electronics,East,106,120.37,70.99
2023-10-09,S001,P0031,Electronics,West,85,120.73,87.63
2023-10-10,S001,P0031,Electronics,South,50,52.07,91.35
2023-10-11,S001,P0031,Electronics,East,52,50.48,90.18
2023-10-12,S001,P0031,Electronics,North,148,152.16,89.23
2023-10-13,S001,P0031,Electronics,South,68,90.46,88.05
2023-10-14,S001,P0031,Electronics,South,155,174.49,108.01
2023-10-15,S001,P0031,Electronics,West,80,84.83,90.32
2023-10-16,S001,P0031,Electronics,West,115,116.6,89.44
2023-10-17,S001,P0031,Electronics,West,23,27.18,90.99
2023-10-18,S001,P0031,Electronics,East,54,60.52,70.23
2023-10-19,S001,P0031,Electronics,West,30,33.69,89.51
2023-10-20,S001,P0031,Electronics,South,79,109.42,89.02
2023-10-21,S001,P0031,Electronics,North,132,131.79,72.32
2023-10-22,S001,P0031,Electronics,North,81,76.56,88.45
2023-10-23,S001,P0031,Electronics,West,63,84.59,111.09
2023-10-24,S001,P0031,Electronics,South,60,82.01,88.78
2023-10-25,S001,P0031,Electronics,South,67,76.7,88.29
2023-10-26,S001,P0031,Electronics,West,112,128.89,89.37
2023-10-27,S001,P0031,Electronics,South,76,99.63,103.97
2023-10-28,S001,P0031,Electronics,North,86,84.69,89.91
2023-10-29,S001,P0031,Electronics,West,44,45.36,89.48
2023-10-30,S001,P0031,Electronics,West,118,116.06,89.3
2023-10-31,S001,P0031,Electronics,West,84,78.96,70.01
2023-11-01,S001,P0031,Electronics,West,48,68.81,89.5
2023-11-02,S001,P0031,Electronics,West,49,61.18,70.97
2023-11-03,S001,P0031,Electronics,North,102,137.79,108.28
2023-11-04,S001,P0031,Electronics,North,135,142.54,90.0
2023-11-05,S001,P0031,Electronics,East,80,73.96,86.02
2023-11-06,S001,P0031,Electronics,East,50,54.84,91.0
2023-11-07,S001,P0031,Electronics,South,62,87.99,88.74
2023-11-08,S001,P0031,Electronics,West,91,118.6,90.14
2023-11-09,S001,P0031,Electronics,South,77,97.86,89.74
2023-11-10,S001,P0031,Electronics,North,84,100.77,89.79
2023-11-11,S001,P0031,Electronics,North,73,71.82,89.38
2023-11-12,S001,P0031,Electronics,North,69,75.7,89.54
2023-11-13,S001,P0031,Electronics,South,55,57.75,90.44
2023-11-14,S001,P0031,Electronics,North,125,140.34,89.97
2023-11-15,S001,P0031,Electronics,West,69,68.81,89.59
2023-11-16,S001,P0031,Electronics,East,99,102.41,89.55
2023-11-17,S001,P0031,Electronics,West,96,114.12,89.44
2023-11-18,S001,P0031,Electronics,North,108,109.97,90.05
2023-11-19,S001,P0031,Electronics,East,57,71.65,87.57
2023-11-20,S001,P0031,Electronics,North,83,99.15,89.14
2023-11-21,S001,P0031,Electronics,South,69,78.32,111.37
2023-11-22,S001,P0031,Electronics,East,65,67.5,72.75
2023-11-23,S001,P0031,Electronics,West,161,166.38,88.6
2023-11-24,S001,P0031,Electronics,West,81,100.4,89.43
2023-11-25,S001,P0031,Electronics,South,129,127.32,90.44
2023-11-26,S001,P0031,Electronics,West,98,96.59,89.54
2023-11-27,S001,P0031,Electronics,East,96,117.69,55.09
2023-11-28,S001,P0031,Electronics,East,139,128.21,102.01
2023-11-29,S001,P0031,Electronics,North,95,113.37,89.56
2023-11-30,S001,P0031,Electronics,West,131,121.8,88.09
2023-12-01,S001,P0031,Electronics,West,159,189.13,106.32
2023-12-02,S001,P0031,Electronics,South,103,109.75,78.15
2023-12-03,S001,P0031,Electronics,North,48,64.86,67.51
2023-12-04,S001,P0031,Electronics,South,71,78.77,90.16
2023-12-05,S001,P0031,Electronics,North,97,101.45,91.5
2023-12-06,S001,P0031,Electronics,East,91,112.67,90.1
2023-12-07,S001,P0031,Electronics,West,85,120.51,87.75
2023-12-08,S001,P0031,Electronics,East,73,101.4,108.36
2023-12-09,S001,P0031,Electronics,East,117,135.7,89.6
2023-12-10,S001,P0031,Electronics,North,88,110.0,89.2
2023-12-11,S001,P0031,Electronics,North,85,99.05,89.73
2023-12-12,S001,P0031,Electronics,North,63,75.73,89.28
2023-12-13,S001,P0031,Electronics,West,99,99.96,89.58
2023-12-14,S001,P0031,Electronics,South,46,64.76,73.74
2023-12-15,S001,P0031,Electronics,East,104,117.34,89.48
2023-12-16,S001,P0031,Electronics,East,100,141.11,89.4
2023-12-17,S001,P0031,Electronics,West,78,76.46,87.5
2023-12-18,S001,P0031,Electronics,South,92,126.09,87.94
2023-12-19,S001,P0031,Electronics,North,138,165.47,89.1
2023-12-20,S001,P0031,Electronics,North,103,114.99,89.43
2023-12-21,S001,P0031,Electronics,North,81,85.25,89.48
2023-12-22,S001,P0031,Electronics,West,84,110.5,88.24
2023-12-23,S001,P0031,Electronics,West,41,43.38,70.8
2023-12-24,S001,P0031,Electronics,East,110,127.68,91.53
2023-12-25,S001,P0031,Electronics,North,78,77.39,91.29
2023-12-26,S001,P0031,Electronics,West,104,101.72,90.62
2023-12-27,S001,P0031,Electronics,West,79,79.08,89.58
2023-12-28,S001,P0031,Electronics,South,122,131.84,89.22
2023-12-29,S001,P0031,Electronics,East,22,30.43,91.51
2023-12-30,S001,P0031,Electronics,North,69,85.51,91.2
2023-12-31,S001,P0031,Electronics,East,82,106.62,91.31
2023-10-01,S001,P0046,Clothing,South,114,134.2,90.31
2023-10-02,S001,P0046,Clothing,South,95,127.11,90.31
2023-10-03,S001,P0046,Clothing,East,149,137.56,90.67
2023-10-04,S001,P0046,Clothing,East,92,122.29,90.38
2023-10-05,S001,P0046,Clothing,South,108,114.31,90.86
2023-10-06,S001,P0046,Clothing,South,60,75.64,90.4
2023-10-07,S001,P0046,Clothing,South,81,82.39,89.41
2023-10-08,S001,P0046,Clothing,East,97,107.33,90.0
2023-10-09,S001,P0046,Clothing,South,71,90.21,90.26
2023-10-10,S001,P0046,Clothing,North,98,111.93,90.88
2023-10-11,S001,P0046,Clothing,North,75,96.26,90.96
2023-10-12,S001,P0046,Clothing,South,72,99.87,90.47
2023-10-13,S001,P0046,Clothing,West,123,142.68,90.37
2023-10-14,S001,P0046,Clothing,North,88,105.06,90.91
2023-10-15,S001,P0046,Clothing,North,115,134.44,90.99
2023-10-16,S001,P0046,Clothing,East,133,159.27,111.05
2023-10-17,S001,P0046,Clothing,South,72,74.86,91.54
2023-10-18,S001,P0046,Clothing,South,76,98.78,89.87
2023-10-19,S001,P0046,Clothing,West,84,116.09,90.62
2023-10-20,S001,P0046,Clothing,East,101,129.62,90.52
2023-10-21,S001,P0046,Clothing,North,107,113.53,90.88
2023-10-22,S001,P0046,Clothing,West,73,77.34,90.9
2023-10-23,S001,P0046,Clothing,East,95,121.49,90.48
2023-10-24,S001,P0046,Clothing,South,37,45.55,91.06
2023-10-25,S001,P0046,Clothing,West,113,104.08,91.56
2023-10-26,S001,P0046,Clothing,North,82,88.61,90.84
2023-10-27,S001,P0046,Clothing,South,116,111.48,90.82
2023-10-28,S001,P0046,Clothing,South,85,100.82,90.75
2023-10-29,S001,P0046,Clothing,South,89,111.71,90.14
2023-10-30,S001,P0046,Clothing,South,132,161.03,92.12
2023-10-31,S001,P0046,Clothing,South,65,83.0,91.23
2023-11-01,S001,P0046,Clothing,East,59,76.89,119.23
2023-11-02,S001,P0046,Clothing,North,162,164.18,119.12
2023-11-03,S001,P0046,Clothing,North,113,155.81,128.01
2023-11-04,S001,P0046,Clothing,North,217,255.2,119.86
2023-11-05,S001,P0046,Clothing,South,49,55.9,125.08
2023-11-06,S001,P0046,Clothing,East,90,112.11,129.3
2023-11-07,S001,P0046,Clothing,East,180,199.66,133.04
2023-11-08,S001,P0046,Clothing,North,173,161.67,127.22
2023-11-09,S001,P0046,Clothing,West,120,141.21,126.74
2023-11-10,S001,P0046,Clothing,South,193,176.26,126.47
2023-11-11,S001,P0046,Clothing,South,60,67.45,130.26
2023-11-12,S001,P0046,Clothing,North,50,63.13,129.69
2023-11-13,S001,P0046,Clothing,South,105,117.76,132.1
2023-11-14,S001,P0046,Clothing,North,69,81.19,125.65
2023-11-15,S001,P0046,Clothing,South,97,133.23,121.83
2023-11-16,S001,P0046,Clothing,West,142,166.43,134.63
2023-11-17,S001,P0046,Clothing,South,304,321.16,132.42
2023-11-18,S001,P0046,Clothing,East,137,159.22,125.45
2023-11-19,S001,P0046,Clothing,West,94,115.2,124.33
2023-11-20,S001,P0046,Clothing,West,152,215.2,124.6
2023-11-21,S001,P0046,Clothing,East,167,177.64,127.11
2023-11-22,S001,P0046,Clothing,North,210,205.27,121.03
2023-11-23,S001,P0046,Clothing,North,86,104.29,119.41
2023-11-24,S001,P0046,Clothing,East,140,133.02,163.63
2023-11-25,S001,P0046,Clothing,East,196,181.66,127.49
2023-11-26,S001,P0046,Clothing,East,112,144.02,124.34
2023-11-27,S001,P0046,Clothing,East,103,145.98,125.45
2023-11-28,S001,P0046,Clothing,West,96,129.59,125.06
2023-11-29,S001,P0046,Clothing,East,82,91.07,126.92
2023-11-30,S001,P0046,Clothing,East,68,65.45,129.86
2023-12-01,S001,P0046,Clothing,West,211,264.4,137.07
2023-12-02,S001,P0046,Clothing,South,76,89.91,125.82
2023-12-03,S001,P0046,Clothing,North,46,57.26,121.83
2023-12-04,S001,P0046,Clothing,South,98,132.06,126.69
2023-12-05,S001,P0046,Clothing,West,137,164.33,113.48
2023-12-06,S001,P0046,Clothing,North,53,67.2,126.28
2023-12-07,S001,P0046,Clothing,East,182,167.2,117.41
2023-12-08,S001,P0046,Clothing,North,100,142.86,130.41
2023-12-09,S001,P0046,Clothing,East,120,127.39,117.18
2023-12-10,S001,P0046,Clothing,South,175,236.8,123.93
2023-12-11,S001,P0046,Clothing,East,131,157.22,125.85
2023-12-12,S001,P0046,Clothing,North,51,48.42,124.4
2023-12-13,S001,P0046,Clothing,North,121,135.44,140.62
2023-12-14,S001,P0046,Clothing,West,166,170.17,125.83
2023-12-15,S001,P0046,Clothing,West,99,123.3,126.03
2023-12-16,S001,P0046,Clothing,East,121,151.84,125.74
2023-12-17,S001,P0046,Clothing,West,109,144.36,126.09
2023-12-18,S001,P0046,Clothing,North,137,143.32,124.29
2023-12-19,S001,P0046,Clothing,South,155,169.81,128.88
2023-12-20,S001,P0046,Clothing,North,115,151.31,126.81
2023-12-21,S001,P0046,Clothing,West,142,137.8,128.84
2023-12-22,S001,P0046,Clothing,North,152,139.47,125.62
2023-12-23,S001,P0046,Clothing,West,127,147.11,124.94
2023-12-24,S001,P0046,Clothing,West,141,144.58,124.59
2023-12-25,S001,P0046,Clothing,West,192,187.72,126.42
2023-12-26,S001,P0046,Clothing,West,131,153.24,126.67
2023-12-27,S001,P0046,Clothing,South,75,81.03,123.72
2023-12-28,S001,P0046,Clothing,West,149,138.1,122.06
2023-12-29,S001,P0046,Clothing,North,162,156.58,120.21
2023-12-30,S001,P0046,Clothing,North,19,18.37,140.9
2023-12-31,S001,P0046,Clothing,East,124,154.37,122.62
2023-10-01,S001,P0057,Clothing,West,61,66.08,111.82
2023-10-02,S001,P0057,Clothing,South,82,115.77,110.26
2023-10-03,S001,P0057,Clothing,East,34,46.6,89.77
2023-10-04,S001,P0057,Clothing,East,136,126.37,89.57
2023-10-05,S001,P0057,Clothing,North,112,123.73,89.57
2023-10-06,S001,P0057,Clothing,West,91,85.41,89.57
2023-10-07,S001,P0057,Clothing,East,77,109.84,108.47
2023-10-08,S001,P0057,Clothing,South,89,82.06,89.88
2023-10-09,S001,P0057,Clothing,North,91,91.72,90.53
2023-10-10,S001,P0057,Clothing,East,105,114.41,88.13
2023-10-11,S001,P0057,Clothing,East,79,82.64,89.39
2023-10-12,S001,P0057,Clothing,South,118,135.66,89.45
2023-10-13,S001,P0057,Clothing,West,107,134.73,89.8
2023-10-14,S001,P0057,Clothing,West,150,148.79,89.87
2023-10-15,S001,P0057,Clothing,West,127,164.74,89.84
2023-10-16,S001,P0057,Clothing,North,106,101.97,92.69
2023-10-17,S001,P0057,Clothing,East,149,138.77,90.98
2023-10-18,S001,P0057,Clothing,North,104,101.96,87.56
2023-10-19,S001,P0057,Clothing,South,52,72.64,82.73
2023-10-20,S001,P0057,Clothing,East,85,87.14,89.82
2023-10-21,S001,P0057,Clothing,West,102,127.87,88.92
2023-10-22,S001,P0057,Clothing,South,80,112.15,88.9
2023-10-23,S001,P0057,Clothing,South,78,104.18,89.57
2023-10-24,S001,P0057,Clothing,South,101,121.46,90.11
2023-10-25,S001,P0057,Clothing,North,66,61.59,90.34
2023-10-26,S001,P0057,Clothing,North,112,117.71,106.1
2023-10-27,S001,P0057,Clothing,West,131,159.73,90.1
2023-10-28,S001,P0057,Clothing,East,88,113.33,90.01
2023-10-29,S001,P0057,Clothing,North,130,154.52,90.57
2023-10-30,S001,P0057,Clothing,North,66,61.86,90.68
2023-10-31,S001,P0057,Clothing,West,204,206.0,111.05
2023-11-01,S001,P0057,Clothing,South,153,145.47,127.65
2023-11-02,S001,P0057,Clothing,East,93,95.86,126.62
2023-11-03,S001,P0057,Clothing,North,252,232.86,151.91
2023-11-04,S001,P0057,Clothing,West,185,189.5,124.57
2023-11-05,S001,P0057,Clothing,West,172,179.46,126.99
2023-11-06,S001,P0057,Clothing,West,109,130.56,124.35
2023-11-07,S001,P0057,Clothing,South,104,133.36,123.96
2023-11-08,S001,P0057,Clothing,East,102,112.95,123.19
2023-11-09,S001,P0057,Clothing,East,115,158.49,153.36
2023-11-10,S001,P0057,Clothing,West,64,86.67,122.45
2023-11-11,S001,P0057,Clothing,North,216,209.13,126.7
2023-11-12,S001,P0057,Clothing,North,152,200.19,127.81
2023-11-13,S001,P0057,Clothing,North,61,83.87,127.44
2023-11-14,S001,P0057,Clothing,East,202,203.88,122.47
2023-11-15,S001,P0057,Clothing,East,113,114.51,147.4
2023-11-16,S001,P0057,Clothing,West,72,101.23,157.17
2023-11-17,S001,P0057,Clothing,South,141,146.9,124.11
2023-11-18,S001,P0057,Clothing,East,68,83.78,125.53
2023-11-19,S001,P0057,Clothing,South,199,238.04,159.21
2023-11-20,S001,P0057,Clothing,West,201,206.34,154.95
2023-11-21,S001,P0057,Clothing,East,215,218.59,114.7
2023-11-22,S001,P0057,Clothing,East,153,190.32,117.56
2023-11-23,S001,P0057,Clothing,North,94,91.14,122.05
2023-11-24,S001,P0057,Clothing,North,111,137.07,127.37
2023-11-25,S001,P0057,Clothing,West,173,182.06,125.3
2023-11-26,S001,P0057,Clothing,East,163,167.75,126.0
2023-11-27,S001,P0057,Clothing,North,109,117.78,121.2
2023-11-28,S001,P0057,Clothing,South,222,204.11,155.97
2023-11-29,S001,P0057,Clothing,West,171,180.17,122.37
2023-11-30,S001,P0057,Clothing,North,117,160.58,129.16
2023-12-01,S001,P0057,Clothing,North,64,60.39,128.56
2023-12-02,S001,P0057,Clothing,East,155,189.68,138.32
2023-12-03,S001,P0057,Clothing,East,161,157.39,126.44
2023-12-04,S001,P0057,Clothing,South,135,134.06,124.45
2023-12-05,S001,P0057,Clothing,South,98,114.6,124.15
2023-12-06,S001,P0057,Clothing,West,153,155.86,125.98
2023-12-07,S001,P0057,Clothing,North,62,86.7,125.72
2023-12-08,S001,P0057,Clothing,East,153,153.4,132.48
2023-12-09,S001,P0057,Clothing,South,273,269.61,126.42
2023-12-10,S001,P0057,Clothing,North,171,171.91,124.91
2023-12-11,S001,P0057,Clothing,West,156,184.11,123.32
2023-12-12,S001,P0057,Clothing,West,157,217.46,122.92
2023-12-13,S001,P0057,Clothing,East,198,200.57,127.88
2023-12-14,S001,P0057,Clothing,West,40,53.47,125.96
2023-12-15,S001,P0057,Clothing,South,67,76.2,123.54
2023-12-16,S001,P0057,Clothing,North,126,120.74,125.43
2023-12-17,S001,P0057,Clothing,South,277,266.42,144.71
2023-12-18,S001,P0057,Clothing,East,104,140.02,123.67
2023-12-19,S001,P0057,Clothing,East,101,138.81,125.14
2023-12-20,S001,P0057,Clothing,West,100,138.7,123.5
2023-12-21,S001,P0057,Clothing,East,161,195.87,145.2
2023-12-22,S001,P0057,Clothing,West,127,168.59,125.26
2023-12-23,S001,P0057,Clothing,North,195,269.63,126.98
2023-12-24,S001,P0057,Clothing,West,132,122.08,123.6
2023-12-25,S001,P0057,Clothing,East,120,136.16,128.92
2023-12-26,S001,P0057,Clothing,North,129,150.09,123.74
2023-12-27,S001,P0057,Clothing,South,81,115.43,124.81
2023-12-28,S001,P0057,Clothing,West,80,85.93,126.95
2023-12-29,S001,P0057,Clothing,South,129,131.21,123.86
2023-12-30,S001,P0057,Clothing,East,121,159.35,127.5
2023-12-31,S001,P0057,Clothing,North,78,85.34,123.44
2023-10-01,S001,P0061,Clothing,South,151,187.22,89.63
2023-10-02,S001,P0061,Clothing,North,207,207.78,107.47
2023-10-03,S001,P0061,Clothing,East,131,140.19,95.05
2023-10-04,S001,P0061,Clothing,West,74,87.97,89.27
2023-10-05,S001,P0061,Clothing,East,151,167.96,89.1
2023-10-06,S001,P0061,Clothing,North,92,109.86,85.94
2023-10-07,S001,P0061,Clothing,North,117,144.81,77.92
2023-10-08,S001,P0061,Clothing,South,63,82.82,78.33
2023-10-09,S001,P0061,Clothing,North,132,151.19,83.07
2023-10-10,S001,P0061,Clothing,East,73,69.57,91.39
2023-10-11,S001,P0061,Clothing,West,155,156.59,90.09
2023-10-12,S001,P0061,Clothing,East,105,117.41,86.66
2023-10-13,S001,P0061,Clothing,North,51,49.87,88.94
2023-10-14,S001,P0061,Clothing,North,87,117.78,90.45
2023-10-15,S001,P0061,Clothing,North,73,88.66,90.72
2023-10-16,S001,P0061,Clothing,East,126,145.2,112.21
2023-10-17,S001,P0061,Clothing,East,109,132.65,107.59
2023-10-18,S001,P0061,Clothing,North,101,139.98,90.19
2023-10-19,S001,P0061,Clothing,North,94,101.18,90.34
2023-10-20,S001,P0061,Clothing,North,101,127.21,90.01
2023-10-21,S001,P0061,Clothing,West,104,142.66,90.4
2023-10-22,S001,P0061,Clothing,West,93,105.06,106.77
2023-10-23,S001,P0061,Clothing,North,118,139.23,90.27
2023-10-24,S001,P0061,Clothing,South,63,68.21,91.65
2023-10-25,S001,P0061,Clothing,South,129,126.26,90.26
2023-10-26,S001,P0061,Clothing,East,80,93.27,90.94
2023-10-27,S001,P0061,Clothing,East,111,112.84,89.87
2023-10-28,S001,P0061,Clothing,South,51,52.73,89.58
2023-10-29,S001,P0061,Clothing,South,79,87.19,90.01
2023-10-30,S001,P0061,Clothing,West,95,111.27,108.73
2023-10-31,S001,P0061,Clothing,West,81,88.86,90.39
2023-11-01,S001,P0061,Clothing,South,88,95.99,131.86
2023-11-02,S001,P0061,Clothing,East,219,208.04,116.33
2023-11-03,S001,P0061,Clothing,North,206,202.44,125.62
2023-11-04,S001,P0061,Clothing,North,107,129.98,121.03
2023-11-05,S001,P0061,Clothing,East,183,170.05,124.49
2023-11-06,S001,P0061,Clothing,South,125,122.41,128.51
2023-11-07,S001,P0061,Clothing,North,224,243.38,162.74
2023-11-08,S001,P0061,Clothing,North,102,97.69,124.06
2023-11-09,S001,P0061,Clothing,East,132,178.07,127.94
2023-11-10,S001,P0061,Clothing,North,171,179.78,124.7
2023-11-11,S001,P0061,Clothing,East,112,140.51,129.45
2023-11-12,S001,P0061,Clothing,West,139,152.77,120.22
2023-11-13,S001,P0061,Clothing,North,179,167.84,129.38
2023-11-14,S001,P0061,Clothing,East,37,34.33,116.06
2023-11-15,S001,P0061,Clothing,North,116,160.4,124.19
2023-11-16,S001,P0061,Clothing,East,89,90.32,129.03
2023-11-17,S001,P0061,Clothing,South,117,136.75,125.79
2023-11-18,S001,P0061,Clothing,South,120,128.52,129.14
2023-11-19,S001,P0061,Clothing,East,80,78.34,131.09
2023-11-20,S001,P0061,Clothing,West,141,151.82,130.59
2023-11-21,S001,P0061,Clothing,West,135,137.37,122.25
2023-11-22,S001,P0061,Clothing,South,84,113.37,125.88
2023-11-23,S001,P0061,Clothing,South,114,153.28,125.47
2023-11-24,S001,P0061,Clothing,North,104,110.86,124.61
2023-11-25,S001,P0061,Clothing,East,111,156.59,125.14
2023-11-26,S001,P0061,Clothing,North,68,79.98,125.69
2023-11-27,S001,P0061,Clothing,South,255,240.42,120.82
2023-11-28,S001,P0061,Clothing,North,124,128.5,129.78
2023-11-29,S001,P0061,Clothing,South,153,143.67,148.35
2023-11-30,S001,P0061,Clothing,North,221,207.06,125.07
2023-12-01,S001,P0061,Clothing,East,117,153.08,122.51
2023-12-02,S001,P0061,Clothing,South,164,175.44,123.87
2023-12-03,S001,P0061,Clothing,North,205,215.01,129.48
2023-12-04,S001,P0061,Clothing,East,170,219.97,133.27
2023-12-05,S001,P0061,Clothing,South,133,186.31,123.75
2023-12-06,S001,P0061,Clothing,South,100,102.11,130.1
2023-12-07,S001,P0061,Clothing,North,145,138.57,124.89
2023-12-08,S001,P0061,Clothing,East,123,129.66,125.23
2023-12-09,S001,P0061,Clothing,South,71,101.9,125.89
2023-12-10,S001,P0061,Clothing,East,172,169.14,123.3
2023-12-11,S001,P0061,Clothing,East,168,211.68,127.13
2023-12-12,S001,P0061,Clothing,South,162,148.46,126.43
2023-12-13,S001,P0061,Clothing,North,171,194.49,126.42
2023-12-14,S001,P0061,Clothing,East,88,118.19,124.88
2023-12-15,S001,P0061,Clothing,West,94,111.34,128.01
2023-12-16,S001,P0061,Clothing,South,111,137.96,126.3
2023-12-17,S001,P0061,Clothing,South,182,175.23,142.4
2023-12-18,S001,P0061,Clothing,West,126,163.62,125.13
2023-12-19,S001,P0061,Clothing,West,109,127.25,124.64
2023-12-20,S001,P0061,Clothing,West,155,155.12,127.91
2023-12-21,S001,P0061,Clothing,East,101,123.43,127.97
2023-12-22,S001,P0061,Clothing,North,146,171.46,127.78
2023-12-23,S001,P0061,Clothing,South,185,187.18,127.09
2023-12-24,S001,P0061,Clothing,West,137,129.48,118.65
2023-12-25,S001,P0061,Clothing,South,185,170.28,124.35
2023-12-26,S001,P0061,Clothing,South,71,85.39,127.42
2023-12-27,S001,P0061,Clothing,South,93,90.78,127.15
2023-12-28,S001,P0061,Clothing,North,64,88.16,125.11
2023-12-29,S001,P0061,Clothing,South,155,167.2,147.61
2023-12-30,S001,P0061,Clothing,East,134,154.27,123.69
2023-12-31,S001,P0061,Clothing,South,181,183.82,155.06
2023-10-01,S001,P0066,Clothing,South,74,104.46,90.37
2023-10-02,S001,P0066,Clothing,North,110,131.52,113.9
2023-10-03,S001,P0066,Clothing,East,162,156.57,90.42
2023-10-04,S001,P0066,Clothing,North,134,151.08,89.93
2023-10-05,S001,P0066,Clothing,East,66,66.76,91.16
2023-10-06,S001,P0066,Clothing,North,86,116.19,90.02
2023-10-07,S001,P0066,Clothing,West,48,63.72,89.67
2023-10-08,S001,P0066,Clothing,East,85,103.87,89.63
2023-10-09,S001,P0066,Clothing,East,59,79.49,112.34
2023-10-10,S001,P0066,Clothing,West,125,140.95,89.64
2023-10-11,S001,P0066,Clothing,West,138,128.57,108.48
2023-10-12,S001,P0066,Clothing,South,141,145.2,89.5
2023-10-13,S001,P0066,Clothing,South,100,117.7,89.42
2023-10-14,S001,P0066,Clothing,West,80,79.68,89.51
2023-10-15,S001,P0066,Clothing,West,117,136.35,105.27
2023-10-16,S001,P0066,Clothing,South,127,125.14,108.5
2023-10-17,S001,P0066,Clothing,South,131,133.54,95.48
2023-10-18,S001,P0066,Clothing,North,76,106.84,89.35
2023-10-19,S001,P0066,Clothing,West,100,100.4,86.17
2023-10-20,S001,P0066,Clothing,East,88,81.97,89.96
2023-10-21,S001,P0066,Clothing,North,126,151.42,89.89
2023-10-22,S001,P0066,Clothing,North,71,87.21,90.03
2023-10-23,S001,P0066,Clothing,North,152,161.51,109.0
2023-10-24,S001,P0066,Clothing,North,39,48.61,89.72
2023-10-25,S001,P0066,Clothing,West,114,127.34,89.69
2023-10-26,S001,P0066,Clothing,East,100,95.56,89.95
2023-10-27,S001,P0066,Clothing,West,68,73.88,90.99
2023-10-28,S001,P0066,Clothing,North,140,146.44,109.35
2023-10-29,S001,P0066,Clothing,East,74,92.9,89.76
2023-10-30,S001,P0066,Clothing,North,56,60.0,90.73
2023-10-31,S001,P0066,Clothing,East,39,55.3,113.53
2023-11-01,S001,P0066,Clothing,South,150,154.34,143.24
2023-11-02,S001,P0066,Clothing,North,76,74.95,174.98
2023-11-03,S001,P0066,Clothing,North,191,182.13,124.9
2023-11-04,S001,P0066,Clothing,East,149,176.65,125.03
2023-11-05,S001,P0066,Clothing,East,110,144.27,127.09
2023-11-06,S001,P0066,Clothing,North,115,132.4,123.58
2023-11-07,S001,P0066,Clothing,North,102,130.33,132.09
2023-11-08,S001,P0066,Clothing,West,113,130.03,125.79
2023-11-09,S001,P0066,Clothing,North,91,95.77,126.61
2023-11-10,S001,P0066,Clothing,East,96,102.08,150.61
2023-11-11,S001,P0066,Clothing,West,179,164.17,123.8
2023-11-12,S001,P0066,Clothing,North,132,146.4,122.72
2023-11-13,S001,P0066,Clothing,East,132,162.89,131.0
2023-11-14,S001,P0066,Clothing,North,123,125.86,127.5
2023-11-15,S001,P0066,Clothing,South,225,208.26,125.8
2023-11-16,S001,P0066,Clothing,West,179,199.98,124.46
2023-11-17,S001,P0066,Clothing,South,124,147.71,125.42
2023-11-18,S001,P0066,Clothing,West,104,139.74,124.96
2023-11-19,S001,P0066,Clothing,South,179,170.35,121.62
2023-11-20,S001,P0066,Clothing,North,164,186.24,127.42
2023-11-21,S001,P0066,Clothing,South,93,123.71,125.86
2023-11-22,S001,P0066,Clothing,North,186,176.45,132.02
2023-11-23,S001,P0066,Clothing,West,199,183.42,154.12
2023-11-24,S001,P0066,Clothing,West,89,114.94,153.08
2023-11-25,S001,P0066,Clothing,East,160,172.23,125.4
2023-11-26,S001,P0066,Clothing,East,114,148.65,126.82
2023-11-27,S001,P0066,Clothing,East,229,213.83,123.16
2023-11-28,S001,P0066,Clothing,West,176,171.15,118.25
2023-11-29,S001,P0066,Clothing,North,137,147.71,126.52
2023-11-30,S001,P0066,Clothing,West,102,108.48,124.63
2023-12-01,S001,P0066,Clothing,East,89,88.28,123.45
2023-12-02,S001,P0066,Clothing,East,65,64.97,125.84
2023-12-03,S001,P0066,Clothing,South,128,140.81,127.28
2023-12-04,S001,P0066,Clothing,East,126,135.53,124.29
2023-12-05,S001,P0066,Clothing,North,55,55.8,136.88
2023-12-06,S001,P0066,Clothing,West,189,182.55,121.4
2023-12-07,S001,P0066,Clothing,North,168,174.36,115.28
2023-12-08,S001,P0066,Clothing,West,184,168.26,150.17
2023-12-09,S001,P0066,Clothing,South,174,172.32,125.97
2023-12-10,S001,P0066,Clothing,West,154,169.43,123.35
2023-12-11,S001,P0066,Clothing,East,120,125.21,126.69
2023-12-12,S001,P0066,Clothing,West,100,115.6,121.55
2023-12-13,S001,P0066,Clothing,South,163,178.88,125.85
2023-12-14,S001,P0066,Clothing,West,162,156.68,123.42
2023-12-15,S001,P0066,Clothing,South,65,64.63,125.8
2023-12-16,S001,P0066,Clothing,West,148,163.35,124.85
2023-12-17,S001,P0066,Clothing,West,82,84.78,128.17
2023-12-18,S001,P0066,Clothing,South,135,132.63,125.03
2023-12-19,S001,P0066,Clothing,East,263,289.38,140.52
2023-12-20,S001,P0066,Clothing,North,117,146.13,141.52
2023-12-21,S001,P0066,Clothing,South,106,124.39,125.14
2023-12-22,S001,P0066,Clothing,North,133,154.19,124.2
2023-12-23,S001,P0066,Clothing,North,108,110.66,127.87
2023-12-24,S001,P0066,Clothing,North,97,108.31,126.15
2023-12-25,S001,P0066,Clothing,West,49,49.44,127.63
2023-12-26,S001,P0066,Clothing,North,79,72.84,120.94
2023-12-27,S001,P0066,Clothing,West,220,229.04,122.15
2023-12-28,S001,P0066,Clothing,East,176,163.3,124.18
2023-12-29,S001,P0066,Clothing,East,4,5.34,152.17
2023-12-30,S001,P0066,Clothing,West,92,102.94,118.64
2023-12-31,S001,P0066,Clothing,East,190,196.6,122.77
2023-10-01,S001,P0067,Furniture,East,73,68.2,90.93
2023-10-02,S001,P0067,Furniture,North,8,7.75,91.02
2023-10-03,S001,P0067,Furniture,West,107,109.63,90.72
2023-10-04,S001,P0067,Furniture,South,90,112.07,90.16
2023-10-05,S001,P0067,Furniture,South,76,81.42,89.55
2023-10-06,S001,P0067,Furniture,North,101,134.5,90.35
2023-10-07,S001,P0067,Furniture,West,107,147.19,89.77
2023-10-08,S001,P0067,Furniture,East,59,73.86,90.4
2023-10-09,S001,P0067,Furniture,West,158,161.35,90.96
2023-10-10,S001,P0067,Furniture,South,108,121.63,90.02
2023-10-11,S001,P0067,Furniture,North,90,92.96,90.41
2023-10-12,S001,P0067,Furniture,East,90,116.61,108.88
2023-10-13,S001,P0067,Furniture,West,17,16.43,89.69
2023-10-14,S001,P0067,Furniture,South,101,106.1,90.83
2023-10-15,S001,P0067,Furniture,South,57,82.27,91.23
2023-10-16,S001,P0067,Furniture,West,113,108.63,89.96
2023-10-17,S001,P0067,Furniture,East,71,94.63,93.15
2023-10-18,S001,P0067,Furniture,South,104,105.92,89.52
2023-10-19,S001,P0067,Furniture,North,109,104.07,90.61
2023-10-20,S001,P0067,Furniture,East,113,104.32,90.28
2023-10-21,S001,P0067,Furniture,North,103,94.34,90.79
2023-10-22,S001,P0067,Furniture,North,87,90.9,90.73
2023-10-23,S001,P0067,Furniture,North,110,112.08,90.02
2023-10-24,S001,P0067,Furniture,East,84,109.42,91.19
2023-10-25,S001,P0067,Furniture,West,90,98.1,91.43
2023-10-26,S001,P0067,Furniture,East,108,153.73,90.39
2023-10-27,S001,P0067,Furniture,East,68,82.66,91.2
2023-10-28,S001,P0067,Furniture,West,161,156.14,108.16
2023-10-29,S001,P0067,Furniture,South,51,70.84,90.07
2023-10-30,S001,P0067,Furniture,North,89,97.46,90.27
2023-10-31,S001,P0067,Furniture,South,62,64.09,107.07
2023-11-01,S001,P0067,Furniture,West,82,105.21,92.82
2023-11-02,S001,P0067,Furniture,South,52,59.52,91.48
2023-11-03,S001,P0067,Furniture,South,62,85.61,90.69
2023-11-04,S001,P0067,Furniture,East,74,89.25,88.22
2023-11-05,S001,P0067,Furniture,North,113,145.26,89.66
2023-11-06,S001,P0067,Furniture,East,48,60.36,88.92
2023-11-07,S001,P0067,Furniture,East,88,112.02,88.77
2023-11-08,S001,P0067,Furniture,East,99,102.92,88.55
2023-11-09,S001,P0067,Furniture,West,145,132.64,88.49
2023-11-10,S001,P0067,Furniture,East,78,83.33,87.58
2023-11-11,S001,P0067,Furniture,South,150,142.93,95.36
2023-11-12,S001,P0067,Furniture,North,119,124.79,87.23
2023-11-13,S001,P0067,Furniture,West,77,78.87,91.58
2023-11-14,S001,P0067,Furniture,East,85,101.46,90.01
2023-11-15,S001,P0067,Furniture,West,107,120.34,92.52
2023-11-16,S001,P0067,Furniture,West,101,103.57,89.7
2023-11-17,S001,P0067,Furniture,North,103,102.11,84.99
2023-11-18,S001,P0067,Furniture,South,84,114.99,107.24
2023-11-19,S001,P0067,Furniture,West,86,106.33,90.1
2023-11-20,S001,P0067,Furniture,North,124,117.51,106.66
2023-11-21,S001,P0067,Furniture,South,150,143.06,90.78
2023-11-22,S001,P0067,Furniture,West,68,92.62,92.46
2023-11-23,S001,P0067,Furniture,East,115,133.79,90.15
2023-11-24,S001,P0067,Furniture,West,37,52.38,87.69
2023-11-25,S001,P0067,Furniture,East,88,112.89,87.57
2023-11-26,S001,P0067,Furniture,East,142,154.38,113.61
2023-11-27,S001,P0067,Furniture,East,82,93.85,90.81
2023-11-28,S001,P0067,Furniture,South,89,114.61,88.62
2023-11-29,S001,P0067,Furniture,East,100,114.67,106.27
2023-11-30,S001,P0067,Furniture,North,76,96.4,91.8
2023-12-01,S001,P0067,Furniture,West,73,72.83,90.37
2023-12-02,S001,P0067,Furniture,East,33,46.08,87.63
2023-12-03,S001,P0067,Furniture,West,74,92.45,88.8
2023-12-04,S001,P0067,Furniture,West,79,101.41,90.68
2023-12-05,S001,P0067,Furniture,North,78,73.14,89.5
2023-12-06,S001,P0067,Furniture,North,84,93.65,102.14
2023-12-07,S001,P0067,Furniture,East,111,140.42,88.61
2023-12-08,S001,P0067,Furniture,East,103,101.16,87.41
2023-12-09,S001,P0067,Furniture,West,84,94.3,89.35
2023-12-10,S001,P0067,Furniture,South,88,94.15,89.26
2023-12-11,S001,P0067,Furniture,West,96,106.41,90.82
2023-12-12,S001,P0067,Furniture,East,83,102.11,91.6
2023-12-13,S001,P0067,Furniture,South,168,154.1,90.96
2023-12-14,S001,P0067,Furniture,West,61,71.06,91.36
2023-12-15,S001,P0067,Furniture,West,140,136.19,87.72
2023-12-16,S001,P0067,Furniture,West,152,162.76,86.92
2023-12-17,S001,P0067,Furniture,West,83,110.67,88.94
2023-12-18,S001,P0067,Furniture,North,142,166.52,88.17
2023-12-19,S001,P0067,Furniture,North,125,119.21,87.63
2023-12-20,S001,P0067,Furniture,North,32,44.57,99.08
2023-12-21,S001,P0067,Furniture,West,154,161.89,90.66
2023-12-22,S001,P0067,Furniture,North,102,108.88,88.3
2023-12-23,S001,P0067,Furniture,South,153,156.12,107.98
2023-12-24,S001,P0067,Furniture,East,81,100.43,87.42
2023-12-25,S001,P0067,Furniture,North,123,115.61,98.23
2023-12-26,S001,P0067,Furniture,North,94,105.46,86.54
2023-12-27,S001,P0067,Furniture,East,70,67.56,92.18
2023-12-28,S001,P0067,Furniture,West,87,122.32,87.03
2023-12-29,S001,P0067,Furniture,South,97,92.29,90.86
2023-12-30,S001,P0067,Furniture,West,131,128.99,88.98
2023-12-31,S001,P0067,Furniture,West,37,48.25,89.91
2023-10-01,S001,P0068,Electronics,South,75,84.05,90.01
2023-10-02,S001,P0068,Electronics,South,126,121.5,91.13
2023-10-03,S001,P0068,Electronics,North,89,105.06,70.38
2023-10-04,S001,P0068,Electronics,West,80,76.31,107.5
2023-10-05,S001,P0068,Electronics,East,50,70.76,72.67
2023-10-06,S001,P0068,Electronics,West,72,80.15,105.39
2023-10-07,S001,P0068,Electronics,South,77,99.62,73.12
2023-10-08,S001,P0068,Electronics,West,83,111.91,84.56
2023-10-09,S001,P0068,Electronics,East,126,147.71,89.78
2023-10-10,S001,P0068,Electronics,East,69,93.6,90.81
2023-10-11,S001,P0068,Electronics,North,99,93.38,90.63
2023-10-12,S001,P0068,Electronics,North,76,84.51,96.49
2023-10-13,S001,P0068,Electronics,North,76,103.81,89.57
2023-10-14,S001,P0068,Electronics,East,107,116.37,91.05
2023-10-15,S001,P0068,Electronics,East,107,116.73,90.28
2023-10-16,S001,P0068,Electronics,North,98,116.05,89.84
2023-10-17,S001,P0068,Electronics,South,91,107.53,105.09
2023-10-18,S001,P0068,Electronics,West,84,96.46,90.0
2023-10-19,S001,P0068,Electronics,West,120,133.65,89.37
2023-10-20,S001,P0068,Electronics,West,59,80.35,70.48
2023-10-21,S001,P0068,Electronics,North,54,58.56,92.88
2023-10-22,S001,P0068,Electronics,West,97,90.31,92.05
2023-10-23,S001,P0068,Electronics,West,57,73.27,90.53
2023-10-24,S001,P0068,Electronics,East,58,57.02,88.78
2023-10-25,S001,P0068,Electronics,South,64,90.59,89.83
2023-10-26,S001,P0068,Electronics,East,87,120.74,88.12
2023-10-27,S001,P0068,Electronics,East,114,120.74,88.63
2023-10-28,S001,P0068,Electronics,West,72,87.4,88.88
2023-10-29,S001,P0068,Electronics,North,106,99.88,89.26
2023-10-30,S001,P0068,Electronics,East,38,45.29,90.15
2023-10-31,S001,P0068,Electronics,East,65,70.55,89.16
2023-11-01,S001,P0068,Electronics,North,112,119.33,85.02
2023-11-02,S001,P0068,Electronics,North,71,65.11,89.49
2023-11-03,S001,P0068,Electronics,West,216,202.95,108.52
2023-11-04,S001,P0068,Electronics,North,74,77.1,73.3
2023-11-05,S001,P0068,Electronics,North,138,132.26,89.78
2023-11-06,S001,P0068,Electronics,North,134,147.34,87.64
2023-11-07,S001,P0068,Electronics,West,43,54.24,90.31
2023-11-08,S001,P0068,Electronics,East,115,134.07,92.3
2023-11-09,S001,P0068,Electronics,North,48,49.68,91.35
2023-11-10,S001,P0068,Electronics,North,72,76.02,89.08
2023-11-11,S001,P0068,Electronics,North,65,73.49,72.56
2023-11-12,S001,P0068,Electronics,North,140,165.04,107.83
2023-11-13,S001,P0068,Electronics,West,105,99.79,88.69
2023-11-14,S001,P0068,Electronics,North,101,112.58,88.47
2023-11-15,S001,P0068,Electronics,North,45,45.74,72.25
2023-11-16,S001,P0068,Electronics,South,112,143.33,89.86
2023-11-17,S001,P0068,Electronics,North,123,149.88,89.5
2023-11-18,S001,P0068,Electronics,East,87,115.53,90.01
2023-11-19,S001,P0068,Electronics,South,127,145.12,88.55
2023-11-20,S001,P0068,Electronics,West,80,97.91,87.76
2023-11-21,S001,P0068,Electronics,South,92,97.17,72.3
2023-11-22,S001,P0068,Electronics,North,64,78.89,93.48
2023-11-23,S001,P0068,Electronics,West,110,114.29,88.69
2023-11-24,S001,P0068,Electronics,East,80,99.15,71.06
2023-11-25,S001,P0068,Electronics,West,76,72.86,92.01
2023-11-26,S001,P0068,Electronics,West,38,50.53,91.34
2023-11-27,S001,P0068,Electronics,North,62,86.43,90.94
2023-11-28,S001,P0068,Electronics,North,64,68.38,90.25
2023-11-29,S001,P0068,Electronics,North,75,106.25,90.07
2023-11-30,S001,P0068,Electronics,East,88,89.62,90.1
2023-12-01,S001,P0068,Electronics,North,114,152.17,90.25
2023-12-02,S001,P0068,Electronics,East,101,99.57,89.77
2023-12-03,S001,P0068,Electronics,North,67,69.57,71.88
2023-12-04,S001,P0068,Electronics,East,92,96.07,89.23
2023-12-05,S001,P0068,Electronics,South,64,60.03,74.25
2023-12-06,S001,P0068,Electronics,East,70,80.5,73.24
2023-12-07,S001,P0068,Electronics,North,123,112.99,88.66
2023-12-08,S001,P0068,Electronics,East,136,156.57,89.1
2023-12-09,S001,P0068,Electronics,West,67,69.93,88.99
2023-12-10,S001,P0068,Electronics,South,140,128.99,91.0
2023-12-11,S001,P0068,Electronics,North,51,48.94,88.0
2023-12-12,S001,P0068,Electronics,East,144,146.62,108.24
2023-12-13,S001,P0068,Electronics,South,31,41.86,72.4
2023-12-14,S001,P0068,Electronics,South,65,64.96,71.95
2023-12-15,S001,P0068,Electronics,West,49,58.97,89.05
2023-12-16,S001,P0068,Electronics,East,84,91.58,88.61
2023-12-17,S001,P0068,Electronics,North,80,83.42,89.86
2023-12-18,S001,P0068,Electronics,South,71,83.1,88.08
2023-12-19,S001,P0068,Electronics,East,106,126.12,107.18
2023-12-20,S001,P0068,Electronics,West,134,122.94,87.8
2023-12-21,S001,P0068,Electronics,South,67,79.89,73.04
2023-12-22,S001,P0068,Electronics,South,60,81.54,88.69
2023-12-23,S001,P0068,Electronics,South,33,45.32,74.23
2023-12-24,S001,P0068,Electronics,North,86,105.83,90.1
2023-12-25,S001,P0068,Electronics,East,50,51.85,89.05
2023-12-26,S001,P0068,Electronics,East,100,99.07,105.3
2023-12-27,S001,P0068,Electronics,South,79,78.5,89.47
2023-12-28,S001,P0068,Electronics,East,92,115.44,73.5
2023-12-29,S001,P0068,Electronics,South,105,118.43,73.48
2023-12-30,S001,P0068,Electronics,West,76,97.11,83.58
2023-12-31,S001,P0068,Electronics,South,70,80.5,88.8
2023-10-01,S001,P0069,Clothing,South,166,164.7,90.5
2023-10-02,S001,P0069,Clothing,West,102,100.63,108.83
2023-10-03,S001,P0069,Clothing,West,85,79.85,89.52
2023-10-04,S001,P0069,Clothing,South,72,93.9,89.4
2023-10-05,S001,P0069,Clothing,West,85,82.56,90.21
2023-10-06,S001,P0069,Clothing,South,153,145.82,89.15
2023-10-07,S001,P0069,Clothing,East,47,59.5,91.89
2023-10-08,S001,P0069,Clothing,South,102,141.7,89.55
2023-10-09,S001,P0069,Clothing,West,111,118.75,89.27
2023-10-10,S001,P0069,Clothing,East,63,58.65,89.44
2023-10-11,S001,P0069,Clothing,East,74,89.37,89.37
2023-10-12,S001,P0069,Clothing,West,96,92.09,89.69
2023-10-13,S001,P0069,Clothing,North,131,123.03,90.16
2023-10-14,S001,P0069,Clothing,North,127,140.91,90.39
2023-10-15,S001,P0069,Clothing,North,59,73.19,89.96
2023-10-16,S001,P0069,Clothing,East,80,85.56,89.92
2023-10-17,S001,P0069,Clothing,North,167,184.21,90.26
2023-10-18,S001,P0069,Clothing,West,86,97.65,89.05
2023-10-19,S001,P0069,Clothing,South,101,118.9,89.02
2023-10-20,S001,P0069,Clothing,North,31,43.85,90.27
2023-10-21,S001,P0069,Clothing,South,70,90.44,89.57
2023-10-22,S001,P0069,Clothing,East,35,41.58,90.22
2023-10-23,S001,P0069,Clothing,North,112,139.87,90.82
2023-10-24,S001,P0069,Clothing,North,112,120.11,90.87
2023-10-25,S001,P0069,Clothing,West,72,101.13,90.39
2023-10-26,S001,P0069,Clothing,South,84,95.29,90.86
2023-10-27,S001,P0069,Clothing,East,86,100.84,90.22
2023-10-28,S001,P0069,Clothing,South,53,76.49,106.66
2023-10-29,S001,P0069,Clothing,West,73,104.1,90.75
2023-10-30,S001,P0069,Clothing,North,138,128.54,108.24
2023-10-31,S001,P0069,Clothing,West,124,144.25,89.29
2023-11-01,S001,P0069,Clothing,East,168,162.55,122.41
2023-11-02,S001,P0069,Clothing,East,109,108.29,133.57
2023-11-03,S001,P0069,Clothing,West,55,74.47,127.27
2023-11-04,S001,P0069,Clothing,South,124,148.36,122.6
2023-11-05,S001,P0069,Clothing,East,148,176.29,132.76
2023-11-06,S001,P0069,Clothing,South,129,135.67,124.58
2023-11-07,S001,P0069,Clothing,North,176,173.7,125.2
2023-11-08,S001,P0069,Clothing,North,135,180.79,123.06
2023-11-09,S001,P0069,Clothing,West,222,219.05,126.43
2023-11-10,S001,P0069,Clothing,South,141,159.0,130.21
2023-11-11,S001,P0069,Clothing,West,74,71.18,125.49
2023-11-12,S001,P0069,Clothing,East,172,177.7,159.64
2023-11-13,S001,P0069,Clothing,West,194,190.43,144.67
2023-11-14,S001,P0069,Clothing,West,76,107.43,124.85
2023-11-15,S001,P0069,Clothing,East,116,124.64,122.13
2023-11-16,S001,P0069,Clothing,West,146,150.59,120.36
2023-11-17,S001,P0069,Clothing,South,94,97.24,124.35
2023-11-18,S001,P0069,Clothing,East,128,160.53,123.28
2023-11-19,S001,P0069,Clothing,West,119,112.75,125.49
2023-11-20,S001,P0069,Clothing,South,126,132.38,125.02
2023-11-21,S001,P0069,Clothing,North,100,102.24,126.66
2023-11-22,S001,P0069,Clothing,South,146,136.86,129.55
2023-11-23,S001,P0069,Clothing,North,139,188.86,127.92
2023-11-24,S001,P0069,Clothing,North,146,144.7,125.43
2023-11-25,S001,P0069,Clothing,East,128,142.51,125.81
2023-11-26,S001,P0069,Clothing,South,104,140.74,137.2
2023-11-27,S001,P0069,Clothing,East,195,178.09,125.47
2023-11-28,S001,P0069,Clothing,East,186,206.9,123.55
2023-11-29,S001,P0069,Clothing,West,55,53.1,121.92
2023-11-30,S001,P0069,Clothing,North,56,78.61,125.98
2023-12-01,S001,P0069,Clothing,South,146,188.26,124.68
2023-12-02,S001,P0069,Clothing,West,53,71.51,126.65
2023-12-03,S001,P0069,Clothing,West,82,88.56,130.69
2023-12-04,S001,P0069,Clothing,West,81,98.23,132.25
2023-12-05,S001,P0069,Clothing,North,166,153.25,120.36
2023-12-06,S001,P0069,Clothing,West,139,171.46,122.96
2023-12-07,S001,P0069,Clothing,North,152,155.42,129.76
2023-12-08,S001,P0069,Clothing,East,141,145.69,130.39
2023-12-09,S001,P0069,Clothing,West,62,79.45,128.82
2023-12-10,S001,P0069,Clothing,South,160,185.12,131.33
2023-12-11,S001,P0069,Clothing,South,148,164.7,124.48
2023-12-12,S001,P0069,Clothing,North,68,79.47,125.27
2023-12-13,S001,P0069,Clothing,West,165,213.69,152.5
2023-12-14,S001,P0069,Clothing,North,178,182.07,147.97
2023-12-15,S001,P0069,Clothing,South,106,98.13,123.83
2023-12-16,S001,P0069,Clothing,North,130,124.49,124.09
2023-12-17,S001,P0069,Clothing,North,61,61.16,122.39
2023-12-18,S001,P0069,Clothing,East,44,59.86,120.65
2023-12-19,S001,P0069,Clothing,West,184,256.74,124.02
2023-12-20,S001,P0069,Clothing,South,172,199.27,154.41
2023-12-21,S001,P0069,Clothing,North,145,157.06,126.56
2023-12-22,S001,P0069,Clothing,North,86,114.32,128.29
2023-12-23,S001,P0069,Clothing,North,61,74.15,128.68
2023-12-24,S001,P0069,Clothing,West,192,253.06,135.66
2023-12-25,S001,P0069,Clothing,South,159,160.66,127.17
2023-12-26,S001,P0069,Clothing,North,114,130.94,129.63
2023-12-27,S001,P0069,Clothing,South,167,159.59,124.41
2023-12-28,S001,P0069,Clothing,West,136,132.72,123.56
2023-12-29,S001,P0069,Clothing,West,70,82.25,124.89
2023-12-30,S001,P0069,Clothing,West,121,130.76,125.89
2023-12-31,S001,P0069,Clothing,North,167,157.3,125.96
2023-10-01,S001,P0070,Electronics,North,77,91.42,89.03
2023-10-02,S001,P0070,Electronics,West,90,99.51,89.47
2023-10-03,S001,P0070,Electronics,East,119,122.98,89.08
2023-10-04,S001,P0070,Electronics,East,15,16.58,89.88
2023-10-05,S001,P0070,Electronics,West,108,143.98,88.16
2023-10-06,S001,P0070,Electronics,South,95,95.36,87.75
2023-10-07,S001,P0070,Electronics,South,89,94.18,90.14
2023-10-08,S001,P0070,Electronics,North,91,97.11,90.0
2023-10-09,S001,P0070,Electronics,West,187,171.19,107.57
2023-10-10,S001,P0070,Electronics,South,85,89.63,89.13
2023-10-11,S001,P0070,Electronics,North,64,77.09,72.28
2023-10-12,S001,P0070,Electronics,West,96,117.83,90.8
2023-10-13,S001,P0070,Electronics,East,109,113.77,89.41
2023-10-14,S001,P0070,Electronics,East,126,121.86,89.93
2023-10-15,S001,P0070,Electronics,South,115,124.06,93.91
2023-10-16,S001,P0070,Electronics,South,63,84.6,76.99
2023-10-17,S001,P0070,Electronics,South,113,130.83,90.53
2023-10-18,S001,P0070,Electronics,North,105,111.24,90.57
2023-10-19,S001,P0070,Electronics,South,75,84.86,75.32
2023-10-20,S001,P0070,Electronics,West,162,181.54,88.82
2023-10-21,S001,P0070,Electronics,West,130,139.79,93.0
2023-10-22,S001,P0070,Electronics,East,55,75.38,91.06
2023-10-23,S001,P0070,Electronics,West,92,123.68,89.88
2023-10-24,S001,P0070,Electronics,South,48,63.25,89.19
2023-10-25,S001,P0070,Electronics,West,81,96.68,89.6
2023-10-26,S001,P0070,Electronics,East,50,71.47,105.98
2023-10-27,S001,P0070,Electronics,West,96,90.37,75.34
2023-10-28,S001,P0070,Electronics,North,96,102.97,89.44
2023-10-29,S001,P0070,Electronics,West,99,123.75,88.81
2023-10-30,S001,P0070,Electronics,East,70,80.11,89.46
2023-10-31,S001,P0070,Electronics,North,76,93.82,88.2
2023-11-01,S001,P0070,Electronics,South,52,48.18,88.14
2023-11-02,S001,P0070,Electronics,West,100,92.5,89.49
2023-11-03,S001,P0070,Electronics,East,156,163.99,88.66
2023-11-04,S001,P0070,Electronics,West,86,110.81,91.28
2023-11-05,S001,P0070,Electronics,South,57,81.29,74.89
2023-11-06,S001,P0070,Electronics,South,78,93.43,89.37
2023-11-07,S001,P0070,Electronics,East,31,40.33,89.1
2023-11-08,S001,P0070,Electronics,East,73,73.53,70.88
2023-11-09,S001,P0070,Electronics,South,128,131.68,71.64
2023-11-10,S001,P0070,Electronics,East,91,92.44,74.49
2023-11-11,S001,P0070,Electronics,North,53,72.28,89.74
2023-11-12,S001,P0070,Electronics,North,98,133.01,92.64
2023-11-13,S001,P0070,Electronics,West,53,59.29,90.88
2023-11-14,S001,P0070,Electronics,North,48,45.01,90.1
2023-11-15,S001,P0070,Electronics,South,34,47.77,89.31
2023-11-16,S001,P0070,Electronics,East,62,78.65,71.09
2023-11-17,S001,P0070,Electronics,South,65,73.07,72.47
2023-11-18,S001,P0070,Electronics,South,80,74.58,89.55
2023-11-19,S001,P0070,Electronics,South,118,112.34,88.76
2023-11-20,S001,P0070,Electronics,East,73,72.43,74.46
2023-11-21,S001,P0070,Electronics,East,79,111.49,88.72
2023-11-22,S001,P0070,Electronics,North,61,60.92,71.02
2023-11-23,S001,P0070,Electronics,North,109,108.09,90.37
2023-11-24,S001,P0070,Electronics,North,95,120.73,73.67
2023-11-25,S001,P0070,Electronics,North,92,106.25,89.29
2023-11-26,S001,P0070,Electronics,South,89,92.83,104.31
2023-11-27,S001,P0070,Electronics,North,44,56.59,76.22
2023-11-28,S001,P0070,Electronics,North,134,125.8,89.58
2023-11-29,S001,P0070,Electronics,West,73,82.0,90.61
2023-11-30,S001,P0070,Electronics,East,103,139.63,90.14
2023-12-01,S001,P0070,Electronics,North,83,82.29,90.12
2023-12-02,S001,P0070,Electronics,East,139,151.79,90.22
2023-12-03,S001,P0070,Electronics,North,52,55.22,90.38
2023-12-04,S001,P0070,Electronics,East,64,90.52,74.75
2023-12-05,S001,P0070,Electronics,East,58,60.13,74.12
2023-12-06,S001,P0070,Electronics,West,93,93.68,88.8
2023-12-07,S001,P0070,Electronics,South,70,78.99,73.41
2023-12-08,S001,P0070,Electronics,North,78,107.43,88.36
2023-12-09,S001,P0070,Electronics,South,95,116.07,88.61
2023-12-10,S001,P0070,Electronics,West,103,94.94,87.9
2023-12-11,S001,P0070,Electronics,South,49,58.65,88.66
2023-12-12,S001,P0070,Electronics,East,61,67.6,71.52
2023-12-13,S001,P0070,Electronics,North,48,55.25,89.7
2023-12-14,S001,P0070,Electronics,East,100,93.77,90.06
2023-12-15,S001,P0070,Electronics,North,112,114.55,90.33
2023-12-16,S001,P0070,Electronics,North,56,72.79,89.66
2023-12-17,S001,P0070,Electronics,South,125,126.71,89.11
2023-12-18,S001,P0070,Electronics,South,42,57.93,91.33
2023-12-19,S001,P0070,Electronics,East,57,66.62,72.77
2023-12-20,S001,P0070,Electronics,East,103,134.3,89.87
2023-12-21,S001,P0070,Electronics,South,86,110.92,73.12
2023-12-22,S001,P0070,Electronics,South,106,122.11,89.65
2023-12-23,S001,P0070,Electronics,North,81,100.54,89.46
2023-12-24,S001,P0070,Electronics,North,55,65.65,89.98
2023-12-25,S001,P0070,Electronics,West,76,82.63,88.37
2023-12-26,S001,P0070,Electronics,South,167,162.16,89.36
2023-12-27,S001,P0070,Electronics,North,117,160.13,106.7
2023-12-28,S001,P0070,Electronics,East,47,55.15,90.07
2023-12-29,S001,P0070,Electronics,West,69,65.89,109.52
2023-12-30,S001,P0070,Electronics,East,47,58.63,73.28
2023-12-31,S001,P0070,Electronics,South,135,137.63,87.15
2023-10-01,S001,P0079,Furniture,West,32,45.59,90.41
2023-10-02,S001,P0079,Furniture,East,37,48.14,90.5
2023-10-03,S001,P0079,Furniture,West,95,87.64,90.0
2023-10-04,S001,P0079,Furniture,West,106,128.82,90.21
2023-10-05,S001,P0079,Furniture,South,46,61.38,89.64
2023-10-06,S001,P0079,Furniture,South,77,105.42,90.35
2023-10-07,S001,P0079,Furniture,South,148,152.6,91.01
2023-10-08,S001,P0079,Furniture,South,102,111.04,89.56
2023-10-09,S001,P0079,Furniture,West,56,78.41,90.33
2023-10-10,S001,P0079,Furniture,West,70,80.45,90.24
2023-10-11,S001,P0079,Furniture,North,110,138.33,90.67
2023-10-12,S001,P0079,Furniture,West,111,115.55,90.61
2023-10-13,S001,P0079,Furniture,North,87,84.0,108.41
2023-10-14,S001,P0079,Furniture,North,195,196.24,90.46
2023-10-15,S001,P0079,Furniture,West,99,100.95,90.03
2023-10-16,S001,P0079,Furniture,North,109,112.48,89.7
2023-10-17,S001,P0079,Furniture,North,46,44.43,89.94
2023-10-18,S001,P0079,Furniture,North,63,80.86,89.71
2023-10-19,S001,P0079,Furniture,South,90,113.7,110.03
2023-10-20,S001,P0079,Furniture,East,82,109.14,89.88
2023-10-21,S001,P0079,Furniture,North,55,70.32,107.41
2023-10-22,S001,P0079,Furniture,East,139,146.28,89.74
2023-10-23,S001,P0079,Furniture,West,136,125.46,90.13
2023-10-24,S001,P0079,Furniture,East,142,165.18,90.43
2023-10-25,S001,P0079,Furniture,North,168,214.76,107.66
2023-10-26,S001,P0079,Furniture,South,64,72.45,90.14
2023-10-27,S001,P0079,Furniture,West,79,93.44,87.69
2023-10-28,S001,P0079,Furniture,North,110,128.97,88.97
2023-10-29,S001,P0079,Furniture,East,97,123.08,92.6
2023-10-30,S001,P0079,Furniture,South,114,115.16,106.84
2023-10-31,S001,P0079,Furniture,East,65,80.32,88.93
2023-11-01,S001,P0079,Furniture,East,54,75.79,89.04
2023-11-02,S001,P0079,Furniture,East,69,88.06,89.37
2023-11-03,S001,P0079,Furniture,East,76,92.94,89.1
2023-11-04,S001,P0079,Furniture,East,117,123.16,88.02
2023-11-05,S001,P0079,Furniture,South,89,101.43,88.4
2023-11-06,S001,P0079,Furniture,South,118,111.47,89.15
2023-11-07,S001,P0079,Furniture,North,82,91.19,89.37
2023-11-08,S001,P0079,Furniture,West,69,97.06,91.36
2023-11-09,S001,P0079,Furniture,North,75,104.62,90.77
2023-11-10,S001,P0079,Furniture,East,114,133.79,89.49
2023-11-11,S001,P0079,Furniture,North,107,111.52,88.26
2023-11-12,S001,P0079,Furniture,West,73,75.72,89.08
2023-11-13,S001,P0079,Furniture,North,98,110.18,91.19
2023-11-14,S001,P0079,Furniture,West,133,162.57,104.85
2023-11-15,S001,P0079,Furniture,West,88,107.12,93.12
2023-11-16,S001,P0079,Furniture,East,56,80.14,109.86
2023-11-17,S001,P0079,Furniture,West,88,117.43,87.54
2023-11-18,S001,P0079,Furniture,West,127,125.0,87.72
2023-11-19,S001,P0079,Furniture,East,73,79.17,88.73
2023-11-20,S001,P0079,Furniture,East,85,89.08,90.59
2023-11-21,S001,P0079,Furniture,North,70,65.88,90.0
2023-11-22,S001,P0079,Furniture,North,134,163.54,90.97
2023-11-23,S001,P0079,Furniture,South,109,146.46,90.71
2023-11-24,S001,P0079,Furniture,South,105,97.67,87.31
2023-11-25,S001,P0079,Furniture,East,76,96.95,91.99
2023-11-26,S001,P0079,Furniture,East,121,119.21,88.88
2023-11-27,S001,P0079,Furniture,West,97,121.73,89.6
2023-11-28,S001,P0079,Furniture,South,106,98.98,105.47
2023-11-29,S001,P0079,Furniture,South,90,115.06,91.9
2023-11-30,S001,P0079,Furniture,South,132,125.09,90.52
2023-12-01,S001,P0079,Furniture,West,96,108.12,87.34
2023-12-02,S001,P0079,Furniture,East,59,80.23,86.27
2023-12-03,S001,P0079,Furniture,South,201,184.59,88.55
2023-12-04,S001,P0079,Furniture,North,74,75.34,89.55
2023-12-05,S001,P0079,Furniture,East,139,146.79,106.97
2023-12-06,S001,P0079,Furniture,North,95,108.24,87.98
2023-12-07,S001,P0079,Furniture,West,99,94.5,84.51
2023-12-08,S001,P0079,Furniture,North,147,144.81,91.72
2023-12-09,S001,P0079,Furniture,North,124,152.46,90.19
2023-12-10,S001,P0079,Furniture,South,90,98.36,95.13
2023-12-11,S001,P0079,Furniture,North,98,114.07,88.88
2023-12-12,S001,P0079,Furniture,South,68,75.62,87.04
2023-12-13,S001,P0079,Furniture,North,97,90.78,87.62
2023-12-14,S001,P0079,Furniture,East,98,103.85,88.78
2023-12-15,S001,P0079,Furniture,North,54,62.5,87.62
2023-12-16,S001,P0079,Furniture,South,59,82.43,88.26
2023-12-17,S001,P0079,Furniture,East,128,153.1,88.42
2023-12-18,S001,P0079,Furniture,South,141,141.64,89.17
2023-12-19,S001,P0079,Furniture,East,192,179.94,88.28
2023-12-20,S001,P0079,Furniture,South,93,94.68,105.95
2023-12-21,S001,P0079,Furniture,North,89,83.43,91.07
2023-12-22,S001,P0079,Furniture,West,69,93.33,90.6
2023-12-23,S001,P0079,Furniture,West,74,99.05,87.96
2023-12-24,S001,P0079,Furniture,East,98,126.48,90.55
2023-12-25,S001,P0079,Furniture,East,124,131.27,91.11
2023-12-26,S001,P0079,Furniture,West,71,71.34,90.28
2023-12-27,S001,P0079,Furniture,East,142,142.18,88.98
2023-12-28,S001,P0079,Furniture,East,83,113.99,89.79
2023-12-29,S001,P0079,Furniture,South,158,194.09,106.58
2023-12-30,S001,P0079,Furniture,East,104,120.97,93.85
2023-12-31,S001,P0079,Furniture,South,91,85.19,112.7
2023-10-01,S001,P0083,Toys,North,102,132.18,89.29
2023-10-02,S001,P0083,Toys,East,35,39.74,105.54
2023-10-03,S001,P0083,Toys,East,79,94.0,90.21
2023-10-04,S001,P0083,Toys,East,81,113.24,90.74
2023-10-05,S001,P0083,Toys,East,86,88.24,89.39
2023-10-06,S001,P0083,Toys,West,112,152.71,89.98
2023-10-07,S001,P0083,Toys,North,117,112.37,105.93
2023-10-08,S001,P0083,Toys,East,99,118.14,90.15
2023-10-09,S001,P0083,Toys,West,110,114.74,90.89
2023-10-10,S001,P0083,Toys,East,81,105.82,90.56
2023-10-11,S001,P0083,Toys,South,76,91.02,89.27
2023-10-12,S001,P0083,Toys,South,90,122.15,89.99
2023-10-13,S001,P0083,Toys,West,95,112.25,90.11
2023-10-14,S001,P0083,Toys,South,103,94.0,89.91
2023-10-15,S001,P0083,Toys,South,109,105.28,89.0
2023-10-16,S001,P0083,Toys,West,65,89.55,89.99
2023-10-17,S001,P0083,Toys,North,97,128.25,89.93
2023-10-18,S001,P0083,Toys,North,89,123.4,107.13
2023-10-19,S001,P0083,Toys,North,111,112.12,90.21
2023-10-20,S001,P0083,Toys,North,84,86.13,90.39
2023-10-21,S001,P0083,Toys,West,128,117.13,90.42
2023-10-22,S001,P0083,Toys,North,135,146.64,89.6
2023-10-23,S001,P0083,Toys,West,88,124.0,89.48
2023-10-24,S001,P0083,Toys,North,110,102.26,89.48
2023-10-25,S001,P0083,Toys,East,134,147.9,89.83
2023-10-26,S001,P0083,Toys,South,67,77.18,85.24
2023-10-27,S001,P0083,Toys,North,117,110.21,89.5
2023-10-28,S001,P0083,Toys,West,65,66.71,83.41
2023-10-29,S001,P0083,Toys,East,78,79.89,91.06
2023-10-30,S001,P0083,Toys,South,84,93.19,90.36
2023-10-31,S001,P0083,Toys,North,94,116.29,90.31
2023-11-01,S001,P0083,Toys,South,71,99.14,88.33
2023-11-02,S001,P0083,Toys,North,76,90.46,106.05
2023-11-03,S001,P0083,Toys,West,138,164.54,89.33
2023-11-04,S001,P0083,Toys,North,53,68.1,89.39
2023-11-05,S001,P0083,Toys,East,76,77.3,88.55
2023-11-06,S001,P0083,Toys,South,89,112.17,88.65
2023-11-07,S001,P0083,Toys,West,62,77.16,88.58
2023-11-08,S001,P0083,Toys,South,76,87.78,88.12
2023-11-09,S001,P0083,Toys,North,81,81.68,90.12
2023-11-10,S001,P0083,Toys,South,126,148.17,88.07
2023-11-11,S001,P0083,Toys,West,58,73.26,107.77
2023-11-12,S001,P0083,Toys,North,48,57.7,89.7
2023-11-13,S001,P0083,Toys,South,150,173.74,88.19
2023-11-14,S001,P0083,Toys,South,110,111.12,105.28
2023-11-15,S001,P0083,Toys,South,126,124.0,91.53
2023-11-16,S001,P0083,Toys,West,114,121.3,87.2
2023-11-17,S001,P0083,Toys,West,170,166.38,86.74
2023-11-18,S001,P0083,Toys,North,146,169.56,116.17
2023-11-19,S001,P0083,Toys,West,66,66.62,86.68
2023-11-20,S001,P0083,Toys,East,125,129.77,90.97
2023-11-21,S001,P0083,Toys,North,112,132.35,80.23
2023-11-22,S001,P0083,Toys,West,135,131.98,83.96
2023-11-23,S001,P0083,Toys,North,75,94.04,83.79
2023-11-24,S001,P0083,Toys,North,83,105.76,84.67
2023-11-25,S001,P0083,Toys,East,126,118.34,89.42
2023-11-26,S001,P0083,Toys,East,67,72.04,86.35
2023-11-27,S001,P0083,Toys,West,36,49.33,88.0
2023-11-28,S001,P0083,Toys,North,103,104.96,87.94
2023-11-29,S001,P0083,Toys,East,108,135.12,91.92
2023-11-30,S001,P0083,Toys,North,99,105.84,105.78
2023-12-01,S001,P0083,Toys,South,107,121.79,89.89
2023-12-02,S001,P0083,Toys,South,47,64.7,88.5
2023-12-03,S001,P0083,Toys,South,139,127.2,88.96
2023-12-04,S001,P0083,Toys,South,128,145.66,91.23
2023-12-05,S001,P0083,Toys,East,107,129.66,112.1
2023-12-06,S001,P0083,Toys,West,106,131.9,91.79
2023-12-07,S001,P0083,Toys,South,93,89.28,90.84
2023-12-08,S001,P0083,Toys,North,33,45.9,88.38
2023-12-09,S001,P0083,Toys,East,105,114.23,86.77
2023-12-10,S001,P0083,Toys,North,100,102.11,89.24
2023-12-11,S001,P0083,Toys,West,101,92.44,87.44
2023-12-12,S001,P0083,Toys,North,94,109.74,87.96
2023-12-13,S001,P0083,Toys,East,77,75.86,88.62
2023-12-14,S001,P0083,Toys,East,92,93.23,89.11
2023-12-15,S001,P0083,Toys,South,56,52.67,87.68
2023-12-16,S001,P0083,Toys,West,47,56.57,88.16
2023-12-17,S001,P0083,Toys,South,110,101.97,89.04
2023-12-18,S001,P0083,Toys,East,129,118.04,108.04
2023-12-19,S001,P0083,Toys,East,56,67.15,90.42
2023-12-20,S001,P0083,Toys,East,158,168.99,88.68
2023-12-21,S001,P0083,Toys,North,129,117.63,95.73
2023-12-22,S001,P0083,Toys,East,79,98.25,91.49
2023-12-23,S001,P0083,Toys,North,72,93.53,86.26
2023-12-24,S001,P0083,Toys,East,109,113.78,111.83
2023-12-25,S001,P0083,Toys,North,101,138.21,111.91
2023-12-26,S001,P0083,Toys,East,74,91.7,89.62
2023-12-27,S001,P0083,Toys,West,105,127.76,92.36
2023-12-28,S001,P0083,Toys,South,79,100.27,109.55
2023-12-29,S001,P0083,Toys,East,88,116.15,90.31
2023-12-30,S001,P0083,Toys,West,120,119.45,86.73
2023-12-31,S001,P0083,Toys,East,71,92.16,87.35
2023-10-01,S001,P0085,Electronics,North,122,114.5,73.75
2023-10-02,S001,P0085,Electronics,North,115,129.49,86.77
2023-10-03,S001,P0085,Electronics,West,74,97.41,88.33
2023-10-04,S001,P0085,Electronics,South,28,30.95,89.53
2023-10-05,S001,P0085,Electronics,North,122,117.26,89.6
2023-10-06,S001,P0085,Electronics,East,59,66.83,68.88
2023-10-07,S001,P0085,Electronics,North,124,120.24,89.77
2023-10-08,S001,P0085,Electronics,North,54,75.39,75.94
2023-10-09,S001,P0085,Electronics,East,112,154.56,106.39
2023-10-10,S001,P0085,Electronics,East,151,140.99,89.83
2023-10-11,S001,P0085,Electronics,North,57,71.11,89.54
2023-10-12,S001,P0085,Electronics,East,84,117.82,89.91
2023-10-13,S001,P0085,Electronics,North,104,102.75,88.52
2023-10-14,S001,P0085,Electronics,East,99,135.65,90.05
2023-10-15,S001,P0085,Electronics,West,88,93.37,90.48
2023-10-16,S001,P0085,Electronics,South,121,115.6,88.99
2023-10-17,S001,P0085,Electronics,West,69,98.84,89.43
2023-10-18,S001,P0085,Electronics,East,111,120.21,72.79
2023-10-19,S001,P0085,Electronics,South,19,18.72,89.8
2023-10-20,S001,P0085,Electronics,North,80,107.14,74.23
2023-10-21,S001,P0085,Electronics,West,102,143.48,68.4
2023-10-22,S001,P0085,Electronics,West,63,75.39,89.25
2023-10-23,S001,P0085,Electronics,West,95,112.58,70.96
2023-10-24,S001,P0085,Electronics,North,15,18.33,89.48
2023-10-25,S001,P0085,Electronics,East,31,41.11,85.82
2023-10-26,S001,P0085,Electronics,East,93,93.68,84.94
2023-10-27,S001,P0085,Electronics,East,124,133.31,86.11
2023-10-28,S001,P0085,Electronics,South,38,48.15,89.04
2023-10-29,S001,P0085,Electronics,South,79,91.19,90.86
2023-10-30,S001,P0085,Electronics,West,93,107.2,86.81
2023-10-31,S001,P0085,Electronics,West,78,79.02,87.86
2023-11-01,S001,P0085,Electronics,East,78,99.83,89.98
2023-11-02,S001,P0085,Electronics,West,33,46.17,72.44
2023-11-03,S001,P0085,Electronics,East,157,143.14,90.73
2023-11-04,S001,P0085,Electronics,East,89,82.85,69.74
2023-11-05,S001,P0085,Electronics,West,68,92.14,108.25
2023-11-06,S001,P0085,Electronics,West,73,100.88,89.95
2023-11-07,S001,P0085,Electronics,South,66,61.82,106.83
2023-11-08,S001,P0085,Electronics,South,100,118.12,89.59
2023-11-09,S001,P0085,Electronics,South,42,51.61,88.58
2023-11-10,S001,P0085,Electronics,South,97,123.99,89.58
2023-11-11,S001,P0085,Electronics,East,112,121.55,89.8
2023-11-12,S001,P0085,Electronics,West,72,92.3,76.0
2023-11-13,S001,P0085,Electronics,North,154,160.46,92.03
2023-11-14,S001,P0085,Electronics,South,81,75.75,73.06
2023-11-15,S001,P0085,Electronics,West,65,79.59,107.21
2023-11-16,S001,P0085,Electronics,West,82,108.73,75.49
2023-11-17,S001,P0085,Electronics,South,60,82.49,72.96
2023-11-18,S001,P0085,Electronics,North,65,88.06,89.74
2023-11-19,S001,P0085,Electronics,West,113,111.84,75.91
2023-11-20,S001,P0085,Electronics,North,138,126.01,89.76
2023-11-21,S001,P0085,Electronics,South,80,86.99,100.46
2023-11-22,S001,P0085,Electronics,West,63,87.12,88.56
2023-11-23,S001,P0085,Electronics,South,15,19.99,89.53
2023-11-24,S001,P0085,Electronics,East,68,90.14,72.47
2023-11-25,S001,P0085,Electronics,North,85,78.48,89.46
2023-11-26,S001,P0085,Electronics,North,97,103.69,88.86
2023-11-27,S001,P0085,Electronics,West,102,135.38,111.16
2023-11-28,S001,P0085,Electronics,South,73,81.64,90.05
2023-11-29,S001,P0085,Electronics,North,160,147.55,108.04
2023-11-30,S001,P0085,Electronics,South,87,98.74,71.02
2023-12-01,S001,P0085,Electronics,North,59,76.23,74.4
2023-12-02,S001,P0085,Electronics,East,78,83.94,90.16
2023-12-03,S001,P0085,Electronics,North,190,181.48,89.46
2023-12-04,S001,P0085,Electronics,North,73,78.38,86.43
2023-12-05,S001,P0085,Electronics,South,174,171.14,89.04
2023-12-06,S001,P0085,Electronics,South,137,140.7,91.35
2023-12-07,S001,P0085,Electronics,West,158,149.44,87.49
2023-12-08,S001,P0085,Electronics,North,44,58.91,82.47
2023-12-09,S001,P0085,Electronics,West,82,97.13,86.97
2023-12-10,S001,P0085,Electronics,North,48,54.25,91.5
2023-12-11,S001,P0085,Electronics,North,68,81.66,111.41
2023-12-12,S001,P0085,Electronics,North,87,80.11,87.87
2023-12-13,S001,P0085,Electronics,East,63,71.79,71.84
2023-12-14,S001,P0085,Electronics,North,110,142.08,108.11
2023-12-15,S001,P0085,Electronics,North,91,85.41,89.8
2023-12-16,S001,P0085,Electronics,South,108,152.36,89.91
2023-12-17,S001,P0085,Electronics,West,130,167.15,89.71
2023-12-18,S001,P0085,Electronics,North,49,47.58,71.2
2023-12-19,S001,P0085,Electronics,South,84,114.08,89.06
2023-12-20,S001,P0085,Electronics,South,91,110.51,95.2
2023-12-21,S001,P0085,Electronics,West,94,100.1,90.9
2023-12-22,S001,P0085,Electronics,North,128,128.28,88.3
2023-12-23,S001,P0085,Electronics,East,147,146.53,88.54
2023-12-24,S001,P0085,Electronics,West,68,87.33,86.97
2023-12-25,S001,P0085,Electronics,East,51,54.99,72.26
2023-12-26,S001,P0085,Electronics,East,99,101.31,88.37
2023-12-27,S001,P0085,Electronics,East,121,159.72,88.64
2023-12-28,S001,P0085,Electronics,West,100,133.12,88.48
2023-12-29,S001,P0085,Electronics,North,91,99.75,88.21
2023-12-30,S001,P0085,Electronics,East,113,160.21,109.84
2023-12-31,S001,P0085,Electronics,South,44,59.72,110.24
2023-10-01,S001,P0094,Groceries,North,95,125.57,91.48
2023-10-02,S001,P0094,Groceries,South,93,97.19,107.87
2023-10-03,S001,P0094,Groceries,East,119,133.02,96.65
2023-10-04,S001,P0094,Groceries,South,57,53.01,91.7
2023-10-05,S001,P0094,Groceries,South,74,81.23,92.2
2023-10-06,S001,P0094,Groceries,West,114,147.51,91.17
2023-10-07,S001,P0094,Groceries,North,126,123.7,92.91
2023-10-08,S001,P0094,Groceries,West,52,48.77,93.76
2023-10-09,S001,P0094,Groceries,South,81,100.05,90.18
2023-10-10,S001,P0094,Groceries,West,163,178.25,106.74
2023-10-11,S001,P0094,Groceries,North,110,107.23,91.44
2023-10-12,S001,P0094,Groceries,West,93,103.68,97.0
2023-10-13,S001,P0094,Groceries,West,87,114.09,109.51
2023-10-14,S001,P0094,Groceries,North,55,66.41,90.85
2023-10-15,S001,P0094,Groceries,North,92,127.19,94.77
2023-10-16,S001,P0094,Groceries,South,93,85.89,89.97
2023-10-17,S001,P0094,Groceries,East,73,102.84,89.07
2023-10-18,S001,P0094,Groceries,East,90,94.24,110.21
2023-10-19,S001,P0094,Groceries,South,94,103.26,90.87
2023-10-20,S001,P0094,Groceries,East,104,97.46,84.9
2023-10-21,S001,P0094,Groceries,West,199,181.45,91.38
2023-10-22,S001,P0094,Groceries,North,135,135.37,96.97
2023-10-23,S001,P0094,Groceries,West,32,42.59,91.97
2023-10-24,S001,P0094,Groceries,North,67,61.43,94.94
2023-10-25,S001,P0094,Groceries,West,87,90.15,96.68
2023-10-26,S001,P0094,Groceries,North,62,79.24,95.1
2023-10-27,S001,P0094,Groceries,North,151,157.81,91.62
2023-10-28,S001,P0094,Groceries,North,78,99.95,98.12
2023-10-29,S001,P0094,Groceries,West,99,110.52,93.51
2023-10-30,S001,P0094,Groceries,East,102,116.55,89.65
2023-10-31,S001,P0094,Groceries,South,71,98.13,93.31
2023-11-01,S001,P0094,Groceries,South,81,80.97,91.17
2023-11-02,S001,P0094,Groceries,West,83,85.68,91.08
2023-11-03,S001,P0094,Groceries,South,115,134.23,105.69
2023-11-04,S001,P0094,Groceries,East,98,129.02,87.82
2023-11-05,S001,P0094,Groceries,South,146,137.12,108.53
2023-11-06,S001,P0094,Groceries,East,92,117.37,89.16
2023-11-07,S001,P0094,Groceries,South,112,110.74,90.43
2023-11-08,S001,P0094,Groceries,South,146,144.95,89.6
2023-11-09,S001,P0094,Groceries,East,101,143.58,104.59
2023-11-10,S001,P0094,Groceries,North,96,130.25,105.1
2023-11-11,S001,P0094,Groceries,South,125,136.77,87.91
2023-11-12,S001,P0094,Groceries,South,72,92.85,82.68
2023-11-13,S001,P0094,Groceries,South,41,52.47,93.48
2023-11-14,S001,P0094,Groceries,South,114,104.04,95.14
2023-11-15,S001,P0094,Groceries,South,33,40.39,89.46
2023-11-16,S001,P0094,Groceries,West,141,152.95,106.51
2023-11-17,S001,P0094,Groceries,West,55,79.17,106.07
2023-11-18,S001,P0094,Groceries,East,48,52.77,87.7
2023-11-19,S001,P0094,Groceries,South,98,134.24,88.92
2023-11-20,S001,P0094,Groceries,South,54,57.3,89.03
2023-11-21,S001,P0094,Groceries,North,75,96.02,92.95
2023-11-22,S001,P0094,Groceries,West,103,130.87,90.86
2023-11-23,S001,P0094,Groceries,South,90,121.4,92.52
2023-11-24,S001,P0094,Groceries,North,143,133.12,108.45
2023-11-25,S001,P0094,Groceries,North,95,128.21,88.29
2023-11-26,S001,P0094,Groceries,North,93,97.21,88.8
2023-11-27,S001,P0094,Groceries,West,66,66.92,88.64
2023-11-28,S001,P0094,Groceries,East,72,96.05,88.8
2023-11-29,S001,P0094,Groceries,West,136,143.92,88.8
2023-11-30,S001,P0094,Groceries,South,74,71.54,87.58
2023-12-01,S001,P0094,Groceries,West,149,155.92,86.97
2023-12-02,S001,P0094,Groceries,South,79,89.93,111.62
2023-12-03,S001,P0094,Groceries,East,124,129.99,108.95
2023-12-04,S001,P0094,Groceries,West,119,115.68,90.23
2023-12-05,S001,P0094,Groceries,South,109,113.79,93.28
2023-12-06,S001,P0094,Groceries,West,69,95.06,89.44
2023-12-07,S001,P0094,Groceries,North,128,118.41,108.76
2023-12-08,S001,P0094,Groceries,West,198,180.95,106.66
2023-12-09,S001,P0094,Groceries,East,86,99.75,94.89
2023-12-10,S001,P0094,Groceries,South,116,113.57,105.33
2023-12-11,S001,P0094,Groceries,South,78,72.75,102.25
2023-12-12,S001,P0094,Groceries,North,107,103.89,106.76
2023-12-13,S001,P0094,Groceries,South,92,94.54,85.44
2023-12-14,S001,P0094,Groceries,West,94,92.41,101.39
2023-12-15,S001,P0094,Groceries,West,79,95.73,89.91
2023-12-16,S001,P0094,Groceries,North,104,113.97,87.15
2023-12-17,S001,P0094,Groceries,North,133,127.45,90.39
2023-12-18,S001,P0094,Groceries,East,148,137.75,89.07
2023-12-19,S001,P0094,Groceries,North,164,172.25,106.73
2023-12-20,S001,P0094,Groceries,East,86,92.89,87.94
2023-12-21,S001,P0094,Groceries,East,54,63.1,85.41
2023-12-22,S001,P0094,Groceries,West,110,136.98,111.7
2023-12-23,S001,P0094,Groceries,West,78,78.3,85.41
2023-12-24,S001,P0094,Groceries,North,59,84.63,87.66
2023-12-25,S001,P0094,Groceries,West,47,56.28,93.41
2023-12-26,S001,P0094,Groceries,North,72,93.31,89.84
2023-12-27,S001,P0094,Groceries,South,120,117.26,89.49
2023-12-28,S001,P0094,Groceries,South,149,195.63,89.27
2023-12-29,S001,P0094,Groceries,East,145,143.42,88.25
2023-12-30,S001,P0094,Groceries,South,55,67.96,89.22
2023-12-31,S001,P0094,Groceries,South,133,142.99,88.97
2023-10-01,S001,P0096,Toys,West,102,121.82,90.93
2023-10-02,S001,P0096,Toys,South,50,65.96,90.86
2023-10-03,S001,P0096,Toys,East,38,48.47,110.42
2023-10-04,S001,P0096,Toys,East,72,69.95,89.46
2023-10-05,S001,P0096,Toys,East,66,63.38,90.32
2023-10-06,S001,P0096,Toys,West,114,122.08,89.55
2023-10-07,S001,P0096,Toys,North,142,149.12,90.03
2023-10-08,S001,P0096,Toys,South,77,80.66,90.27
2023-10-09,S001,P0096,Toys,West,189,175.47,110.23
2023-10-10,S001,P0096,Toys,West,126,163.68,89.89
2023-10-11,S001,P0096,Toys,West,110,127.74,118.07
2023-10-12,S001,P0096,Toys,South,44,62.22,89.8
2023-10-13,S001,P0096,Toys,North,124,130.83,89.36
2023-10-14,S001,P0096,Toys,East,131,131.98,91.62
2023-10-15,S001,P0096,Toys,West,119,115.99,89.8
2023-10-16,S001,P0096,Toys,West,75,82.87,79.88
2023-10-17,S001,P0096,Toys,South,35,39.37,90.2
2023-10-18,S001,P0096,Toys,South,169,181.34,105.83
2023-10-19,S001,P0096,Toys,South,63,65.01,89.92
2023-10-20,S001,P0096,Toys,South,107,112.83,106.55
2023-10-21,S001,P0096,Toys,West,61,73.77,106.59
2023-10-22,S001,P0096,Toys,North,134,126.16,91.02
2023-10-23,S001,P0096,Toys,East,132,135.8,90.48
2023-10-24,S001,P0096,Toys,North,44,54.45,90.32
2023-10-25,S001,P0096,Toys,West,70,69.15,90.87
2023-10-26,S001,P0096,Toys,North,90,124.94,90.53
2023-10-27,S001,P0096,Toys,South,102,97.11,107.75
2023-10-28,S001,P0096,Toys,East,99,134.75,89.98
2023-10-29,S001,P0096,Toys,East,106,106.82,90.35
2023-10-30,S001,P0096,Toys,North,114,108.09,89.47
2023-10-31,S001,P0096,Toys,East,99,141.33,89.82
2023-11-01,S001,P0096,Toys,West,94,109.55,87.81
2023-11-02,S001,P0096,Toys,East,121,139.04,108.23
2023-11-03,S001,P0096,Toys,East,41,51.48,111.01
2023-11-04,S001,P0096,Toys,South,29,33.64,85.4
2023-11-05,S001,P0096,Toys,West,89,87.16,89.6
2023-11-06,S001,P0096,Toys,South,91,103.99,107.29
2023-11-07,S001,P0096,Toys,South,148,149.28,105.67
2023-11-08,S001,P0096,Toys,North,76,106.38,93.71
2023-11-09,S001,P0096,Toys,West,119,112.11,90.51
2023-11-10,S001,P0096,Toys,East,57,70.07,86.96
2023-11-11,S001,P0096,Toys,East,44,47.25,87.79
2023-11-12,S001,P0096,Toys,North,132,153.22,88.78
2023-11-13,S001,P0096,Toys,West,88,89.18,88.81
2023-11-14,S001,P0096,Toys,West,119,122.66,89.21
2023-11-15,S001,P0096,Toys,East,47,56.06,88.97
2023-11-16,S001,P0096,Toys,North,113,115.19,88.62
2023-11-17,S001,P0096,Toys,East,109,105.94,96.05
2023-11-18,S001,P0096,Toys,West,133,132.15,106.06
2023-11-19,S001,P0096,Toys,South,129,119.51,87.89
2023-11-20,S001,P0096,Toys,North,72,70.85,91.67
2023-11-21,S001,P0096,Toys,West,102,113.33,89.8
2023-11-22,S001,P0096,Toys,North,121,117.91,91.91
2023-11-23,S001,P0096,Toys,South,94,107.42,86.36
2023-11-24,S001,P0096,Toys,East,113,121.75,93.12
2023-11-25,S001,P0096,Toys,North,51,61.24,108.86
2023-11-26,S001,P0096,Toys,South,99,129.62,88.0
2023-11-27,S001,P0096,Toys,East,66,88.39,91.9
2023-11-28,S001,P0096,Toys,North,147,138.37,90.82
2023-11-29,S001,P0096,Toys,North,114,109.55,88.39
2023-11-30,S001,P0096,Toys,West,75,94.16,89.03
2023-12-01,S001,P0096,Toys,East,124,147.25,86.77
2023-12-02,S001,P0096,Toys,East,59,56.98,85.94
2023-12-03,S001,P0096,Toys,West,136,141.37,109.77
2023-12-04,S001,P0096,Toys,East,82,81.4,90.33
2023-12-05,S001,P0096,Toys,West,102,118.38,89.18
2023-12-06,S001,P0096,Toys,South,101,94.62,89.81
2023-12-07,S001,P0096,Toys,North,66,61.85,90.59
2023-12-08,S001,P0096,Toys,West,94,95.91,88.3
2023-12-09,S001,P0096,Toys,East,119,126.03,107.86
2023-12-10,S001,P0096,Toys,West,56,67.63,87.56
2023-12-11,S001,P0096,Toys,North,86,99.59,90.6
2023-12-12,S001,P0096,Toys,East,135,161.52,89.11
2023-12-13,S001,P0096,Toys,North,97,129.39,90.69
2023-12-14,S001,P0096,Toys,East,66,80.92,106.39
2023-12-15,S001,P0096,Toys,West,160,158.91,89.09
2023-12-16,S001,P0096,Toys,East,100,116.07,86.24
2023-12-17,S001,P0096,Toys,South,143,142.42,114.24
2023-12-18,S001,P0096,Toys,West,78,73.23,87.94
2023-12-19,S001,P0096,Toys,North,95,123.4,114.87
2023-12-20,S001,P0096,Toys,North,88,93.01,92.82
2023-12-21,S001,P0096,Toys,North,55,74.76,89.67
2023-12-22,S001,P0096,Toys,North,156,176.34,86.76
2023-12-23,S001,P0096,Toys,South,69,80.74,86.8
2023-12-24,S001,P0096,Toys,East,81,102.86,86.99
2023-12-25,S001,P0096,Toys,West,109,105.49,91.79
2023-12-26,S001,P0096,Toys,East,133,133.84,91.29
2023-12-27,S001,P0096,Toys,North,128,119.66,89.01
2023-12-28,S001,P0096,Toys,South,96,104.94,90.64
2023-12-29,S001,P0096,Toys,West,50,52.78,90.58
2023-12-30,S001,P0096,Toys,East,71,101.17,85.82
2023-12-31,S001,P0096,Toys,North,86,98.23,88.39
2023-10-01,S001,P0116,Furniture,West,55,73.04,89.49
2023-10-02,S001,P0116,Furniture,South,48,68.62,89.16
2023-10-03,S001,P0116,Furniture,North,96,132.3,90.52
2023-10-04,S001,P0116,Furniture,West,58,76.22,89.31
2023-10-05,S001,P0116,Furniture,West,192,195.94,89.85
2023-10-06,S001,P0116,Furniture,West,148,146.77,89.18
2023-10-07,S001,P0116,Furniture,East,88,109.91,89.57
2023-10-08,S001,P0116,Furniture,South,42,59.26,90.65
2023-10-09,S001,P0116,Furniture,North,101,114.99,90.82
2023-10-10,S001,P0116,Furniture,North,86,112.14,109.96
2023-10-11,S001,P0116,Furniture,South,137,142.69,89.52
2023-10-12,S001,P0116,Furniture,East,159,161.11,109.05
2023-10-13,S001,P0116,Furniture,East,79,94.16,108.26
2023-10-14,S001,P0116,Furniture,South,72,100.32,89.54
2023-10-15,S001,P0116,Furniture,North,109,122.44,90.53
2023-10-16,S001,P0116,Furniture,North,101,113.08,107.09
2023-10-17,S001,P0116,Furniture,North,142,140.46,89.84
2023-10-18,S001,P0116,Furniture,South,165,152.11,90.51
2023-10-19,S001,P0116,Furniture,East,91,118.28,116.01
2023-10-20,S001,P0116,Furniture,South,100,94.31,90.25
2023-10-21,S001,P0116,Furniture,South,76,98.8,109.27
2023-10-22,S001,P0116,Furniture,South,83,86.64,85.49
2023-10-23,S001,P0116,Furniture,East,167,167.46,93.09
2023-10-24,S001,P0116,Furniture,North,130,119.39,85.06
2023-10-25,S001,P0116,Furniture,East,120,133.73,108.64
2023-10-26,S001,P0116,Furniture,West,77,87.9,90.07
2023-10-27,S001,P0116,Furniture,South,112,118.32,89.58
2023-10-28,S001,P0116,Furniture,South,66,61.78,106.33
2023-10-29,S001,P0116,Furniture,East,39,38.06,92.35
2023-10-30,S001,P0116,Furniture,South,56,57.31,89.4
2023-10-31,S001,P0116,Furniture,North,81,76.08,90.18
2023-11-01,S001,P0116,Furniture,East,152,146.15,89.83
2023-11-02,S001,P0116,Furniture,East,79,85.97,89.9
2023-11-03,S001,P0116,Furniture,South,92,113.89,88.73
2023-11-04,S001,P0116,Furniture,North,71,100.67,91.04
2023-11-05,S001,P0116,Furniture,East,120,111.45,88.7
2023-11-06,S001,P0116,Furniture,West,62,78.06,91.02
2023-11-07,S001,P0116,Furniture,South,96,108.27,91.23
2023-11-08,S001,P0116,Furniture,North,75,86.22,90.39
2023-11-09,S001,P0116,Furniture,East,41,42.07,109.15
2023-11-10,S001,P0116,Furniture,East,128,125.06,87.85
2023-11-11,S001,P0116,Furniture,East,134,136.8,87.4
2023-11-12,S001,P0116,Furniture,East,65,69.65,89.02
2023-11-13,S001,P0116,Furniture,West,94,123.6,88.86
2023-11-14,S001,P0116,Furniture,North,224,225.11,106.59
2023-11-15,S001,P0116,Furniture,West,107,131.02,89.67
2023-11-16,S001,P0116,Furniture,North,125,118.17,105.33
2023-11-17,S001,P0116,Furniture,East,71,92.82,82.61
2023-11-18,S001,P0116,Furniture,South,90,95.36,86.75
2023-11-19,S001,P0116,Furniture,East,125,141.68,89.41
2023-11-20,S001,P0116,Furniture,North,49,68.64,92.5
2023-11-21,S001,P0116,Furniture,South,72,84.78,114.42
2023-11-22,S001,P0116,Furniture,East,119,114.72,90.9
2023-11-23,S001,P0116,Furniture,South,62,83.93,91.16
2023-11-24,S001,P0116,Furniture,West,88,110.95,87.31
2023-11-25,S001,P0116,Furniture,East,115,153.74,109.39
2023-11-26,S001,P0116,Furniture,West,73,103.73,88.27
2023-11-27,S001,P0116,Furniture,West,69,86.05,106.79
2023-11-28,S001,P0116,Furniture,North,112,148.66,93.02
2023-11-29,S001,P0116,Furniture,North,92,85.45,91.83
2023-11-30,S001,P0116,Furniture,West,46,65.46,91.33
2023-12-01,S001,P0116,Furniture,North,43,41.92,88.49
2023-12-02,S001,P0116,Furniture,West,85,118.96,90.16
2023-12-03,S001,P0116,Furniture,West,76,84.69,88.15
2023-12-04,S001,P0116,Furniture,West,129,133.07,92.18
2023-12-05,S001,P0116,Furniture,West,41,44.06,91.27
2023-12-06,S001,P0116,Furniture,North,125,128.68,89.6
2023-12-07,S001,P0116,Furniture,East,71,95.15,90.52
2023-12-08,S001,P0116,Furniture,South,85,82.39,89.78
2023-12-09,S001,P0116,Furniture,South,136,169.43,88.33
2023-12-10,S001,P0116,Furniture,North,105,122.96,88.45
2023-12-11,S001,P0116,Furniture,East,168,155.6,89.82
2023-12-12,S001,P0116,Furniture,West,73,97.46,90.19
2023-12-13,S001,P0116,Furniture,South,52,60.23,108.79
2023-12-14,S001,P0116,Furniture,South,102,93.7,108.82
2023-12-15,S001,P0116,Furniture,North,32,40.05,86.68
2023-12-16,S001,P0116,Furniture,South,89,84.42,87.67
2023-12-17,S001,P0116,Furniture,North,65,68.53,88.19
2023-12-18,S001,P0116,Furniture,North,83,81.64,92.47
2023-12-19,S001,P0116,Furniture,North,97,130.58,108.85
2023-12-20,S001,P0116,Furniture,West,115,107.15,90.99
2023-12-21,S001,P0116,Furniture,West,69,80.01,88.6
2023-12-22,S001,P0116,Furniture,North,133,150.86,88.47
2023-12-23,S001,P0116,Furniture,East,73,104.63,87.87
2023-12-24,S001,P0116,Furniture,West,64,91.81,88.73
2023-12-25,S001,P0116,Furniture,East,93,94.51,90.45
2023-12-26,S001,P0116,Furniture,South,133,126.17,93.91
2023-12-27,S001,P0116,Furniture,West,134,139.81,91.59
2023-12-28,S001,P0116,Furniture,East,87,95.16,90.88
2023-12-29,S001,P0116,Furniture,South,135,127.75,110.14
2023-12-30,S001,P0116,Furniture,West,100,114.09,86.91
2023-12-31,S001,P0116,Furniture,East,118,137.79,108.73
2023-10-01,S001,P0125,Clothing,East,93,113.19,90.73
2023-10-02,S001,P0125,Clothing,South,173,165.4,91.05
2023-10-03,S001,P0125,Clothing,East,99,111.36,90.41
2023-10-04,S001,P0125,Clothing,South,86,96.68,90.78
2023-10-05,S001,P0125,Clothing,West,94,133.74,110.57
2023-10-06,S001,P0125,Clothing,North,6,8.28,110.56
2023-10-07,S001,P0125,Clothing,East,107,141.71,90.03
2023-10-08,S001,P0125,Clothing,East,140,138.95,90.48
2023-10-09,S001,P0125,Clothing,South,83,103.94,91.17
2023-10-10,S001,P0125,Clothing,South,136,139.1,90.45
2023-10-11,S001,P0125,Clothing,East,93,86.45,90.32
2023-10-12,S001,P0125,Clothing,South,124,113.88,90.3
2023-10-13,S001,P0125,Clothing,South,49,53.56,90.67
2023-10-14,S001,P0125,Clothing,North,61,86.12,90.08
2023-10-15,S001,P0125,Clothing,South,64,72.8,90.12
2023-10-16,S001,P0125,Clothing,North,67,83.53,92.62
2023-10-17,S001,P0125,Clothing,South,88,118.74,92.27
2023-10-18,S001,P0125,Clothing,South,63,80.63,90.29
2023-10-19,S001,P0125,Clothing,West,133,133.36,91.01
2023-10-20,S001,P0125,Clothing,West,141,134.71,90.41
2023-10-21,S001,P0125,Clothing,West,76,80.04,90.47
2023-10-22,S001,P0125,Clothing,East,59,81.76,90.55
2023-10-23,S001,P0125,Clothing,South,108,116.96,90.61
2023-10-24,S001,P0125,Clothing,West,96,99.54,90.31
2023-10-25,S001,P0125,Clothing,North,119,129.5,90.88
2023-10-26,S001,P0125,Clothing,North,56,58.14,90.31
2023-10-27,S001,P0125,Clothing,West,50,55.44,89.81
2023-10-28,S001,P0125,Clothing,North,128,131.02,90.74
2023-10-29,S001,P0125,Clothing,East,34,47.03,89.54
2023-10-30,S001,P0125,Clothing,North,77,83.01,90.22
2023-10-31,S001,P0125,Clothing,West,93,101.35,108.94
2023-11-01,S001,P0125,Clothing,South,134,164.27,121.8
2023-11-02,S001,P0125,Clothing,South,178,229.86,122.12
2023-11-03,S001,P0125,Clothing,East,116,138.19,126.63
2023-11-04,S001,P0125,Clothing,West,174,200.51,124.44
2023-11-05,S001,P0125,Clothing,North,90,89.73,131.88
2023-11-06,S001,P0125,Clothing,South,111,122.84,123.77
2023-11-07,S001,P0125,Clothing,North,157,156.27,126.92
2023-11-08,S001,P0125,Clothing,North,173,160.83,129.94
2023-11-09,S001,P0125,Clothing,East,130,122.21,128.1
2023-11-10,S001,P0125,Clothing,East,138,153.79,123.28
2023-11-11,S001,P0125,Clothing,North,129,136.22,125.75
2023-11-12,S001,P0125,Clothing,East,193,199.62,127.03
2023-11-13,S001,P0125,Clothing,East,71,81.36,127.25
2023-11-14,S001,P0125,Clothing,West,125,171.58,124.57
2023-11-15,S001,P0125,Clothing,East,188,175.44,123.35
2023-11-16,S001,P0125,Clothing,West,100,127.43,123.93
2023-11-17,S001,P0125,Clothing,North,158,201.32,127.1
2023-11-18,S001,P0125,Clothing,South,66,81.41,122.93
2023-11-19,S001,P0125,Clothing,East,100,108.86,125.54
2023-11-20,S001,P0125,Clothing,South,193,209.18,128.81
2023-11-21,S001,P0125,Clothing,West,227,212.79,161.69
2023-11-22,S001,P0125,Clothing,South,156,149.18,126.9
2023-11-23,S001,P0125,Clothing,South,121,169.77,124.17
2023-11-24,S001,P0125,Clothing,West,70,73.93,122.94
2023-11-25,S001,P0125,Clothing,South,148,141.66,126.07
2023-11-26,S001,P0125,Clothing,South,242,246.27,127.81
2023-11-27,S001,P0125,Clothing,East,68,95.93,120.24
2023-11-28,S001,P0125,Clothing,North,97,103.89,125.85
2023-11-29,S001,P0125,Clothing,South,196,188.12,125.09
2023-11-30,S001,P0125,Clothing,West,112,109.92,124.21
2023-12-01,S001,P0125,Clothing,East,125,132.99,124.96
2023-12-02,S001,P0125,Clothing,South,126,135.58,126.11
2023-12-03,S001,P0125,Clothing,West,191,201.92,146.01
2023-12-04,S001,P0125,Clothing,West,65,80.16,120.86
2023-12-05,S001,P0125,Clothing,East,90,114.85,120.31
2023-12-06,S001,P0125,Clothing,South,95,120.99,126.34
2023-12-07,S001,P0125,Clothing,East,142,159.54,123.47
2023-12-08,S001,P0125,Clothing,North,182,186.63,127.21
2023-12-09,S001,P0125,Clothing,East,230,255.08,136.5
2023-12-10,S001,P0125,Clothing,East,235,228.42,143.01
2023-12-11,S001,P0125,Clothing,East,225,243.05,157.42
2023-12-12,S001,P0125,Clothing,East,122,144.83,116.76
2023-12-13,S001,P0125,Clothing,West,154,148.01,121.89
2023-12-14,S001,P0125,Clothing,South,129,158.62,117.72
2023-12-15,S001,P0125,Clothing,East,73,85.04,121.29
2023-12-16,S001,P0125,Clothing,North,118,149.59,147.79
2023-12-17,S001,P0125,Clothing,West,140,161.86,128.8
2023-12-18,S001,P0125,Clothing,North,163,212.53,124.22
2023-12-19,S001,P0125,Clothing,South,81,76.31,124.17
2023-12-20,S001,P0125,Clothing,North,56,67.81,128.85
2023-12-21,S001,P0125,Clothing,East,136,158.47,122.54
2023-12-22,S001,P0125,Clothing,North,6,9.1,126.54
2023-12-23,S001,P0125,Clothing,West,112,107.31,125.95
2023-12-24,S001,P0125,Clothing,East,125,120.08,122.21
2023-12-25,S001,P0125,Clothing,North,132,163.53,130.55
2023-12-26,S001,P0125,Clothing,North,209,192.65,132.74
2023-12-27,S001,P0125,Clothing,North,123,149.72,125.96
2023-12-28,S001,P0125,Clothing,South,108,129.41,120.3
2023-12-29,S001,P0125,Clothing,West,106,106.57,119.38
2023-12-30,S001,P0125,Clothing,East,84,106.63,127.24
2023-12-31,S001,P0125,Clothing,North,163,214.57,157.18
2023-10-01,S001,P0126,Clothing,North,91,124.56,108.3
2023-10-02,S001,P0126,Clothing,East,125,143.49,89.06
2023-10-03,S001,P0126,Clothing,East,104,114.4,89.52
2023-10-04,S001,P0126,Clothing,South,138,157.88,89.34
2023-10-05,S001,P0126,Clothing,East,91,104.2,89.96
2023-10-06,S001,P0126,Clothing,East,54,67.84,90.74
2023-10-07,S001,P0126,Clothing,West,121,141.85,90.11
2023-10-08,S001,P0126,Clothing,South,47,54.65,89.78
2023-10-09,S001,P0126,Clothing,North,136,133.98,89.37
2023-10-10,S001,P0126,Clothing,West,109,110.27,89.46
2023-10-11,S001,P0126,Clothing,East,63,89.31,89.14
2023-10-12,S001,P0126,Clothing,North,105,119.16,90.66
2023-10-13,S001,P0126,Clothing,West,64,81.52,91.12
2023-10-14,S001,P0126,Clothing,East,64,59.11,90.5
2023-10-15,S001,P0126,Clothing,North,63,73.46,90.04
2023-10-16,S001,P0126,Clothing,South,91,121.45,90.03
2023-10-17,S001,P0126,Clothing,North,79,88.22,90.21
2023-10-18,S001,P0126,Clothing,East,156,159.58,110.65
2023-10-19,S001,P0126,Clothing,North,55,77.84,90.68
2023-10-20,S001,P0126,Clothing,West,159,151.28,89.87
2023-10-21,S001,P0126,Clothing,South,55,76.14,89.01
2023-10-22,S001,P0126,Clothing,West,107,106.09,89.1
2023-10-23,S001,P0126,Clothing,West,143,143.45,90.71
2023-10-24,S001,P0126,Clothing,West,83,81.0,84.41
2023-10-25,S001,P0126,Clothing,West,92,121.72,86.85
2023-10-26,S001,P0126,Clothing,North,95,135.42,90.4
2023-10-27,S001,P0126,Clothing,West,56,76.31,89.66
2023-10-28,S001,P0126,Clothing,West,59,72.58,103.92
2023-10-29,S001,P0126,Clothing,West,113,103.87,89.3
2023-10-30,S001,P0126,Clothing,East,81,74.03,108.26
2023-10-31,S001,P0126,Clothing,West,54,54.48,89.72
2023-11-01,S001,P0126,Clothing,North,171,201.3,132.75
2023-11-02,S001,P0126,Clothing,West,129,123.06,120.32
2023-11-03,S001,P0126,Clothing,East,70,98.33,121.63
2023-11-04,S001,P0126,Clothing,West,158,162.26,120.34
2023-11-05,S001,P0126,Clothing,East,89,108.36,117.58
2023-11-06,S001,P0126,Clothing,East,315,296.21,144.64
2023-11-07,S001,P0126,Clothing,South,154,166.44,130.94
2023-11-08,S001,P0126,Clothing,West,160,220.68,153.52
2023-11-09,S001,P0126,Clothing,North,94,110.27,155.58
2023-11-10,S001,P0126,Clothing,South,95,110.53,123.84
2023-11-11,S001,P0126,Clothing,East,175,175.18,123.19
2023-11-12,S001,P0126,Clothing,West,139,132.92,121.26
2023-11-13,S001,P0126,Clothing,North,163,164.23,126.2
2023-11-14,S001,P0126,Clothing,South,109,124.81,122.55
2023-11-15,S001,P0126,Clothing,North,130,178.52,123.73
2023-11-16,S001,P0126,Clothing,South,136,162.66,122.67
2023-11-17,S001,P0126,Clothing,South,159,167.13,122.88
2023-11-18,S001,P0126,Clothing,West,93,99.82,118.85
2023-11-19,S001,P0126,Clothing,East,155,193.08,125.26
2023-11-20,S001,P0126,Clothing,West,142,132.59,130.03
2023-11-21,S001,P0126,Clothing,South,172,175.43,121.12
2023-11-22,S001,P0126,Clothing,North,129,142.68,124.1
2023-11-23,S001,P0126,Clothing,North,139,135.92,124.3
2023-11-24,S001,P0126,Clothing,East,169,200.77,120.42
2023-11-25,S001,P0126,Clothing,North,98,90.85,122.5
2023-11-26,S001,P0126,Clothing,East,51,57.27,134.26
2023-11-27,S001,P0126,Clothing,South,97,136.59,125.27
2023-11-28,S001,P0126,Clothing,South,196,185.54,125.82
2023-11-29,S001,P0126,Clothing,South,121,161.59,126.23
2023-11-30,S001,P0126,Clothing,East,98,113.36,126.38
2023-12-01,S001,P0126,Clothing,East,75,104.25,126.86
2023-12-02,S001,P0126,Clothing,North,132,165.81,119.24
2023-12-03,S001,P0126,Clothing,West,108,119.96,123.96
2023-12-04,S001,P0126,Clothing,North,120,126.58,124.09
2023-12-05,S001,P0126,Clothing,East,140,143.91,151.74
2023-12-06,S001,P0126,Clothing,West,112,114.78,132.43
2023-12-07,S001,P0126,Clothing,South,146,151.54,128.64
2023-12-08,S001,P0126,Clothing,West,173,194.89,156.68
2023-12-09,S001,P0126,Clothing,West,121,155.83,125.12
2023-12-10,S001,P0126,Clothing,West,108,115.76,125.47
2023-12-11,S001,P0126,Clothing,West,123,124.49,154.23
2023-12-12,S001,P0126,Clothing,East,150,194.87,141.38
2023-12-13,S001,P0126,Clothing,North,115,107.69,124.24
2023-12-14,S001,P0126,Clothing,West,70,70.23,121.68
2023-12-15,S001,P0126,Clothing,East,189,216.92,142.31
2023-12-16,S001,P0126,Clothing,North,58,72.08,150.34
2023-12-17,S001,P0126,Clothing,North,84,119.77,149.35
2023-12-18,S001,P0126,Clothing,West,146,175.29,123.64
2023-12-19,S001,P0126,Clothing,East,207,194.38,124.15
2023-12-20,S001,P0126,Clothing,North,178,212.45,125.75
2023-12-21,S001,P0126,Clothing,South,163,164.23,150.99
2023-12-22,S001,P0126,Clothing,East,144,141.33,122.56
2023-12-23,S001,P0126,Clothing,South,130,177.32,126.52
2023-12-24,S001,P0126,Clothing,North,108,119.26,126.12
2023-12-25,S001,P0126,Clothing,North,212,200.68,128.23
2023-12-26,S001,P0126,Clothing,West,82,114.32,123.86
2023-12-27,S001,P0126,Clothing,East,107,113.33,123.21
2023-12-28,S001,P0126,Clothing,North,150,157.47,120.05
2023-12-29,S001,P0126,Clothing,South,84,116.84,125.14
2023-12-30,S001,P0126,Clothing,North,161,149.7,126.19
2023-12-31,S001,P0126,Clothing,North,210,198.45,124.18
2023-10-01,S001,P0129,Furniture,South,58,81.19,90.69
2023-10-02,S001,P0129,Furniture,North,121,127.4,90.72
2023-10-03,S001,P0129,Furniture,West,65,85.59,90.07
2023-10-04,S001,P0129,Furniture,North,46,52.52,90.58
2023-10-05,S001,P0129,Furniture,North,170,172.33,106.48
2023-10-06,S001,P0129,Furniture,West,104,126.28,89.63
2023-10-07,S001,P0129,Furniture,East,89,103.36,89.7
2023-10-08,S001,P0129,Furniture,South,93,129.58,89.44
2023-10-09,S001,P0129,Furniture,East,81,90.99,88.6
2023-10-10,S001,P0129,Furniture,North,104,122.5,90.19
2023-10-11,S001,P0129,Furniture,East,109,138.0,88.56
2023-10-12,S001,P0129,Furniture,North,148,145.32,107.98
2023-10-13,S001,P0129,Furniture,East,107,122.2,89.42
2023-10-14,S001,P0129,Furniture,South,67,67.38,89.2
2023-10-15,S001,P0129,Furniture,West,101,95.37,89.81
2023-10-16,S001,P0129,Furniture,South,119,123.65,90.7
2023-10-17,S001,P0129,Furniture,North,128,153.29,94.8
2023-10-18,S001,P0129,Furniture,East,117,133.24,88.12
2023-10-19,S001,P0129,Furniture,North,83,94.17,87.39
2023-10-20,S001,P0129,Furniture,West,54,50.21,90.7
2023-10-21,S001,P0129,Furniture,South,102,127.99,90.38
2023-10-22,S001,P0129,Furniture,West,88,87.82,89.66
2023-10-23,S001,P0129,Furniture,West,95,103.22,88.89
2023-10-24,S001,P0129,Furniture,East,71,100.8,109.1
2023-10-25,S001,P0129,Furniture,West,152,140.51,107.18
2023-10-26,S001,P0129,Furniture,West,74,85.54,89.28
2023-10-27,S001,P0129,Furniture,East,88,113.05,107.87
2023-10-28,S001,P0129,Furniture,East,187,175.29,90.53
2023-10-29,S001,P0129,Furniture,South,44,53.07,90.12
2023-10-30,S001,P0129,Furniture,East,85,109.83,89.41
2023-10-31,S001,P0129,Furniture,North,86,108.56,106.26
2023-11-01,S001,P0129,Furniture,West,61,75.41,108.47
2023-11-02,S001,P0129,Furniture,East,88,114.37,90.93
2023-11-03,S001,P0129,Furniture,South,84,111.68,87.73
2023-11-04,S001,P0129,Furniture,South,71,88.94,87.28
2023-11-05,S001,P0129,Furniture,North,74,70.22,87.49
2023-11-06,S001,P0129,Furniture,East,66,82.95,89.59
2023-11-07,S001,P0129,Furniture,West,89,108.45,91.14
2023-11-08,S001,P0129,Furniture,North,78,82.46,89.03
2023-11-09,S001,P0129,Furniture,South,53,54.66,91.34
2023-11-10,S001,P0129,Furniture,South,140,144.86,89.23
2023-11-11,S001,P0129,Furniture,South,115,127.77,87.9
2023-11-12,S001,P0129,Furniture,North,138,151.94,89.81
2023-11-13,S001,P0129,Furniture,West,72,93.15,90.59
2023-11-14,S001,P0129,Furniture,East,122,118.2,108.76
2023-11-15,S001,P0129,Furniture,East,100,97.96,91.62
2023-11-16,S001,P0129,Furniture,North,101,114.1,93.86
2023-11-17,S001,P0129,Furniture,North,95,113.89,108.27
2023-11-18,S001,P0129,Furniture,South,85,117.24,88.78
2023-11-19,S001,P0129,Furniture,North,84,99.73,89.19
2023-11-20,S001,P0129,Furniture,North,74,98.58,89.59
2023-11-21,S001,P0129,Furniture,North,96,120.86,89.74
2023-11-22,S001,P0129,Furniture,West,73,79.03,91.53
2023-11-23,S001,P0129,Furniture,East,119,160.19,106.74
2023-11-24,S001,P0129,Furniture,South,102,114.43,89.63
2023-11-25,S001,P0129,Furniture,West,95,131.27,89.51
2023-11-26,S001,P0129,Furniture,North,80,101.25,88.03
2023-11-27,S001,P0129,Furniture,South,124,139.32,105.94
2023-11-28,S001,P0129,Furniture,South,44,40.72,90.57
2023-11-29,S001,P0129,Furniture,South,74,101.8,90.51
2023-11-30,S001,P0129,Furniture,North,107,119.93,106.17
2023-12-01,S001,P0129,Furniture,East,72,77.33,87.23
2023-12-02,S001,P0129,Furniture,West,87,79.7,89.46
2023-12-03,S001,P0129,Furniture,East,140,129.19,89.29
2023-12-04,S001,P0129,Furniture,East,85,109.34,93.83
2023-12-05,S001,P0129,Furniture,South,75,104.06,89.29
2023-12-06,S001,P0129,Furniture,North,113,131.13,89.64
2023-12-07,S001,P0129,Furniture,East,56,79.92,90.57
2023-12-08,S001,P0129,Furniture,West,63,79.82,87.43
2023-12-09,S001,P0129,Furniture,East,101,104.93,87.31
2023-12-10,S001,P0129,Furniture,East,93,90.07,88.95
2023-12-11,S001,P0129,Furniture,North,95,90.82,89.55
2023-12-12,S001,P0129,Furniture,West,112,110.35,89.28
2023-12-13,S001,P0129,Furniture,North,39,53.34,89.52
2023-12-14,S001,P0129,Furniture,South,104,126.38,89.73
2023-12-15,S001,P0129,Furniture,South,136,149.58,87.84
2023-12-16,S001,P0129,Furniture,East,55,74.92,86.75
2023-12-17,S001,P0129,Furniture,South,107,123.98,89.65
2023-12-18,S001,P0129,Furniture,North,171,162.24,107.28
2023-12-19,S001,P0129,Furniture,East,124,113.92,89.58
2023-12-20,S001,P0129,Furniture,East,122,125.3,91.57
2023-12-21,S001,P0129,Furniture,South,68,83.74,95.36
2023-12-22,S001,P0129,Furniture,East,82,88.59,89.02
2023-12-23,S001,P0129,Furniture,North,134,141.3,86.18
2023-12-24,S001,P0129,Furniture,West,63,89.78,90.09
2023-12-25,S001,P0129,Furniture,West,89,101.27,88.06
2023-12-26,S001,P0129,Furniture,West,84,99.07,88.39
2023-12-27,S001,P0129,Furniture,East,107,107.31,89.08
2023-12-28,S001,P0129,Furniture,South,55,59.87,112.07
2023-12-29,S001,P0129,Furniture,North,110,115.95,87.39
2023-12-30,S001,P0129,Furniture,West,152,159.68,87.1
2023-12-31,S001,P0129,Furniture,North,128,134.19,88.91
2023-10-01,S001,P0133,Clothing,South,69,67.72,91.48
2023-10-02,S001,P0133,Clothing,North,97,133.19,111.35
2023-10-03,S001,P0133,Clothing,North,44,56.55,89.81
2023-10-04,S001,P0133,Clothing,East,154,145.86,113.44
2023-10-05,S001,P0133,Clothing,North,132,136.85,112.47
2023-10-06,S001,P0133,Clothing,North,121,154.52,95.28
2023-10-07,S001,P0133,Clothing,North,74,96.78,109.4
2023-10-08,S001,P0133,Clothing,East,82,114.09,90.79
2023-10-09,S001,P0133,Clothing,East,76,81.79,89.88
2023-10-10,S001,P0133,Clothing,South,93,99.75,89.96
2023-10-11,S001,P0133,Clothing,South,64,87.35,90.79
2023-10-12,S001,P0133,Clothing,West,112,131.92,90.74
2023-10-13,S001,P0133,Clothing,West,75,85.62,90.62
2023-10-14,S001,P0133,Clothing,East,63,79.29,90.95
2023-10-15,S001,P0133,Clothing,West,77,101.23,93.74
2023-10-16,S001,P0133,Clothing,South,131,138.89,90.89
2023-10-17,S001,P0133,Clothing,East,104,124.07,89.96
2023-10-18,S001,P0133,Clothing,North,66,78.86,89.81
2023-10-19,S001,P0133,Clothing,North,44,57.81,90.19
2023-10-20,S001,P0133,Clothing,South,95,88.12,90.83
2023-10-21,S001,P0133,Clothing,East,107,129.98,109.59
2023-10-22,S001,P0133,Clothing,East,60,81.75,90.71
2023-10-23,S001,P0133,Clothing,North,95,126.24,90.59
2023-10-24,S001,P0133,Clothing,South,130,148.12,90.88
2023-10-25,S001,P0133,Clothing,East,108,124.69,112.38
2023-10-26,S001,P0133,Clothing,North,78,74.85,90.57
2023-10-27,S001,P0133,Clothing,South,110,102.9,90.07
2023-10-28,S001,P0133,Clothing,West,114,125.96,110.49
2023-10-29,S001,P0133,Clothing,West,98,112.13,89.86
2023-10-30,S001,P0133,Clothing,East,78,76.63,89.28
2023-10-31,S001,P0133,Clothing,East,100,91.8,89.24
2023-11-01,S001,P0133,Clothing,South,112,151.59,118.5
2023-11-02,S001,P0133,Clothing,East,95,109.99,116.65
2023-11-03,S001,P0133,Clothing,East,137,127.34,113.81
2023-11-04,S001,P0133,Clothing,North,143,136.8,121.61
2023-11-05,S001,P0133,Clothing,South,190,205.82,125.71
2023-11-06,S001,P0133,Clothing,West,124,130.55,128.06
2023-11-07,S001,P0133,Clothing,North,126,116.63,121.21
2023-11-08,S001,P0133,Clothing,East,291,291.57,160.88
2023-11-09,S001,P0133,Clothing,West,74,95.43,125.76
2023-11-10,S001,P0133,Clothing,West,128,139.13,123.97
2023-11-11,S001,P0133,Clothing,North,106,130.19,126.96
2023-11-12,S001,P0133,Clothing,East,52,72.84,122.27
2023-11-13,S001,P0133,Clothing,West,91,130.34,122.77
2023-11-14,S001,P0133,Clothing,West,118,118.03,120.78
2023-11-15,S001,P0133,Clothing,North,66,68.97,127.49
2023-11-16,S001,P0133,Clothing,East,116,115.02,118.1
2023-11-17,S001,P0133,Clothing,South,53,76.81,117.64
2023-11-18,S001,P0133,Clothing,North,78,94.22,124.45
2023-11-19,S001,P0133,Clothing,West,144,189.69,118.71
2023-11-20,S001,P0133,Clothing,South,162,149.66,120.19
2023-11-21,S001,P0133,Clothing,West,138,155.28,125.21
2023-11-22,S001,P0133,Clothing,North,163,186.52,120.54
2023-11-23,S001,P0133,Clothing,West,153,151.75,123.97
2023-11-24,S001,P0133,Clothing,West,164,170.37,126.09
2023-11-25,S001,P0133,Clothing,South,147,204.3,124.13
2023-11-26,S001,P0133,Clothing,East,174,239.06,153.67
2023-11-27,S001,P0133,Clothing,East,130,163.25,124.28
2023-11-28,S001,P0133,Clothing,West,148,177.52,117.08
2023-11-29,S001,P0133,Clothing,South,205,200.64,129.79
2023-11-30,S001,P0133,Clothing,West,88,80.63,122.42
2023-12-01,S001,P0133,Clothing,South,113,121.91,125.86
2023-12-02,S001,P0133,Clothing,East,139,141.69,127.23
2023-12-03,S001,P0133,Clothing,South,121,148.63,118.64
2023-12-04,S001,P0133,Clothing,North,166,164.8,123.23
2023-12-05,S001,P0133,Clothing,South,102,133.27,123.91
2023-12-06,S001,P0133,Clothing,North,96,122.57,128.96
2023-12-07,S001,P0133,Clothing,East,124,114.78,129.15
2023-12-08,S001,P0133,Clothing,North,76,73.11,125.66
2023-12-09,S001,P0133,Clothing,West,210,197.44,129.25
2023-12-10,S001,P0133,Clothing,North,92,116.8,124.82
2023-12-11,S001,P0133,Clothing,West,97,107.11,126.96
2023-12-12,S001,P0133,Clothing,South,103,95.89,127.65
2023-12-13,S001,P0133,Clothing,North,94,124.52,127.78
2023-12-14,S001,P0133,Clothing,West,84,108.17,125.7
2023-12-15,S001,P0133,Clothing,South,174,161.69,132.67
2023-12-16,S001,P0133,Clothing,North,111,158.32,123.97
2023-12-17,S001,P0133,Clothing,North,132,183.03,125.5
2023-12-18,S001,P0133,Clothing,North,31,32.59,131.33
2023-12-19,S001,P0133,Clothing,North,141,132.52,120.76
2023-12-20,S001,P0133,Clothing,South,98,120.6,125.51
2023-12-21,S001,P0133,Clothing,South,162,170.78,122.01
2023-12-22,S001,P0133,Clothing,East,306,304.37,155.95
2023-12-23,S001,P0133,Clothing,West,50,69.69,124.47
2023-12-24,S001,P0133,Clothing,West,136,175.46,123.37
2023-12-25,S001,P0133,Clothing,East,204,248.29,174.11
2023-12-26,S001,P0133,Clothing,East,75,87.45,124.89
2023-12-27,S001,P0133,Clothing,East,200,198.96,122.8
2023-12-28,S001,P0133,Clothing,South,149,137.92,128.05
2023-12-29,S001,P0133,Clothing,West,138,126.18,121.68
2023-12-30,S001,P0133,Clothing,West,117,142.62,125.58
2023-12-31,S001,P0133,Clothing,North,232,250.73,144.63
2023-10-01,S001,P0149,Furniture,West,93,105.14,90.0
2023-10-02,S001,P0149,Furniture,East,69,75.44,89.57
2023-10-03,S001,P0149,Furniture,South,65,84.65,89.99
2023-10-04,S001,P0149,Furniture,West,115,109.08,108.39
2023-10-05,S001,P0149,Furniture,South,54,67.04,90.68
2023-10-06,S001,P0149,Furniture,North,125,116.28,90.3
2023-10-07,S001,P0149,Furniture,West,82,83.62,90.86
2023-10-08,S001,P0149,Furniture,East,116,136.41,107.68
2023-10-09,S001,P0149,Furniture,East,112,118.25,90.84
2023-10-10,S001,P0149,Furniture,North,70,85.76,90.05
2023-10-11,S001,P0149,Furniture,North,94,109.82,90.17
2023-10-12,S001,P0149,Furniture,East,65,74.41,90.23
2023-10-13,S001,P0149,Furniture,South,130,120.4,90.39
2023-10-14,S001,P0149,Furniture,East,131,160.32,89.96
2023-10-15,S001,P0149,Furniture,West,121,134.02,90.56
2023-10-16,S001,P0149,Furniture,North,81,74.83,89.76
2023-10-17,S001,P0149,Furniture,North,61,82.56,88.71
2023-10-18,S001,P0149,Furniture,North,74,74.37,89.33
2023-10-19,S001,P0149,Furniture,South,131,123.88,89.31
2023-10-20,S001,P0149,Furniture,East,76,89.71,89.33
2023-10-21,S001,P0149,Furniture,South,95,88.63,89.5
2023-10-22,S001,P0149,Furniture,North,108,124.95,90.92
2023-10-23,S001,P0149,Furniture,North,134,145.07,91.12
2023-10-24,S001,P0149,Furniture,North,92,108.99,89.94
2023-10-25,S001,P0149,Furniture,North,97,107.04,89.62
2023-10-26,S001,P0149,Furniture,North,120,123.2,89.04
2023-10-27,S001,P0149,Furniture,North,122,112.63,89.82
2023-10-28,S001,P0149,Furniture,North,83,108.28,90.57
2023-10-29,S001,P0149,Furniture,North,120,157.91,107.16
2023-10-30,S001,P0149,Furniture,West,108,124.03,90.9
2023-10-31,S001,P0149,Furniture,South,105,145.67,89.15
2023-11-01,S001,P0149,Furniture,East,100,110.64,94.21
2023-11-02,S001,P0149,Furniture,North,186,171.97,92.57
2023-11-03,S001,P0149,Furniture,West,84,82.39,87.39
2023-11-04,S001,P0149,Furniture,West,104,132.03,91.82
2023-11-05,S001,P0149,Furniture,North,120,129.95,84.55
2023-11-06,S001,P0149,Furniture,South,112,123.57,89.06
2023-11-07,S001,P0149,Furniture,North,72,94.51,90.76
2023-11-08,S001,P0149,Furniture,South,76,89.26,96.87
2023-11-09,S001,P0149,Furniture,South,97,89.59,96.74
2023-11-10,S001,P0149,Furniture,West,61,70.42,87.6
2023-11-11,S001,P0149,Furniture,South,79,82.52,90.64
2023-11-12,S001,P0149,Furniture,South,72,95.76,87.77
2023-11-13,S001,P0149,Furniture,North,149,150.31,89.62
2023-11-14,S001,P0149,Furniture,West,43,61.75,89.25
2023-11-15,S001,P0149,Furniture,North,163,174.77,107.41
2023-11-16,S001,P0149,Furniture,East,80,110.42,88.17
2023-11-17,S001,P0149,Furniture,South,157,185.73,107.61
2023-11-18,S001,P0149,Furniture,South,91,106.88,88.4
2023-11-19,S001,P0149,Furniture,North,77,85.46,89.98
2023-11-20,S001,P0149,Furniture,South,23,34.06,92.74
2023-11-21,S001,P0149,Furniture,West,76,87.95,94.53
2023-11-22,S001,P0149,Furniture,South,61,78.07,110.84
2023-11-23,S001,P0149,Furniture,East,35,44.06,91.48
2023-11-24,S001,P0149,Furniture,North,91,110.03,88.76
2023-11-25,S001,P0149,Furniture,East,143,181.47,98.02
2023-11-26,S001,P0149,Furniture,West,87,117.71,89.96
2023-11-27,S001,P0149,Furniture,West,91,121.56,92.78
2023-11-28,S001,P0149,Furniture,West,109,121.6,91.49
2023-11-29,S001,P0149,Furniture,North,166,157.15,92.06
2023-11-30,S001,P0149,Furniture,East,106,118.0,90.38
2023-12-01,S001,P0149,Furniture,North,140,142.95,89.42
2023-12-02,S001,P0149,Furniture,South,55,53.0,91.5
2023-12-03,S001,P0149,Furniture,South,106,114.27,88.03
2023-12-04,S001,P0149,Furniture,South,101,105.0,89.06
2023-12-05,S001,P0149,Furniture,North,64,70.53,93.88
2023-12-06,S001,P0149,Furniture,South,76,71.46,90.28
2023-12-07,S001,P0149,Furniture,East,89,105.78,88.83
2023-12-08,S001,P0149,Furniture,West,143,134.55,87.76
2023-12-09,S001,P0149,Furniture,South,34,46.23,87.71
2023-12-10,S001,P0149,Furniture,North,88,87.37,89.0
2023-12-11,S001,P0149,Furniture,North,72,85.3,89.51
2023-12-12,S001,P0149,Furniture,West,156,145.52,89.24
2023-12-13,S001,P0149,Furniture,North,78,93.03,91.72
2023-12-14,S001,P0149,Furniture,South,96,106.81,102.92
2023-12-15,S001,P0149,Furniture,East,81,102.39,88.57
2023-12-16,S001,P0149,Furniture,East,120,117.23,88.33
2023-12-17,S001,P0149,Furniture,North,107,124.35,88.7
2023-12-18,S001,P0149,Furniture,West,92,101.83,88.8
2023-12-19,S001,P0149,Furniture,East,74,103.4,89.93
2023-12-20,S001,P0149,Furniture,North,72,83.97,89.29
2023-12-21,S001,P0149,Furniture,East,99,113.7,109.81
2023-12-22,S001,P0149,Furniture,East,30,36.12,87.76
2023-12-23,S001,P0149,Furniture,South,174,171.99,107.91
2023-12-24,S001,P0149,Furniture,West,127,147.02,88.34
2023-12-25,S001,P0149,Furniture,North,65,79.55,91.8
2023-12-26,S001,P0149,Furniture,North,112,107.58,93.25
2023-12-27,S001,P0149,Furniture,East,123,132.73,90.9
2023-12-28,S001,P0149,Furniture,North,117,133.99,91.17
2023-12-29,S001,P0149,Furniture,South,58,56.32,89.65
2023-12-30,S001,P0149,Furniture,South,93,91.39,91.45
2023-12-31,S001,P0149,Furniture,North,99,137.24,86.79
2023-10-01,S001,P0153,Furniture,South,84,91.38,90.03
2023-10-02,S001,P0153,Furniture,West,106,136.51,90.25
2023-10-03,S001,P0153,Furniture,West,116,107.87,90.49
2023-10-04,S001,P0153,Furniture,East,83,85.97,90.5
2023-10-05,S001,P0153,Furniture,West,91,114.25,90.36
2023-10-06,S001,P0153,Furniture,North,151,166.61,90.97
2023-10-07,S001,P0153,Furniture,South,74,88.62,97.03
2023-10-08,S001,P0153,Furniture,East,134,129.84,90.87
2023-10-09,S001,P0153,Furniture,South,74,99.71,93.87
2023-10-10,S001,P0153,Furniture,East,89,94.95,90.01
2023-10-11,S001,P0153,Furniture,North,69,95.27,90.7
2023-10-12,S001,P0153,Furniture,North,88,100.23,90.25
2023-10-13,S001,P0153,Furniture,South,107,151.49,90.27
2023-10-14,S001,P0153,Furniture,West,64,61.85,90.55
2023-10-15,S001,P0153,Furniture,South,102,120.72,90.31
2023-10-16,S001,P0153,Furniture,North,88,87.97,91.34
2023-10-17,S001,P0153,Furniture,East,117,120.2,90.27
2023-10-18,S001,P0153,Furniture,West,155,196.15,108.69
2023-10-19,S001,P0153,Furniture,West,33,45.28,89.64
2023-10-20,S001,P0153,Furniture,North,112,126.11,110.05
2023-10-21,S001,P0153,Furniture,West,143,161.26,107.7
2023-10-22,S001,P0153,Furniture,North,134,123.07,90.66
2023-10-23,S001,P0153,Furniture,East,64,75.28,88.29
2023-10-24,S001,P0153,Furniture,South,100,127.65,90.77
2023-10-25,S001,P0153,Furniture,East,54,57.51,90.05
2023-10-26,S001,P0153,Furniture,North,120,142.82,108.13
2023-10-27,S001,P0153,Furniture,North,131,171.73,88.92
2023-10-28,S001,P0153,Furniture,North,43,49.98,89.3
2023-10-29,S001,P0153,Furniture,North,135,127.35,108.33
2023-10-30,S001,P0153,Furniture,North,119,128.88,109.5
2023-10-31,S001,P0153,Furniture,East,40,55.21,90.66
2023-11-01,S001,P0153,Furniture,North,144,153.68,88.98
2023-11-02,S001,P0153,Furniture,East,83,115.03,113.93
2023-11-03,S001,P0153,Furniture,West,76,85.54,85.08
2023-11-04,S001,P0153,Furniture,East,66,71.15,87.74
2023-11-05,S001,P0153,Furniture,East,73,70.78,88.49
2023-11-06,S001,P0153,Furniture,South,132,139.49,89.26
2023-11-07,S001,P0153,Furniture,West,48,51.1,89.26
2023-11-08,S001,P0153,Furniture,North,121,115.14,88.04
2023-11-09,S001,P0153,Furniture,West,73,99.18,90.12
2023-11-10,S001,P0153,Furniture,South,77,91.07,88.52
2023-11-11,S001,P0153,Furniture,East,101,106.48,109.82
2023-11-12,S001,P0153,Furniture,South,66,63.87,89.11
2023-11-13,S001,P0153,Furniture,South,144,133.07,88.77
2023-11-14,S001,P0153,Furniture,South,101,104.76,90.64
2023-11-15,S001,P0153,Furniture,South,139,174.43,106.87
2023-11-16,S001,P0153,Furniture,East,87,94.03,107.68
2023-11-17,S001,P0153,Furniture,West,78,73.05,106.15
2023-11-18,S001,P0153,Furniture,East,109,124.31,90.29
2023-11-19,S001,P0153,Furniture,West,138,156.56,112.98
2023-11-20,S001,P0153,Furniture,North,15,15.29,112.56
2023-11-21,S001,P0153,Furniture,West,27,34.31,90.64
2023-11-22,S001,P0153,Furniture,South,75,89.76,113.93
2023-11-23,S001,P0153,Furniture,West,107,119.14,88.42
2023-11-24,S001,P0153,Furniture,North,104,103.65,90.97
2023-11-25,S001,P0153,Furniture,South,83,102.54,88.12
2023-11-26,S001,P0153,Furniture,West,120,125.06,88.32
2023-11-27,S001,P0153,Furniture,East,46,56.85,88.33
2023-11-28,S001,P0153,Furniture,West,86,115.11,90.39
2023-11-29,S001,P0153,Furniture,North,91,109.18,94.15
2023-11-30,S001,P0153,Furniture,West,95,99.12,90.98
2023-12-01,S001,P0153,Furniture,East,147,167.88,90.38
2023-12-02,S001,P0153,Furniture,South,90,109.66,88.08
2023-12-03,S001,P0153,Furniture,West,122,151.53,88.94
2023-12-04,S001,P0153,Furniture,East,78,96.69,89.72
2023-12-05,S001,P0153,Furniture,East,147,154.28,108.57
2023-12-06,S001,P0153,Furniture,South,68,84.1,91.41
2023-12-07,S001,P0153,Furniture,West,123,115.07,107.25
2023-12-08,S001,P0153,Furniture,North,67,64.86,91.05
2023-12-09,S001,P0153,Furniture,East,151,144.08,87.04
2023-12-10,S001,P0153,Furniture,South,110,102.42,92.73
2023-12-11,S001,P0153,Furniture,West,80,102.27,92.18
2023-12-12,S001,P0153,Furniture,West,61,64.93,92.92
2023-12-13,S001,P0153,Furniture,East,98,90.74,88.49
2023-12-14,S001,P0153,Furniture,East,140,131.07,89.08
2023-12-15,S001,P0153,Furniture,South,84,105.05,89.83
2023-12-16,S001,P0153,Furniture,North,69,85.34,88.13
2023-12-17,S001,P0153,Furniture,East,98,133.36,88.33
2023-12-18,S001,P0153,Furniture,East,91,89.9,91.27
2023-12-19,S001,P0153,Furniture,North,85,93.13,93.34
2023-12-20,S001,P0153,Furniture,South,99,107.79,91.07
2023-12-21,S001,P0153,Furniture,West,149,192.39,107.87
2023-12-22,S001,P0153,Furniture,West,108,132.65,88.71
2023-12-23,S001,P0153,Furniture,North,104,125.53,88.27
2023-12-24,S001,P0153,Furniture,North,133,138.58,82.05
2023-12-25,S001,P0153,Furniture,North,101,94.12,89.28
2023-12-26,S001,P0153,Furniture,North,132,153.32,111.41
2023-12-27,S001,P0153,Furniture,South,111,113.6,92.73
2023-12-28,S001,P0153,Furniture,North,32,35.49,77.94
2023-12-29,S001,P0153,Furniture,South,131,152.3,87.59
2023-12-30,S001,P0153,Furniture,South,60,64.39,91.27
2023-12-31,S001,P0153,Furniture,West,98,133.45,88.57
2023-10-01,S001,P0159,Electronics,North,102,96.15,69.06
2023-10-02,S001,P0159,Electronics,South,59,75.49,89.4
2023-10-03,S001,P0159,Electronics,North,85,108.41,89.46
2023-10-04,S001,P0159,Electronics,West,60,84.87,71.21
2023-10-05,S001,P0159,Electronics,North,67,77.6,108.51
2023-10-06,S001,P0159,Electronics,West,91,99.44,89.26
2023-10-07,S001,P0159,Electronics,East,95,122.52,90.85
2023-10-08,S001,P0159,Electronics,North,86,86.0,90.11
2023-10-09,S001,P0159,Electronics,East,153,144.27,72.06
2023-10-10,S001,P0159,Electronics,East,88,101.42,90.59
2023-10-11,S001,P0159,Electronics,East,61,86.97,89.96
2023-10-12,S001,P0159,Electronics,West,76,97.96,93.04
2023-10-13,S001,P0159,Electronics,North,83,111.8,93.46
2023-10-14,S001,P0159,Electronics,North,99,138.2,89.93
2023-10-15,S001,P0159,Electronics,North,90,105.91,91.13
2023-10-16,S001,P0159,Electronics,North,77,102.69,90.55
2023-10-17,S001,P0159,Electronics,East,127,116.38,89.74
2023-10-18,S001,P0159,Electronics,South,67,64.37,72.03
2023-10-19,S001,P0159,Electronics,South,50,47.8,67.81
2023-10-20,S001,P0159,Electronics,South,145,178.02,89.99
2023-10-21,S001,P0159,Electronics,East,101,135.84,90.94
2023-10-22,S001,P0159,Electronics,West,100,101.85,88.18
2023-10-23,S001,P0159,Electronics,West,55,70.92,71.77
2023-10-24,S001,P0159,Electronics,West,58,72.48,72.88
2023-10-25,S001,P0159,Electronics,East,66,74.38,89.73
2023-10-26,S001,P0159,Electronics,North,94,99.1,70.56
2023-10-27,S001,P0159,Electronics,South,131,125.13,90.3
2023-10-28,S001,P0159,Electronics,East,126,117.4,89.94
2023-10-29,S001,P0159,Electronics,East,94,87.92,89.96
2023-10-30,S001,P0159,Electronics,North,73,77.91,90.24
2023-10-31,S001,P0159,Electronics,West,97,127.97,72.06
2023-11-01,S001,P0159,Electronics,East,45,65.33,72.42
2023-11-02,S001,P0159,Electronics,North,109,107.4,68.27
2023-11-03,S001,P0159,Electronics,West,87,89.99,89.62
2023-11-04,S001,P0159,Electronics,South,131,166.16,90.57
2023-11-05,S001,P0159,Electronics,East,81,75.17,91.25
2023-11-06,S001,P0159,Electronics,South,133,148.77,91.09
2023-11-07,S001,P0159,Electronics,North,58,60.66,64.55
2023-11-08,S001,P0159,Electronics,West,85,107.17,65.69
2023-11-09,S001,P0159,Electronics,East,94,88.02,88.45
2023-11-10,S001,P0159,Electronics,East,44,50.71,90.41
2023-11-11,S001,P0159,Electronics,South,106,99.61,90.28
2023-11-12,S001,P0159,Electronics,North,110,139.17,90.29
2023-11-13,S001,P0159,Electronics,South,90,95.76,90.24
2023-11-14,S001,P0159,Electronics,West,106,98.07,89.82
2023-11-15,S001,P0159,Electronics,West,94,114.2,90.54
2023-11-16,S001,P0159,Electronics,West,106,102.66,89.67
2023-11-17,S001,P0159,Electronics,North,95,96.84,90.56
2023-11-18,S001,P0159,Electronics,South,79,75.88,106.73
2023-11-19,S001,P0159,Electronics,West,95,91.06,90.5
2023-11-20,S001,P0159,Electronics,North,92,117.95,91.15
2023-11-21,S001,P0159,Electronics,West,30,29.57,89.56
2023-11-22,S001,P0159,Electronics,West,159,155.58,89.88
2023-11-23,S001,P0159,Electronics,North,101,111.54,71.44
2023-11-24,S001,P0159,Electronics,North,121,153.1,89.9
2023-11-25,S001,P0159,Electronics,East,50,53.24,91.15
2023-11-26,S001,P0159,Electronics,North,119,119.81,109.63
2023-11-27,S001,P0159,Electronics,South,70,76.7,88.03
2023-11-28,S001,P0159,Electronics,North,76,73.94,90.67
2023-11-29,S001,P0159,Electronics,North,94,111.32,89.34
2023-11-30,S001,P0159,Electronics,North,87,112.85,107.39
2023-12-01,S001,P0159,Electronics,South,72,79.11,72.75
2023-12-02,S001,P0159,Electronics,North,81,90.23,90.36
2023-12-03,S001,P0159,Electronics,West,50,69.93,90.6
2023-12-04,S001,P0159,Electronics,North,167,165.72,92.45
2023-12-05,S001,P0159,Electronics,South,52,68.29,90.29
2023-12-06,S001,P0159,Electronics,West,203,190.49,89.67
2023-12-07,S001,P0159,Electronics,South,130,143.26,89.13
2023-12-08,S001,P0159,Electronics,East,116,147.6,92.9
2023-12-09,S001,P0159,Electronics,South,144,139.73,74.9
2023-12-10,S001,P0159,Electronics,West,94,106.05,92.51
2023-12-11,S001,P0159,Electronics,South,91,117.92,96.51
2023-12-12,S001,P0159,Electronics,East,113,113.44,82.4
2023-12-13,S001,P0159,Electronics,North,58,67.29,90.43
2023-12-14,S001,P0159,Electronics,East,132,162.04,99.02
2023-12-15,S001,P0159,Electronics,South,61,68.28,72.59
2023-12-16,S001,P0159,Electronics,East,57,69.62,92.39
2023-12-17,S001,P0159,Electronics,West,81,89.05,89.93
2023-12-18,S001,P0159,Electronics,South,60,76.67,90.18
2023-12-19,S001,P0159,Electronics,West,87,87.03,71.32
2023-12-20,S001,P0159,Electronics,West,27,34.44,90.62
2023-12-21,S001,P0159,Electronics,North,115,115.89,90.89
2023-12-22,S001,P0159,Electronics,South,52,67.36,89.43
2023-12-23,S001,P0159,Electronics,West,50,67.67,88.98
2023-12-24,S001,P0159,Electronics,South,174,161.29,91.47
2023-12-25,S001,P0159,Electronics,West,83,111.5,87.73
2023-12-26,S001,P0159,Electronics,West,72,72.47,88.87
2023-12-27,S001,P0159,Electronics,West,43,55.01,73.84
2023-12-28,S001,P0159,Electronics,North,117,116.59,89.82
2023-12-29,S001,P0159,Electronics,North,134,138.38,89.74
2023-12-30,S001,P0159,Electronics,West,102,100.46,90.33
2023-12-31,S001,P0159,Electronics,East,45,64.0,85.37
2023-10-01,S001,P0166,Groceries,South,53,65.03,89.56
2023-10-02,S001,P0166,Groceries,North,76,88.32,89.81
2023-10-03,S001,P0166,Groceries,South,79,108.36,88.67
2023-10-04,S001,P0166,Groceries,West,142,135.28,89.96
2023-10-05,S001,P0166,Groceries,East,36,49.07,90.55
2023-10-06,S001,P0166,Groceries,East,78,87.4,83.8
2023-10-07,S001,P0166,Groceries,North,65,63.04,89.11
2023-10-08,S001,P0166,Groceries,West,94,108.34,86.58
2023-10-09,S001,P0166,Groceries,West,97,112.19,93.53
2023-10-10,S001,P0166,Groceries,East,99,105.65,89.12
2023-10-11,S001,P0166,Groceries,South,106,131.1,93.01
2023-10-12,S001,P0166,Groceries,East,63,77.69,93.33
2023-10-13,S001,P0166,Groceries,West,154,160.07,91.86
2023-10-14,S001,P0166,Groceries,North,86,110.77,95.86
2023-10-15,S001,P0166,Groceries,East,117,116.85,108.46
2023-10-16,S001,P0166,Groceries,South,53,69.72,109.11
2023-10-17,S001,P0166,Groceries,North,55,66.36,87.25
2023-10-18,S001,P0166,Groceries,North,119,145.34,87.83
2023-10-19,S001,P0166,Groceries,North,84,77.87,88.02
2023-10-20,S001,P0166,Groceries,East,87,121.73,90.63
2023-10-21,S001,P0166,Groceries,East,117,110.26,89.8
2023-10-22,S001,P0166,Groceries,North,159,192.75,107.68
2023-10-23,S001,P0166,Groceries,North,70,73.8,91.99
2023-10-24,S001,P0166,Groceries,North,78,92.27,90.32
2023-10-25,S001,P0166,Groceries,West,128,127.87,97.08
2023-10-26,S001,P0166,Groceries,North,91,95.64,93.53
2023-10-27,S001,P0166,Groceries,North,99,100.38,110.61
2023-10-28,S001,P0166,Groceries,West,95,110.45,109.63
2023-10-29,S001,P0166,Groceries,East,81,93.19,99.35
2023-10-30,S001,P0166,Groceries,North,68,77.78,92.86
2023-10-31,S001,P0166,Groceries,South,146,143.61,88.97
2023-11-01,S001,P0166,Groceries,South,63,82.85,89.87
2023-11-02,S001,P0166,Groceries,South,133,124.98,108.05
2023-11-03,S001,P0166,Groceries,North,76,85.6,87.83
2023-11-04,S001,P0166,Groceries,East,47,50.95,87.92
2023-11-05,S001,P0166,Groceries,East,71,82.98,88.83
2023-11-06,S001,P0166,Groceries,North,108,116.51,91.3
2023-11-07,S001,P0166,Groceries,West,79,102.42,88.4
2023-11-08,S001,P0166,Groceries,South,193,217.17,108.09
2023-11-09,S001,P0166,Groceries,East,95,126.88,91.04
2023-11-10,S001,P0166,Groceries,East,69,95.46,90.02
2023-11-11,S001,P0166,Groceries,East,74,76.31,88.13
2023-11-12,S001,P0166,Groceries,South,133,154.48,108.77
2023-11-13,S001,P0166,Groceries,South,106,145.32,90.8
2023-11-14,S001,P0166,Groceries,South,116,149.07,108.13
2023-11-15,S001,P0166,Groceries,West,78,86.03,111.5
2023-11-16,S001,P0166,Groceries,West,111,114.76,90.7
2023-11-17,S001,P0166,Groceries,South,60,82.15,109.6
2023-11-18,S001,P0166,Groceries,North,101,120.6,90.98
2023-11-19,S001,P0166,Groceries,East,35,48.03,90.04
2023-11-20,S001,P0166,Groceries,East,75,83.33,90.4
2023-11-21,S001,P0166,Groceries,East,61,80.08,89.28
2023-11-22,S001,P0166,Groceries,South,75,84.18,91.99
2023-11-23,S001,P0166,Groceries,West,117,108.81,90.27
2023-11-24,S001,P0166,Groceries,North,71,93.2,88.47
2023-11-25,S001,P0166,Groceries,East,81,96.71,88.27
2023-11-26,S001,P0166,Groceries,West,88,114.99,111.32
2023-11-27,S001,P0166,Groceries,East,59,82.02,108.78
2023-11-28,S001,P0166,Groceries,North,93,90.33,89.23
2023-11-29,S001,P0166,Groceries,East,82,83.12,92.21
2023-11-30,S001,P0166,Groceries,East,32,38.85,92.06
2023-12-01,S001,P0166,Groceries,East,122,117.47,87.83
2023-12-02,S001,P0166,Groceries,West,69,76.98,88.11
2023-12-03,S001,P0166,Groceries,West,50,57.52,89.7
2023-12-04,S001,P0166,Groceries,North,84,90.87,89.65
2023-12-05,S001,P0166,Groceries,North,104,108.7,107.47
2023-12-06,S001,P0166,Groceries,South,131,137.45,90.31
2023-12-07,S001,P0166,Groceries,North,116,145.23,91.28
2023-12-08,S001,P0166,Groceries,South,118,111.44,87.54
2023-12-09,S001,P0166,Groceries,West,108,133.76,88.11
2023-12-10,S001,P0166,Groceries,West,80,108.67,85.99
2023-12-11,S001,P0166,Groceries,West,67,67.08,92.82
2023-12-12,S001,P0166,Groceries,South,137,137.4,90.78
2023-12-13,S001,P0166,Groceries,South,98,99.11,86.13
2023-12-14,S001,P0166,Groceries,South,76,101.09,88.9
2023-12-15,S001,P0166,Groceries,North,49,70.13,88.21
2023-12-16,S001,P0166,Groceries,East,81,112.38,87.88
2023-12-17,S001,P0166,Groceries,South,93,102.05,88.59
2023-12-18,S001,P0166,Groceries,North,63,70.43,89.68
2023-12-19,S001,P0166,Groceries,East,64,90.94,88.64
2023-12-20,S001,P0166,Groceries,South,86,111.02,89.57
2023-12-21,S001,P0166,Groceries,South,76,103.7,90.08
2023-12-22,S001,P0166,Groceries,North,82,95.49,88.27
2023-12-23,S001,P0166,Groceries,West,102,115.41,105.51
2023-12-24,S001,P0166,Groceries,South,54,59.27,89.19
2023-12-25,S001,P0166,Groceries,West,129,119.48,89.28
2023-12-26,S001,P0166,Groceries,North,99,94.22,91.89
2023-12-27,S001,P0166,Groceries,West,115,116.33,88.73
2023-12-28,S001,P0166,Groceries,East,119,136.62,93.41
2023-12-29,S001,P0166,Groceries,West,50,70.01,87.51
2023-12-30,S001,P0166,Groceries,South,19,17.69,87.63
2023-12-31,S001,P0166,Groceries,South,101,108.49,88.59
2023-10-01,S001,P0171,Electronics,South,88,103.82,73.51
2023-10-02,S001,P0171,Electronics,East,84,83.38,89.85
2023-10-03,S001,P0171,Electronics,South,116,105.86,89.63
2023-10-04,S001,P0171,Electronics,East,138,126.42,92.05
2023-10-05,S001,P0171,Electronics,East,89,93.11,107.07
2023-10-06,S001,P0171,Electronics,South,120,127.97,90.75
2023-10-07,S001,P0171,Electronics,East,102,118.7,71.38
2023-10-08,S001,P0171,Electronics,East,89,102.92,91.95
2023-10-09,S001,P0171,Electronics,East,0,0.4,85.48
2023-10-10,S001,P0171,Electronics,South,147,162.93,105.2
2023-10-11,S001,P0171,Electronics,East,106,96.64,89.51
2023-10-12,S001,P0171,Electronics,North,127,149.68,90.06
2023-10-13,S001,P0171,Electronics,East,62,73.58,73.76
2023-10-14,S001,P0171,Electronics,East,115,119.34,90.68
2023-10-15,S001,P0171,Electronics,North,80,114.33,90.98
2023-10-16,S001,P0171,Electronics,East,142,144.33,91.03
2023-10-17,S001,P0171,Electronics,North,80,89.29,89.31
2023-10-18,S001,P0171,Electronics,West,92,119.37,89.81
2023-10-19,S001,P0171,Electronics,West,107,105.16,73.05
2023-10-20,S001,P0171,Electronics,West,100,95.4,82.55
2023-10-21,S001,P0171,Electronics,West,77,74.46,90.16
2023-10-22,S001,P0171,Electronics,East,50,58.19,70.95
2023-10-23,S001,P0171,Electronics,East,64,85.02,71.95
2023-10-24,S001,P0171,Electronics,East,108,111.97,90.42
2023-10-25,S001,P0171,Electronics,West,93,107.3,89.88
2023-10-26,S001,P0171,Electronics,East,100,104.5,89.92
2023-10-27,S001,P0171,Electronics,West,101,122.8,88.73
2023-10-28,S001,P0171,Electronics,West,69,88.94,90.15
2023-10-29,S001,P0171,Electronics,West,53,64.89,109.02
2023-10-30,S001,P0171,Electronics,South,50,51.47,107.92
2023-10-31,S001,P0171,Electronics,East,105,107.43,89.93
2023-11-01,S001,P0171,Electronics,North,53,64.54,90.69
2023-11-02,S001,P0171,Electronics,West,84,102.1,90.69
2023-11-03,S001,P0171,Electronics,West,89,120.24,91.05
2023-11-04,S001,P0171,Electronics,South,49,48.89,70.75
2023-11-05,S001,P0171,Electronics,East,132,151.34,88.81
2023-11-06,S001,P0171,Electronics,West,42,44.81,90.18
2023-11-07,S001,P0171,Electronics,North,132,127.47,89.21
2023-11-08,S001,P0171,Electronics,South,42,43.99,71.9
2023-11-09,S001,P0171,Electronics,South,119,154.58,91.54
2023-11-10,S001,P0171,Electronics,South,121,115.08,90.59
2023-11-11,S001,P0171,Electronics,South,106,113.89,89.95
2023-11-12,S001,P0171,Electronics,West,38,38.19,89.91
2023-11-13,S001,P0171,Electronics,East,146,150.43,90.32
2023-11-14,S001,P0171,Electronics,North,51,73.1,89.7
2023-11-15,S001,P0171,Electronics,South,96,89.5,90.56
2023-11-16,S001,P0171,Electronics,West,96,98.84,88.56
2023-11-17,S001,P0171,Electronics,East,116,107.46,89.75
2023-11-18,S001,P0171,Electronics,North,69,90.39,107.13
2023-11-19,S001,P0171,Electronics,West,125,121.13,105.49
2023-11-20,S001,P0171,Electronics,East,74,90.72,91.41
2023-11-21,S001,P0171,Electronics,North,90,114.19,89.16
2023-11-22,S001,P0171,Electronics,South,78,90.74,71.5
2023-11-23,S001,P0171,Electronics,East,55,54.56,90.76
2023-11-24,S001,P0171,Electronics,North,61,80.68,90.33
2023-11-25,S001,P0171,Electronics,North,84,82.85,89.98
2023-11-26,S001,P0171,Electronics,South,40,40.24,91.34
2023-11-27,S001,P0171,Electronics,South,103,120.31,109.99
2023-11-28,S001,P0171,Electronics,North,92,94.04,89.28
2023-11-29,S001,P0171,Electronics,West,119,158.96,107.87
2023-11-30,S001,P0171,Electronics,South,105,117.82,89.89
2023-12-01,S001,P0171,Electronics,East,56,67.76,108.87
2023-12-02,S001,P0171,Electronics,East,71,101.95,88.38
2023-12-03,S001,P0171,Electronics,South,60,64.94,89.93
2023-12-04,S001,P0171,Electronics,East,111,125.57,89.24
2023-12-05,S001,P0171,Electronics,North,94,115.89,72.34
2023-12-06,S001,P0171,Electronics,South,34,44.91,90.53
2023-12-07,S001,P0171,Electronics,North,127,138.05,90.02
2023-12-08,S001,P0171,Electronics,South,117,111.32,71.65
2023-12-09,S001,P0171,Electronics,North,120,121.96,93.46
2023-12-10,S001,P0171,Electronics,North,116,106.52,90.76
2023-12-11,S001,P0171,Electronics,West,177,181.78,118.62
2023-12-12,S001,P0171,Electronics,South,55,71.58,88.64
2023-12-13,S001,P0171,Electronics,West,55,77.49,74.24
2023-12-14,S001,P0171,Electronics,East,38,50.73,87.1
2023-12-15,S001,P0171,Electronics,North,103,100.15,71.43
2023-12-16,S001,P0171,Electronics,North,66,65.2,88.93
2023-12-17,S001,P0171,Electronics,North,98,120.89,89.75
2023-12-18,S001,P0171,Electronics,South,109,123.18,88.95
2023-12-19,S001,P0171,Electronics,East,110,136.4,89.08
2023-12-20,S001,P0171,Electronics,East,83,97.91,73.53
2023-12-21,S001,P0171,Electronics,East,52,57.31,71.5
2023-12-22,S001,P0171,Electronics,North,126,157.69,104.75
2023-12-23,S001,P0171,Electronics,North,84,82.46,90.8
2023-12-24,S001,P0171,Electronics,East,126,129.75,109.34
2023-12-25,S001,P0171,Electronics,East,93,92.28,88.59
2023-12-26,S001,P0171,Electronics,West,56,71.12,90.24
2023-12-27,S001,P0171,Electronics,West,84,100.29,90.05
2023-12-28,S001,P0171,Electronics,South,75,106.27,80.9
2023-12-29,S001,P0171,Electronics,South,60,69.86,90.33
2023-12-30,S001,P0171,Electronics,East,32,43.65,110.56
2023-12-31,S001,P0171,Electronics,South,86,95.58,91.16
2023-10-01,S001,P0175,Electronics,North,144,159.24,89.59
2023-10-02,S001,P0175,Electronics,South,134,167.32,89.77
2023-10-03,S001,P0175,Electronics,East,134,139.36,90.21
2023-10-04,S001,P0175,Electronics,East,113,134.12,114.17
2023-10-05,S001,P0175,Electronics,East,94,111.46,73.34
2023-10-06,S001,P0175,Electronics,South,103,112.46,90.29
2023-10-07,S001,P0175,Electronics,West,43,40.19,85.29
2023-10-08,S001,P0175,Electronics,East,209,199.2,91.77
2023-10-09,S001,P0175,Electronics,North,69,69.7,80.3
2023-10-10,S001,P0175,Electronics,East,70,100.68,89.05
2023-10-11,S001,P0175,Electronics,East,84,86.24,88.41
2023-10-12,S001,P0175,Electronics,West,92,85.16,88.56
2023-10-13,S001,P0175,Electronics,East,93,101.93,88.71
2023-10-14,S001,P0175,Electronics,West,87,90.42,71.84
2023-10-15,S001,P0175,Electronics,East,65,76.2,90.34
2023-10-16,S001,P0175,Electronics,East,76,90.51,93.13
2023-10-17,S001,P0175,Electronics,North,86,79.52,72.12
2023-10-18,S001,P0175,Electronics,West,72,74.83,91.72
2023-10-19,S001,P0175,Electronics,West,124,117.18,90.18
2023-10-20,S001,P0175,Electronics,West,98,97.93,89.22
2023-10-21,S001,P0175,Electronics,West,96,94.88,91.44
2023-10-22,S001,P0175,Electronics,North,87,82.68,89.82
2023-10-23,S001,P0175,Electronics,West,169,164.41,109.38
2023-10-24,S001,P0175,Electronics,South,51,67.88,89.61
2023-10-25,S001,P0175,Electronics,North,76,83.46,89.19
2023-10-26,S001,P0175,Electronics,North,38,51.82,72.22
2023-10-27,S001,P0175,Electronics,South,80,96.23,89.44
2023-10-28,S001,P0175,Electronics,East,58,57.45,89.21
2023-10-29,S001,P0175,Electronics,South,118,125.78,102.87
2023-10-30,S001,P0175,Electronics,North,127,137.86,90.28
2023-10-31,S001,P0175,Electronics,West,74,86.15,89.45
2023-11-01,S001,P0175,Electronics,North,126,129.63,86.32
2023-11-02,S001,P0175,Electronics,West,56,66.33,88.49
2023-11-03,S001,P0175,Electronics,North,0,0.0,90.54
2023-11-04,S001,P0175,Electronics,North,121,117.78,113.16
2023-11-05,S001,P0175,Electronics,West,111,127.82,89.32
2023-11-06,S001,P0175,Electronics,North,67,62.92,73.97
2023-11-07,S001,P0175,Electronics,West,80,96.4,88.47
2023-11-08,S001,P0175,Electronics,West,70,100.36,73.15
2023-11-09,S001,P0175,Electronics,South,98,135.68,89.65
2023-11-10,S001,P0175,Electronics,North,164,170.55,90.38
2023-11-11,S001,P0175,Electronics,West,45,62.12,88.4
2023-11-12,S001,P0175,Electronics,East,75,71.17,89.73
2023-11-13,S001,P0175,Electronics,West,73,98.97,97.04
2023-11-14,S001,P0175,Electronics,South,118,148.75,90.27
2023-11-15,S001,P0175,Electronics,East,78,89.99,88.7
2023-11-16,S001,P0175,Electronics,East,94,101.47,89.18
2023-11-17,S001,P0175,Electronics,South,59,77.23,69.93
2023-11-18,S001,P0175,Electronics,West,112,112.71,90.02
2023-11-19,S001,P0175,Electronics,South,82,98.35,76.65
2023-11-20,S001,P0175,Electronics,West,85,108.32,71.44
2023-11-21,S001,P0175,Electronics,South,121,121.36,89.32
2023-11-22,S001,P0175,Electronics,South,55,52.57,88.28
2023-11-23,S001,P0175,Electronics,East,66,62.78,89.05
2023-11-24,S001,P0175,Electronics,East,122,132.73,109.53
2023-11-25,S001,P0175,Electronics,East,82,103.97,89.1
2023-11-26,S001,P0175,Electronics,South,72,74.56,74.83
2023-11-27,S001,P0175,Electronics,East,72,94.38,88.99
2023-11-28,S001,P0175,Electronics,South,112,125.79,110.59
2023-11-29,S001,P0175,Electronics,North,123,174.53,89.09
2023-11-30,S001,P0175,Electronics,North,54,53.22,88.58
2023-12-01,S001,P0175,Electronics,North,101,105.68,82.97
2023-12-02,S001,P0175,Electronics,West,128,128.82,89.38
2023-12-03,S001,P0175,Electronics,North,107,108.49,89.23
2023-12-04,S001,P0175,Electronics,South,83,105.44,89.7
2023-12-05,S001,P0175,Electronics,South,76,105.79,95.12
2023-12-06,S001,P0175,Electronics,East,91,125.89,87.64
2023-12-07,S001,P0175,Electronics,West,22,28.45,89.47
2023-12-08,S001,P0175,Electronics,East,99,119.76,103.44
2023-12-09,S001,P0175,Electronics,South,147,135.71,90.12
2023-12-10,S001,P0175,Electronics,South,70,68.04,75.37
2023-12-11,S001,P0175,Electronics,North,86,81.88,74.08
2023-12-12,S001,P0175,Electronics,South,59,60.3,71.88
2023-12-13,S001,P0175,Electronics,South,27,29.28,97.59
2023-12-14,S001,P0175,Electronics,South,90,108.93,119.85
2023-12-15,S001,P0175,Electronics,North,78,94.82,89.76
2023-12-16,S001,P0175,Electronics,South,76,102.25,89.12
2023-12-17,S001,P0175,Electronics,North,69,76.52,113.58
2023-12-18,S001,P0175,Electronics,West,41,53.29,73.09
2023-12-19,S001,P0175,Electronics,East,103,148.23,111.26
2023-12-20,S001,P0175,Electronics,South,85,111.43,108.37
2023-12-21,S001,P0175,Electronics,South,77,110.07,90.06
2023-12-22,S001,P0175,Electronics,East,98,97.4,90.18
2023-12-23,S001,P0175,Electronics,South,55,68.5,111.87
2023-12-24,S001,P0175,Electronics,North,84,92.93,74.11
2023-12-25,S001,P0175,Electronics,West,113,108.69,89.97
2023-12-26,S001,P0175,Electronics,South,49,67.36,89.45
2023-12-27,S001,P0175,Electronics,West,122,138.61,89.33
2023-12-28,S001,P0175,Electronics,East,115,106.38,88.36
2023-12-29,S001,P0175,Electronics,West,53,61.65,88.5
2023-12-30,S001,P0175,Electronics,West,61,68.02,89.38
2023-12-31,S001,P0175,Electronics,North,25,35.75,90.66
2023-10-01,S001,P0178,Clothing,South,77,74.49,89.32
2023-10-02,S001,P0178,Clothing,West,75,76.42,89.56
2023-10-03,S001,P0178,Clothing,East,40,57.22,90.44
2023-10-04,S001,P0178,Clothing,South,112,114.56,89.42
2023-10-05,S001,P0178,Clothing,South,81,88.22,90.27
2023-10-06,S001,P0178,Clothing,South,70,66.36,90.92
2023-10-07,S001,P0178,Clothing,East,149,193.12,90.26
2023-10-08,S001,P0178,Clothing,North,67,79.12,91.26
2023-10-09,S001,P0178,Clothing,East,128,148.0,89.73
2023-10-10,S001,P0178,Clothing,West,107,124.88,89.9
2023-10-11,S001,P0178,Clothing,East,103,139.01,90.49
2023-10-12,S001,P0178,Clothing,North,91,110.81,90.88
2023-10-13,S001,P0178,Clothing,East,106,139.21,89.23
2023-10-14,S001,P0178,Clothing,West,100,142.15,91.5
2023-10-15,S001,P0178,Clothing,West,66,71.74,88.46
2023-10-16,S001,P0178,Clothing,North,97,125.62,89.44
2023-10-17,S001,P0178,Clothing,South,13,17.83,89.63
2023-10-18,S001,P0178,Clothing,South,64,91.36,89.86
2023-10-19,S001,P0178,Clothing,East,104,95.62,109.23
2023-10-20,S001,P0178,Clothing,East,129,155.58,106.71
2023-10-21,S001,P0178,Clothing,North,121,119.94,90.62
2023-10-22,S001,P0178,Clothing,South,156,146.27,89.67
2023-10-23,S001,P0178,Clothing,South,109,156.49,89.14
2023-10-24,S001,P0178,Clothing,South,120,126.35,89.48
2023-10-25,S001,P0178,Clothing,West,59,58.17,89.82
2023-10-26,S001,P0178,Clothing,East,49,57.67,110.26
2023-10-27,S001,P0178,Clothing,South,126,147.37,89.41
2023-10-28,S001,P0178,Clothing,West,138,174.55,89.97
2023-10-29,S001,P0178,Clothing,South,69,77.04,89.59
2023-10-30,S001,P0178,Clothing,West,87,85.66,90.05
2023-10-31,S001,P0178,Clothing,West,137,126.5,90.37
2023-11-01,S001,P0178,Clothing,West,117,113.22,124.17
2023-11-02,S001,P0178,Clothing,West,125,115.25,121.79
2023-11-03,S001,P0178,Clothing,East,93,114.68,123.51
2023-11-04,S001,P0178,Clothing,West,141,145.17,120.35
2023-11-05,S001,P0178,Clothing,West,78,110.66,137.61
2023-11-06,S001,P0178,Clothing,North,52,71.09,128.36
2023-11-07,S001,P0178,Clothing,West,133,143.65,131.29
2023-11-08,S001,P0178,Clothing,West,125,128.23,123.46
2023-11-09,S001,P0178,Clothing,West,135,155.16,116.36
2023-11-10,S001,P0178,Clothing,West,170,171.22,119.24
2023-11-11,S001,P0178,Clothing,North,80,110.59,126.36
2023-11-12,S001,P0178,Clothing,West,154,191.41,141.76
2023-11-13,S001,P0178,Clothing,West,182,199.7,129.44
2023-11-14,S001,P0178,Clothing,West,105,103.49,154.65
2023-11-15,S001,P0178,Clothing,West,40,51.18,123.69
2023-11-16,S001,P0178,Clothing,West,157,179.52,123.75
2023-11-17,S001,P0178,Clothing,South,167,158.61,123.31
2023-11-18,S001,P0178,Clothing,North,186,173.0,123.46
2023-11-19,S001,P0178,Clothing,East,125,146.38,152.61
2023-11-20,S001,P0178,Clothing,South,155,142.02,131.17
2023-11-21,S001,P0178,Clothing,South,60,85.48,118.82
2023-11-22,S001,P0178,Clothing,North,136,145.5,126.07
2023-11-23,S001,P0178,Clothing,West,109,131.63,129.73
2023-11-24,S001,P0178,Clothing,East,188,195.86,156.76
2023-11-25,S001,P0178,Clothing,South,89,94.75,125.5
2023-11-26,S001,P0178,Clothing,West,145,188.39,125.46
2023-11-27,S001,P0178,Clothing,North,124,129.54,158.93
2023-11-28,S001,P0178,Clothing,South,195,226.06,159.82
2023-11-29,S001,P0178,Clothing,North,125,147.62,149.47
2023-11-30,S001,P0178,Clothing,North,181,166.27,125.72
2023-12-01,S001,P0178,Clothing,West,196,251.42,155.0
2023-12-02,S001,P0178,Clothing,South,144,156.23,123.65
2023-12-03,S001,P0178,Clothing,West,151,205.02,122.34
2023-12-04,S001,P0178,Clothing,East,174,209.04,148.68
2023-12-05,S001,P0178,Clothing,East,103,99.66,121.41
2023-12-06,S001,P0178,Clothing,South,96,101.87,147.33
2023-12-07,S001,P0178,Clothing,West,161,168.64,131.42
2023-12-08,S001,P0178,Clothing,South,114,106.44,122.85
2023-12-09,S001,P0178,Clothing,West,51,66.72,124.56
2023-12-10,S001,P0178,Clothing,East,170,182.92,123.06
2023-12-11,S001,P0178,Clothing,East,65,81.39,161.81
2023-12-12,S001,P0178,Clothing,East,131,157.74,123.35
2023-12-13,S001,P0178,Clothing,North,49,47.41,137.29
2023-12-14,S001,P0178,Clothing,North,114,126.78,125.06
2023-12-15,S001,P0178,Clothing,South,162,154.26,122.95
2023-12-16,S001,P0178,Clothing,West,159,147.73,132.43
2023-12-17,S001,P0178,Clothing,West,157,193.36,155.09
2023-12-18,S001,P0178,Clothing,East,153,150.2,121.09
2023-12-19,S001,P0178,Clothing,South,183,170.78,151.23
2023-12-20,S001,P0178,Clothing,East,118,137.56,127.2
2023-12-21,S001,P0178,Clothing,North,219,214.43,124.62
2023-12-22,S001,P0178,Clothing,North,104,148.67,123.66
2023-12-23,S001,P0178,Clothing,West,107,141.56,124.2
2023-12-24,S001,P0178,Clothing,South,111,124.6,129.6
2023-12-25,S001,P0178,Clothing,North,109,155.18,124.33
2023-12-26,S001,P0178,Clothing,North,132,182.06,124.8
2023-12-27,S001,P0178,Clothing,North,61,55.76,124.51
2023-12-28,S001,P0178,Clothing,East,50,60.59,128.64
2023-12-29,S001,P0178,Clothing,North,132,175.97,126.35
2023-12-30,S001,P0178,Clothing,South,96,124.51,142.63
2023-12-31,S001,P0178,Clothing,West,107,121.29,125.01
2023-10-01,S001,P0183,Electronics,North,96,103.95,108.88
2023-10-02,S001,P0183,Electronics,West,63,72.68,84.53
2023-10-03,S001,P0183,Electronics,East,78,90.34,90.0
2023-10-04,S001,P0183,Electronics,South,65,76.1,71.19
2023-10-05,S001,P0183,Electronics,East,73,96.84,72.42
2023-10-06,S001,P0183,Electronics,South,78,78.38,73.89
2023-10-07,S001,P0183,Electronics,West,123,119.12,90.51
2023-10-08,S001,P0183,Electronics,North,58,78.02,91.14
2023-10-09,S001,P0183,Electronics,North,78,106.09,69.92
2023-10-10,S001,P0183,Electronics,East,76,100.12,111.17
2023-10-11,S001,P0183,Electronics,West,68,63.13,88.9
2023-10-12,S001,P0183,Electronics,South,68,75.24,71.68
2023-10-13,S001,P0183,Electronics,West,104,147.62,111.02
2023-10-14,S001,P0183,Electronics,South,146,140.94,109.0
2023-10-15,S001,P0183,Electronics,North,95,107.54,90.46
2023-10-16,S001,P0183,Electronics,East,59,56.4,72.26
2023-10-17,S001,P0183,Electronics,East,64,76.58,91.64
2023-10-18,S001,P0183,Electronics,South,128,141.44,90.35
2023-10-19,S001,P0183,Electronics,North,76,99.65,89.62
2023-10-20,S001,P0183,Electronics,South,80,83.06,89.38
2023-10-21,S001,P0183,Electronics,North,51,69.7,89.76
2023-10-22,S001,P0183,Electronics,West,85,118.72,90.49
2023-10-23,S001,P0183,Electronics,East,146,161.36,110.6
2023-10-24,S001,P0183,Electronics,North,99,115.4,90.58
2023-10-25,S001,P0183,Electronics,South,71,86.08,89.8
2023-10-26,S001,P0183,Electronics,East,102,98.6,89.53
2023-10-27,S001,P0183,Electronics,East,66,84.02,103.56
2023-10-28,S001,P0183,Electronics,North,74,71.67,90.41
2023-10-29,S001,P0183,Electronics,East,63,88.02,89.97
2023-10-30,S001,P0183,Electronics,West,76,79.34,71.82
2023-10-31,S001,P0183,Electronics,South,19,26.22,73.87
2023-11-01,S001,P0183,Electronics,North,109,125.8,90.64
2023-11-02,S001,P0183,Electronics,East,76,95.82,91.42
2023-11-03,S001,P0183,Electronics,South,79,77.41,109.32
2023-11-04,S001,P0183,Electronics,North,74,101.5,89.96
2023-11-05,S001,P0183,Electronics,North,78,75.12,74.06
2023-11-06,S001,P0183,Electronics,North,95,89.81,89.87
2023-11-07,S001,P0183,Electronics,South,118,112.07,89.14
2023-11-08,S001,P0183,Electronics,East,84,101.53,106.3
2023-11-09,S001,P0183,Electronics,West,90,92.84,89.95
2023-11-10,S001,P0183,Electronics,East,86,88.19,109.09
2023-11-11,S001,P0183,Electronics,East,41,37.68,90.03
2023-11-12,S001,P0183,Electronics,North,60,80.38,90.52
2023-11-13,S001,P0183,Electronics,West,125,148.17,89.38
2023-11-14,S001,P0183,Electronics,West,108,139.89,90.13
2023-11-15,S001,P0183,Electronics,South,97,109.44,89.93
2023-11-16,S001,P0183,Electronics,North,94,118.55,90.05
2023-11-17,S001,P0183,Electronics,East,117,125.86,74.6
2023-11-18,S001,P0183,Electronics,South,24,23.26,109.25
2023-11-19,S001,P0183,Electronics,North,94,116.01,91.63
2023-11-20,S001,P0183,Electronics,East,67,81.97,90.98
2023-11-21,S001,P0183,Electronics,North,77,100.14,90.82
2023-11-22,S001,P0183,Electronics,South,55,54.56,71.52
2023-11-23,S001,P0183,Electronics,North,90,105.44,71.87
2023-11-24,S001,P0183,Electronics,West,74,74.84,89.56
2023-11-25,S001,P0183,Electronics,South,67,89.97,89.08
2023-11-26,S001,P0183,Electronics,West,61,61.84,89.79
2023-11-27,S001,P0183,Electronics,West,47,67.71,93.72
2023-11-28,S001,P0183,Electronics,West,55,61.5,90.27
2023-11-29,S001,P0183,Electronics,West,83,88.0,90.7
2023-11-30,S001,P0183,Electronics,East,81,103.22,88.17
2023-12-01,S001,P0183,Electronics,North,69,77.48,90.04
2023-12-02,S001,P0183,Electronics,West,60,64.69,88.27
2023-12-03,S001,P0183,Electronics,East,44,40.62,93.67
2023-12-04,S001,P0183,Electronics,West,94,109.06,88.29
2023-12-05,S001,P0183,Electronics,East,94,100.23,89.7
2023-12-06,S001,P0183,Electronics,West,67,89.45,91.57
2023-12-07,S001,P0183,Electronics,South,78,96.91,89.58
2023-12-08,S001,P0183,Electronics,North,84,108.78,71.08
2023-12-09,S001,P0183,Electronics,South,79,102.54,88.79
2023-12-10,S001,P0183,Electronics,North,84,96.53,89.91
2023-12-11,S001,P0183,Electronics,West,56,70.66,73.63
2023-12-12,S001,P0183,Electronics,East,130,151.7,89.78
2023-12-13,S001,P0183,Electronics,West,78,101.86,90.67
2023-12-14,S001,P0183,Electronics,East,97,111.64,89.81
2023-12-15,S001,P0183,Electronics,South,82,102.84,89.9
2023-12-16,S001,P0183,Electronics,East,74,98.02,90.03
2023-12-17,S001,P0183,Electronics,West,93,91.36,89.57
2023-12-18,S001,P0183,Electronics,North,113,127.79,90.12
2023-12-19,S001,P0183,Electronics,North,44,49.38,73.82
2023-12-20,S001,P0183,Electronics,South,77,105.27,110.92
2023-12-21,S001,P0183,Electronics,South,111,140.22,90.14
2023-12-22,S001,P0183,Electronics,West,76,94.21,90.16
2023-12-23,S001,P0183,Electronics,East,104,132.2,90.34
2023-12-24,S001,P0183,Electronics,South,95,132.73,89.97
2023-12-25,S001,P0183,Electronics,West,102,120.46,89.63
2023-12-26,S001,P0183,Electronics,West,196,194.33,104.55
2023-12-27,S001,P0183,Electronics,North,93,127.68,104.77
2023-12-28,S001,P0183,Electronics,South,100,128.19,90.5
2023-12-29,S001,P0183,Electronics,South,115,110.6,89.09
2023-12-30,S001,P0183,Electronics,West,176,198.72,109.0
2023-12-31,S001,P0183,Electronics,East,143,147.27,95.08
2023-10-01,S001,P0187,Clothing,South,87,109.55,90.32
2023-10-02,S001,P0187,Clothing,East,62,83.36,90.9
2023-10-03,S001,P0187,Clothing,West,105,101.89,90.67
2023-10-04,S001,P0187,Clothing,East,105,117.41,90.04
2023-10-05,S001,P0187,Clothing,North,108,116.5,90.53
2023-10-06,S001,P0187,Clothing,North,84,89.65,90.25
2023-10-07,S001,P0187,Clothing,North,151,173.73,90.23
2023-10-08,S001,P0187,Clothing,East,114,124.65,90.62
2023-10-09,S001,P0187,Clothing,West,150,159.99,89.44
2023-10-10,S001,P0187,Clothing,West,77,90.26,87.55
2023-10-11,S001,P0187,Clothing,West,115,126.36,87.91
2023-10-12,S001,P0187,Clothing,East,80,104.33,89.12
2023-10-13,S001,P0187,Clothing,West,103,94.48,91.16
2023-10-14,S001,P0187,Clothing,East,113,127.83,89.33
2023-10-15,S001,P0187,Clothing,North,118,108.03,92.85
2023-10-16,S001,P0187,Clothing,West,158,144.73,92.65
2023-10-17,S001,P0187,Clothing,South,104,139.86,111.98
2023-10-18,S001,P0187,Clothing,East,136,133.25,89.2
2023-10-19,S001,P0187,Clothing,South,76,95.98,90.92
2023-10-20,S001,P0187,Clothing,South,93,86.99,91.95
2023-10-21,S001,P0187,Clothing,East,68,90.28,114.96
2023-10-22,S001,P0187,Clothing,East,144,150.82,93.6
2023-10-23,S001,P0187,Clothing,North,70,83.85,112.63
2023-10-24,S001,P0187,Clothing,West,134,160.7,89.39
2023-10-25,S001,P0187,Clothing,West,119,128.12,89.61
2023-10-26,S001,P0187,Clothing,North,153,142.62,89.53
2023-10-27,S001,P0187,Clothing,West,72,72.23,82.87
2023-10-28,S001,P0187,Clothing,West,112,123.03,90.98
2023-10-29,S001,P0187,Clothing,South,88,91.67,122.72
2023-10-30,S001,P0187,Clothing,South,114,119.82,89.08
2023-10-31,S001,P0187,Clothing,East,174,187.96,90.29
2023-11-01,S001,P0187,Clothing,East,202,197.38,132.05
2023-11-02,S001,P0187,Clothing,South,92,126.45,121.88
2023-11-03,S001,P0187,Clothing,South,156,177.71,130.9
2023-11-04,S001,P0187,Clothing,North,97,119.56,128.53
2023-11-05,S001,P0187,Clothing,West,140,196.32,127.12
2023-11-06,S001,P0187,Clothing,West,128,175.7,125.36
2023-11-07,S001,P0187,Clothing,East,166,172.45,124.59
2023-11-08,S001,P0187,Clothing,East,206,212.8,129.19
2023-11-09,S001,P0187,Clothing,East,76,82.67,127.14
2023-11-10,S001,P0187,Clothing,South,148,176.9,125.33
2023-11-11,S001,P0187,Clothing,West,125,117.7,126.14
2023-11-12,S001,P0187,Clothing,West,214,207.4,139.28
2023-11-13,S001,P0187,Clothing,West,169,202.68,128.28
2023-11-14,S001,P0187,Clothing,North,169,173.37,127.2
2023-11-15,S001,P0187,Clothing,North,129,149.3,127.28
2023-11-16,S001,P0187,Clothing,South,35,48.27,125.5
2023-11-17,S001,P0187,Clothing,North,132,173.87,127.37
2023-11-18,S001,P0187,Clothing,South,92,109.69,126.37
2023-11-19,S001,P0187,Clothing,East,116,139.76,128.89
2023-11-20,S001,P0187,Clothing,West,123,159.69,149.6
2023-11-21,S001,P0187,Clothing,East,70,98.07,124.67
2023-11-22,S001,P0187,Clothing,West,148,157.22,122.39
2023-11-23,S001,P0187,Clothing,West,105,130.56,125.03
2023-11-24,S001,P0187,Clothing,South,98,90.85,123.13
2023-11-25,S001,P0187,Clothing,West,106,133.04,132.92
2023-11-26,S001,P0187,Clothing,West,88,108.43,127.4
2023-11-27,S001,P0187,Clothing,East,131,149.89,128.16
2023-11-28,S001,P0187,Clothing,South,121,132.54,126.29
2023-11-29,S001,P0187,Clothing,East,98,117.85,127.38
2023-11-30,S001,P0187,Clothing,North,192,185.81,121.27
2023-12-01,S001,P0187,Clothing,West,179,182.47,125.41
2023-12-02,S001,P0187,Clothing,West,92,110.81,128.34
2023-12-03,S001,P0187,Clothing,West,103,106.08,126.29
2023-12-04,S001,P0187,Clothing,North,94,126.57,132.58
2023-12-05,S001,P0187,Clothing,West,164,156.6,127.89
2023-12-06,S001,P0187,Clothing,North,135,124.78,126.52
2023-12-07,S001,P0187,Clothing,South,79,80.66,149.31
2023-12-08,S001,P0187,Clothing,North,91,116.26,128.32
2023-12-09,S001,P0187,Clothing,South,144,156.63,135.78
2023-12-10,S001,P0187,Clothing,South,85,118.24,128.88
2023-12-11,S001,P0187,Clothing,North,193,212.3,127.95
2023-12-12,S001,P0187,Clothing,East,103,111.48,128.79
2023-12-13,S001,P0187,Clothing,East,113,144.04,154.87
2023-12-14,S001,P0187,Clothing,North,119,137.17,119.93
2023-12-15,S001,P0187,Clothing,South,178,163.32,123.84
2023-12-16,S001,P0187,Clothing,West,128,166.69,128.84
2023-12-17,S001,P0187,Clothing,East,130,140.54,124.12
2023-12-18,S001,P0187,Clothing,East,157,164.35,118.57
2023-12-19,S001,P0187,Clothing,South,111,156.29,125.24
2023-12-20,S001,P0187,Clothing,North,122,170.83,130.88
2023-12-21,S001,P0187,Clothing,South,98,114.09,127.39
2023-12-22,S001,P0187,Clothing,West,150,184.94,127.22
2023-12-23,S001,P0187,Clothing,East,93,127.71,126.65
2023-12-24,S001,P0187,Clothing,North,112,133.21,126.92
2023-12-25,S001,P0187,Clothing,East,157,157.85,126.65
2023-12-26,S001,P0187,Clothing,West,117,142.01,127.11
2023-12-27,S001,P0187,Clothing,East,139,159.5,124.38
2023-12-28,S001,P0187,Clothing,West,144,152.06,125.71
2023-12-29,S001,P0187,Clothing,West,184,194.1,127.23
2023-12-30,S001,P0187,Clothing,North,137,168.73,126.4
2023-12-31,S001,P0187,Clothing,West,188,174.57,140.5
2023-10-01,S002,P0016,Clothing,South,72,78.48,89.62
2023-10-02,S002,P0016,Clothing,South,104,116.2,89.95
2023-10-03,S002,P0016,Clothing,West,131,141.32,90.1
2023-10-04,S002,P0016,Clothing,East,78,99.41,91.15
2023-10-05,S002,P0016,Clothing,East,83,89.2,89.89
2023-10-06,S002,P0016,Clothing,West,79,87.57,89.37
2023-10-07,S002,P0016,Clothing,South,53,75.59,89.7
2023-10-08,S002,P0016,Clothing,South,113,109.51,90.22
2023-10-09,S002,P0016,Clothing,West,140,131.67,109.53
2023-10-10,S002,P0016,Clothing,North,87,96.0,89.12
2023-10-11,S002,P0016,Clothing,North,53,56.26,89.48
2023-10-12,S002,P0016,Clothing,East,152,149.6,113.51
2023-10-13,S002,P0016,Clothing,North,106,108.98,89.88
2023-10-14,S002,P0016,Clothing,North,88,120.77,108.69
2023-10-15,S002,P0016,Clothing,West,189,190.36,107.43
2023-10-16,S002,P0016,Clothing,East,132,130.28,90.62
2023-10-17,S002,P0016,Clothing,South,83,119.62,90.37
2023-10-18,S002,P0016,Clothing,West,69,75.96,90.26
2023-10-19,S002,P0016,Clothing,West,119,108.7,86.88
2023-10-20,S002,P0016,Clothing,West,73,90.42,89.82
2023-10-21,S002,P0016,Clothing,North,99,118.0,91.15
2023-10-22,S002,P0016,Clothing,East,101,109.98,90.96
2023-10-23,S002,P0016,Clothing,North,120,147.35,110.83
2023-10-24,S002,P0016,Clothing,West,57,73.26,89.74
2023-10-25,S002,P0016,Clothing,North,59,80.78,112.02
2023-10-26,S002,P0016,Clothing,North,130,145.07,89.97
2023-10-27,S002,P0016,Clothing,West,92,90.62,90.81
2023-10-28,S002,P0016,Clothing,East,89,105.82,89.92
2023-10-29,S002,P0016,Clothing,East,127,172.33,111.04
2023-10-30,S002,P0016,Clothing,East,79,86.61,113.43
2023-10-31,S002,P0016,Clothing,South,146,138.58,90.12
2023-11-01,S002,P0016,Clothing,North,96,132.6,131.06
2023-11-02,S002,P0016,Clothing,North,102,127.07,124.28
2023-11-03,S002,P0016,Clothing,West,173,211.21,125.56
2023-11-04,S002,P0016,Clothing,West,112,139.61,127.35
2023-11-05,S002,P0016,Clothing,North,116,159.42,130.16
2023-11-06,S002,P0016,Clothing,West,239,252.74,148.99
2023-11-07,S002,P0016,Clothing,South,175,164.47,124.34
2023-11-08,S002,P0016,Clothing,North,161,185.13,127.42
2023-11-09,S002,P0016,Clothing,South,104,135.58,123.33
2023-11-10,S002,P0016,Clothing,West,310,302.25,155.18
2023-11-11,S002,P0016,Clothing,East,182,194.39,120.92
2023-11-12,S002,P0016,Clothing,South,86,103.77,119.27
2023-11-13,S002,P0016,Clothing,East,163,196.14,115.22
2023-11-14,S002,P0016,Clothing,East,137,165.0,125.3
2023-11-15,S002,P0016,Clothing,North,131,166.47,120.52
2023-11-16,S002,P0016,Clothing,South,91,129.95,123.02
2023-11-17,S002,P0016,Clothing,East,157,145.92,147.45
2023-11-18,S002,P0016,Clothing,East,119,171.11,156.11
2023-11-19,S002,P0016,Clothing,West,217,231.9,126.18
2023-11-20,S002,P0016,Clothing,West,115,130.4,122.58
2023-11-21,S002,P0016,Clothing,North,114,125.47,125.69
2023-11-22,S002,P0016,Clothing,North,97,136.61,151.0
2023-11-23,S002,P0016,Clothing,North,184,186.34,126.72
2023-11-24,S002,P0016,Clothing,North,96,131.86,123.8
2023-11-25,S002,P0016,Clothing,North,204,189.04,127.97
2023-11-26,S002,P0016,Clothing,South,83,106.4,125.04
2023-11-27,S002,P0016,Clothing,West,175,228.51,127.92
2023-11-28,S002,P0016,Clothing,East,130,141.9,124.96
2023-11-29,S002,P0016,Clothing,South,137,194.26,124.28
2023-11-30,S002,P0016,Clothing,West,134,125.11,125.27
2023-12-01,S002,P0016,Clothing,East,120,156.01,128.18
2023-12-02,S002,P0016,Clothing,East,37,38.84,124.24
2023-12-03,S002,P0016,Clothing,East,127,143.68,127.58
2023-12-04,S002,P0016,Clothing,South,126,176.85,149.91
2023-12-05,S002,P0016,Clothing,South,75,99.28,127.33
2023-12-06,S002,P0016,Clothing,South,207,199.28,126.64
2023-12-07,S002,P0016,Clothing,West,106,149.45,121.98
2023-12-08,S002,P0016,Clothing,East,132,151.05,153.91
2023-12-09,S002,P0016,Clothing,North,52,75.04,122.13
2023-12-10,S002,P0016,Clothing,South,186,245.62,119.58
2023-12-11,S002,P0016,Clothing,South,148,141.58,126.8
2023-12-12,S002,P0016,Clothing,North,113,121.54,127.09
2023-12-13,S002,P0016,Clothing,East,153,147.97,126.85
2023-12-14,S002,P0016,Clothing,North,74,80.57,129.45
2023-12-15,S002,P0016,Clothing,West,18,18.21,120.4
2023-12-16,S002,P0016,Clothing,East,86,101.4,132.02
2023-12-17,S002,P0016,Clothing,North,157,177.71,152.32
2023-12-18,S002,P0016,Clothing,East,89,111.36,119.54
2023-12-19,S002,P0016,Clothing,East,124,146.48,121.48
2023-12-20,S002,P0016,Clothing,South,81,99.65,122.26
2023-12-21,S002,P0016,Clothing,East,90,110.39,117.88
2023-12-22,S002,P0016,Clothing,North,148,163.33,138.43
2023-12-23,S002,P0016,Clothing,West,46,59.2,120.92
2023-12-24,S002,P0016,Clothing,West,293,289.31,129.6
2023-12-25,S002,P0016,Clothing,West,127,157.04,123.13
2023-12-26,S002,P0016,Clothing,West,126,145.39,121.65
2023-12-27,S002,P0016,Clothing,West,143,152.23,123.68
2023-12-28,S002,P0016,Clothing,North,141,160.47,153.13
2023-12-29,S002,P0016,Clothing,East,187,173.69,155.2
2023-12-30,S002,P0016,Clothing,South,149,184.54,124.45
2023-12-31,S002,P0016,Clothing,North,155,157.8,125.56
2023-10-01,S002,P0017,Toys,West,100,94.91,89.59
2023-10-02,S002,P0017,Toys,West,32,41.28,89.49
2023-10-03,S002,P0017,Toys,North,60,73.58,89.73
2023-10-04,S002,P0017,Toys,West,89,123.28,89.85
2023-10-05,S002,P0017,Toys,North,69,63.42,88.77
2023-10-06,S002,P0017,Toys,West,73,84.12,91.81
2023-10-07,S002,P0017,Toys,North,148,139.29,89.22
2023-10-08,S002,P0017,Toys,West,93,90.14,89.7
2023-10-09,S002,P0017,Toys,East,75,75.24,89.77
2023-10-10,S002,P0017,Toys,West,100,129.43,89.31
2023-10-11,S002,P0017,Toys,North,48,67.59,111.03
2023-10-12,S002,P0017,Toys,South,63,90.07,90.4
2023-10-13,S002,P0017,Toys,North,38,43.74,89.71
2023-10-14,S002,P0017,Toys,East,36,45.17,111.22
2023-10-15,S002,P0017,Toys,West,150,155.74,88.91
2023-10-16,S002,P0017,Toys,East,106,136.11,89.83
2023-10-17,S002,P0017,Toys,East,107,130.91,89.25
2023-10-18,S002,P0017,Toys,North,72,89.24,89.61
2023-10-19,S002,P0017,Toys,East,77,102.88,89.93
2023-10-20,S002,P0017,Toys,East,113,160.41,106.99
2023-10-21,S002,P0017,Toys,East,115,138.6,89.53
2023-10-22,S002,P0017,Toys,East,162,187.71,113.66
2023-10-23,S002,P0017,Toys,West,168,167.2,115.67
2023-10-24,S002,P0017,Toys,South,80,105.98,90.64
2023-10-25,S002,P0017,Toys,South,80,85.08,87.81
2023-10-26,S002,P0017,Toys,East,102,116.55,115.45
2023-10-27,S002,P0017,Toys,North,56,61.95,88.25
2023-10-28,S002,P0017,Toys,East,124,143.28,92.4
2023-10-29,S002,P0017,Toys,South,104,125.34,89.72
2023-10-30,S002,P0017,Toys,East,128,120.49,89.12
2023-10-31,S002,P0017,Toys,South,86,110.39,90.18
2023-11-01,S002,P0017,Toys,East,72,90.12,90.21
2023-11-02,S002,P0017,Toys,North,44,52.61,88.84
2023-11-03,S002,P0017,Toys,South,160,151.35,87.72
2023-11-04,S002,P0017,Toys,South,70,77.92,87.63
2023-11-05,S002,P0017,Toys,South,99,107.02,112.3
2023-11-06,S002,P0017,Toys,East,39,36.31,86.1
2023-11-07,S002,P0017,Toys,North,93,115.07,89.89
2023-11-08,S002,P0017,Toys,North,88,99.26,92.64
2023-11-09,S002,P0017,Toys,West,111,105.29,89.23
2023-11-10,S002,P0017,Toys,West,79,97.71,87.24
2023-11-11,S002,P0017,Toys,North,67,82.16,89.03
2023-11-12,S002,P0017,Toys,West,96,91.7,89.85
2023-11-13,S002,P0017,Toys,South,102,137.94,89.78
2023-11-14,S002,P0017,Toys,East,108,112.76,91.22
2023-11-15,S002,P0017,Toys,North,31,40.44,92.82
2023-11-16,S002,P0017,Toys,East,91,103.55,110.46
2023-11-17,S002,P0017,Toys,West,118,143.11,88.05
2023-11-18,S002,P0017,Toys,East,97,99.75,89.29
2023-11-19,S002,P0017,Toys,North,139,172.24,111.88
2023-11-20,S002,P0017,Toys,North,67,77.59,90.42
2023-11-21,S002,P0017,Toys,South,43,43.05,107.43
2023-11-22,S002,P0017,Toys,East,77,106.91,88.63
2023-11-23,S002,P0017,Toys,North,93,90.54,92.2
2023-11-24,S002,P0017,Toys,South,117,127.84,89.11
2023-11-25,S002,P0017,Toys,North,57,71.93,109.66
2023-11-26,S002,P0017,Toys,South,124,157.63,110.68
2023-11-27,S002,P0017,Toys,West,109,104.67,89.33
2023-11-28,S002,P0017,Toys,South,77,102.39,87.88
2023-11-29,S002,P0017,Toys,East,146,155.66,88.5
2023-11-30,S002,P0017,Toys,North,26,37.01,89.86
2023-12-01,S002,P0017,Toys,South,111,111.5,110.6
2023-12-02,S002,P0017,Toys,South,89,94.11,87.33
2023-12-03,S002,P0017,Toys,East,65,73.13,88.91
2023-12-04,S002,P0017,Toys,North,102,96.14,88.51
2023-12-05,S002,P0017,Toys,South,91,112.04,91.39
2023-12-06,S002,P0017,Toys,North,62,76.31,89.77
2023-12-07,S002,P0017,Toys,West,98,127.41,89.98
2023-12-08,S002,P0017,Toys,North,122,112.39,87.18
2023-12-09,S002,P0017,Toys,North,120,168.63,110.65
2023-12-10,S002,P0017,Toys,West,124,128.65,89.05
2023-12-11,S002,P0017,Toys,East,66,87.04,88.35
2023-12-12,S002,P0017,Toys,East,92,126.18,108.88
2023-12-13,S002,P0017,Toys,East,162,192.14,90.49
2023-12-14,S002,P0017,Toys,South,87,97.65,89.81
2023-12-15,S002,P0017,Toys,East,125,115.28,87.4
2023-12-16,S002,P0017,Toys,West,29,40.74,91.16
2023-12-17,S002,P0017,Toys,West,119,125.56,88.98
2023-12-18,S002,P0017,Toys,East,94,125.07,90.77
2023-12-19,S002,P0017,Toys,West,125,144.87,91.75
2023-12-20,S002,P0017,Toys,West,111,118.99,92.72
2023-12-21,S002,P0017,Toys,North,85,109.87,87.62
2023-12-22,S002,P0017,Toys,North,71,94.75,87.23
2023-12-23,S002,P0017,Toys,East,105,127.84,87.54
2023-12-24,S002,P0017,Toys,South,89,82.87,88.46
2023-12-25,S002,P0017,Toys,North,137,147.78,112.72
2023-12-26,S002,P0017,Toys,South,51,52.87,113.75
2023-12-27,S002,P0017,Toys,South,119,122.8,91.24
2023-12-28,S002,P0017,Toys,West,94,103.57,91.13
2023-12-29,S002,P0017,Toys,East,132,154.73,90.06
2023-12-30,S002,P0017,Toys,North,83,91.22,84.72
2023-12-31,S002,P0017,Toys,East,114,134.56,89.98
2023-10-01,S002,P0031,Electronics,South,203,188.06,107.6
2023-10-02,S002,P0031,Electronics,East,81,108.63,71.86
2023-10-03,S002,P0031,Electronics,East,102,113.83,89.0
2023-10-04,S002,P0031,Electronics,North,75,71.73,80.7
2023-10-05,S002,P0031,Electronics,South,145,178.35,106.99
2023-10-06,S002,P0031,Electronics,South,64,88.44,91.01
2023-10-07,S002,P0031,Electronics,South,95,88.47,67.22
2023-10-08,S002,P0031,Electronics,West,96,95.02,111.08
2023-10-09,S002,P0031,Electronics,North,106,126.85,89.78
2023-10-10,S002,P0031,Electronics,North,100,125.65,73.17
2023-10-11,S002,P0031,Electronics,South,70,88.11,88.98
2023-10-12,S002,P0031,Electronics,South,95,101.84,90.75
2023-10-13,S002,P0031,Electronics,South,102,136.34,90.09
2023-10-14,S002,P0031,Electronics,South,118,154.93,89.5
2023-10-15,S002,P0031,Electronics,East,113,104.11,89.45
2023-10-16,S002,P0031,Electronics,West,104,111.69,89.79
2023-10-17,S002,P0031,Electronics,South,114,108.08,104.59
2023-10-18,S002,P0031,Electronics,South,84,112.28,89.71
2023-10-19,S002,P0031,Electronics,North,89,95.68,91.32
2023-10-20,S002,P0031,Electronics,North,121,116.83,91.87
2023-10-21,S002,P0031,Electronics,West,71,84.46,89.5
2023-10-22,S002,P0031,Electronics,South,129,121.15,88.73
2023-10-23,S002,P0031,Electronics,South,84,95.32,89.34
2023-10-24,S002,P0031,Electronics,North,107,100.04,69.87
2023-10-25,S002,P0031,Electronics,North,67,88.51,90.05
2023-10-26,S002,P0031,Electronics,South,113,114.62,109.39
2023-10-27,S002,P0031,Electronics,East,109,124.98,89.08
2023-10-28,S002,P0031,Electronics,East,104,111.34,72.91
2023-10-29,S002,P0031,Electronics,North,98,124.61,88.43
2023-10-30,S002,P0031,Electronics,East,84,82.0,69.51
2023-10-31,S002,P0031,Electronics,North,86,95.61,89.98
2023-11-01,S002,P0031,Electronics,East,90,112.28,89.88
2023-11-02,S002,P0031,Electronics,North,26,29.44,71.66
2023-11-03,S002,P0031,Electronics,West,137,152.1,94.72
2023-11-04,S002,P0031,Electronics,North,74,82.14,89.94
2023-11-05,S002,P0031,Electronics,South,80,86.07,89.94
2023-11-06,S002,P0031,Electronics,North,55,69.46,73.72
2023-11-07,S002,P0031,Electronics,South,118,152.16,90.48
2023-11-08,S002,P0031,Electronics,North,54,55.98,69.21
2023-11-09,S002,P0031,Electronics,North,44,56.22,69.27
2023-11-10,S002,P0031,Electronics,East,67,92.84,85.7
2023-11-11,S002,P0031,Electronics,South,96,100.85,109.53
2023-11-12,S002,P0031,Electronics,East,62,85.08,89.7
2023-11-13,S002,P0031,Electronics,South,60,81.01,88.71
2023-11-14,S002,P0031,Electronics,West,116,122.09,89.79
2023-11-15,S002,P0031,Electronics,West,63,80.85,89.25
2023-11-16,S002,P0031,Electronics,South,22,29.06,89.13
2023-11-17,S002,P0031,Electronics,West,104,137.32,87.75
2023-11-18,S002,P0031,Electronics,West,73,95.0,89.78
2023-11-19,S002,P0031,Electronics,South,82,106.66,88.29
2023-11-20,S002,P0031,Electronics,East,55,60.73,89.77
2023-11-21,S002,P0031,Electronics,South,114,140.8,111.41
2023-11-22,S002,P0031,Electronics,North,121,129.14,89.45
2023-11-23,S002,P0031,Electronics,South,72,79.54,89.42
2023-11-24,S002,P0031,Electronics,East,91,114.21,89.65
2023-11-25,S002,P0031,Electronics,West,74,73.01,88.95
2023-11-26,S002,P0031,Electronics,West,107,113.14,108.26
2023-11-27,S002,P0031,Electronics,East,72,97.74,89.1
2023-11-28,S002,P0031,Electronics,North,69,91.19,89.76
2023-11-29,S002,P0031,Electronics,East,57,68.16,74.18
2023-11-30,S002,P0031,Electronics,East,58,57.9,89.58
2023-12-01,S002,P0031,Electronics,West,81,97.36,89.04
2023-12-02,S002,P0031,Electronics,South,75,87.61,89.0
2023-12-03,S002,P0031,Electronics,West,146,160.62,89.88
2023-12-04,S002,P0031,Electronics,West,75,69.54,70.9
2023-12-05,S002,P0031,Electronics,East,82,96.64,70.85
2023-12-06,S002,P0031,Electronics,South,91,89.86,89.24
2023-12-07,S002,P0031,Electronics,North,85,87.16,74.22
2023-12-08,S002,P0031,Electronics,West,53,76.16,89.13
2023-12-09,S002,P0031,Electronics,South,103,110.57,88.72
2023-12-10,S002,P0031,Electronics,West,87,81.49,89.95
2023-12-11,S002,P0031,Electronics,North,68,83.13,88.47
2023-12-12,S002,P0031,Electronics,South,83,106.85,71.33
2023-12-13,S002,P0031,Electronics,West,59,84.48,89.16
2023-12-14,S002,P0031,Electronics,East,95,127.13,89.06
2023-12-15,S002,P0031,Electronics,East,35,45.81,89.61
2023-12-16,S002,P0031,Electronics,South,124,134.53,90.21
2023-12-17,S002,P0031,Electronics,North,58,67.83,74.32
2023-12-18,S002,P0031,Electronics,West,90,98.44,111.18
2023-12-19,S002,P0031,Electronics,South,54,67.51,89.62
2023-12-20,S002,P0031,Electronics,East,75,81.52,72.18
2023-12-21,S002,P0031,Electronics,South,82,91.31,90.2
2023-12-22,S002,P0031,Electronics,West,125,119.65,92.17
2023-12-23,S002,P0031,Electronics,South,82,115.24,89.86
2023-12-24,S002,P0031,Electronics,East,130,137.22,90.31
2023-12-25,S002,P0031,Electronics,South,43,58.52,89.7
2023-12-26,S002,P0031,Electronics,South,147,145.96,107.69
2023-12-27,S002,P0031,Electronics,West,123,121.68,89.59
2023-12-28,S002,P0031,Electronics,South,112,111.93,86.93
2023-12-29,S002,P0031,Electronics,East,102,96.87,89.39
2023-12-30,S002,P0031,Electronics,South,23,33.77,89.02
2023-12-31,S002,P0031,Electronics,East,71,83.43,70.28
2023-10-01,S002,P0046,Clothing,South,67,89.42,89.63
2023-10-02,S002,P0046,Clothing,South,53,59.33,90.77
2023-10-03,S002,P0046,Clothing,West,82,96.3,91.69
2023-10-04,S002,P0046,Clothing,West,109,121.97,90.58
2023-10-05,S002,P0046,Clothing,East,50,56.13,90.93
2023-10-06,S002,P0046,Clothing,South,129,154.2,90.0
2023-10-07,S002,P0046,Clothing,East,121,125.48,90.67
2023-10-08,S002,P0046,Clothing,North,55,76.5,91.16
2023-10-09,S002,P0046,Clothing,North,136,130.77,93.53
2023-10-10,S002,P0046,Clothing,South,75,81.69,90.74
2023-10-11,S002,P0046,Clothing,West,88,87.98,90.51
2023-10-12,S002,P0046,Clothing,West,85,96.25,89.84
2023-10-13,S002,P0046,Clothing,West,90,92.66,91.07
2023-10-14,S002,P0046,Clothing,East,12,13.54,90.66
2023-10-15,S002,P0046,Clothing,West,139,133.65,91.68
2023-10-16,S002,P0046,Clothing,East,42,50.44,113.41
2023-10-17,S002,P0046,Clothing,South,85,89.15,90.62
2023-10-18,S002,P0046,Clothing,South,113,128.26,91.12
2023-10-19,S002,P0046,Clothing,South,63,67.07,90.06
2023-10-20,S002,P0046,Clothing,North,97,99.82,91.01
2023-10-21,S002,P0046,Clothing,South,59,81.71,91.22
2023-10-22,S002,P0046,Clothing,South,45,52.26,90.16
2023-10-23,S002,P0046,Clothing,East,132,125.11,91.52
2023-10-24,S002,P0046,Clothing,North,135,154.42,110.86
2023-10-25,S002,P0046,Clothing,North,104,103.63,90.53
2023-10-26,S002,P0046,Clothing,South,93,112.17,110.35
2023-10-27,S002,P0046,Clothing,West,64,78.46,90.29
2023-10-28,S002,P0046,Clothing,South,78,76.83,91.46
2023-10-29,S002,P0046,Clothing,North,52,62.31,110.25
2023-10-30,S002,P0046,Clothing,West,89,104.16,91.32
2023-10-31,S002,P0046,Clothing,West,42,51.66,91.23
2023-11-01,S002,P0046,Clothing,East,107,122.71,113.39
2023-11-02,S002,P0046,Clothing,South,163,184.61,120.22
2023-11-03,S002,P0046,Clothing,East,92,91.61,117.63
2023-11-04,S002,P0046,Clothing,West,166,167.74,126.88
2023-11-05,S002,P0046,Clothing,West,150,193.19,122.95
2023-11-06,S002,P0046,Clothing,North,127,150.94,132.31
2023-11-07,S002,P0046,Clothing,West,99,102.58,127.94
2023-11-08,S002,P0046,Clothing,South,113,115.12,126.77
2023-11-09,S002,P0046,Clothing,North,127,147.3,158.76
2023-11-10,S002,P0046,Clothing,South,185,176.06,124.29
2023-11-11,S002,P0046,Clothing,East,68,95.83,124.71
2023-11-12,S002,P0046,Clothing,North,76,96.49,124.53
2023-11-13,S002,P0046,Clothing,West,262,240.13,131.73
2023-11-14,S002,P0046,Clothing,West,123,142.63,124.22
2023-11-15,S002,P0046,Clothing,North,180,240.19,127.23
2023-11-16,S002,P0046,Clothing,South,75,97.85,134.66
2023-11-17,S002,P0046,Clothing,West,50,56.25,124.2
2023-11-18,S002,P0046,Clothing,West,91,125.21,123.39
2023-11-19,S002,P0046,Clothing,South,64,86.51,126.9
2023-11-20,S002,P0046,Clothing,North,105,124.35,126.14
2023-11-21,S002,P0046,Clothing,East,137,163.25,121.51
2023-11-22,S002,P0046,Clothing,South,129,152.43,133.19
2023-11-23,S002,P0046,Clothing,South,198,198.13,140.35
2023-11-24,S002,P0046,Clothing,East,71,87.59,138.08
2023-11-25,S002,P0046,Clothing,South,128,142.4,129.19
2023-11-26,S002,P0046,Clothing,West,105,105.49,130.59
2023-11-27,S002,P0046,Clothing,East,39,50.8,125.33
2023-11-28,S002,P0046,Clothing,North,165,165.47,134.96
2023-11-29,S002,P0046,Clothing,North,166,178.34,127.56
2023-11-30,S002,P0046,Clothing,East,161,152.02,125.75
2023-12-01,S002,P0046,Clothing,West,66,91.72,119.37
2023-12-02,S002,P0046,Clothing,West,123,157.04,130.82
2023-12-03,S002,P0046,Clothing,South,253,244.75,139.21
2023-12-04,S002,P0046,Clothing,North,175,161.65,125.11
2023-12-05,S002,P0046,Clothing,North,181,181.96,127.41
2023-12-06,S002,P0046,Clothing,South,112,103.87,124.03
2023-12-07,S002,P0046,Clothing,North,99,111.53,119.07
2023-12-08,S002,P0046,Clothing,South,202,193.84,125.22
2023-12-09,S002,P0046,Clothing,North,74,96.19,123.82
2023-12-10,S002,P0046,Clothing,South,94,120.41,125.97
2023-12-11,S002,P0046,Clothing,West,138,129.4,131.2
2023-12-12,S002,P0046,Clothing,South,98,135.24,127.77
2023-12-13,S002,P0046,Clothing,West,67,77.49,121.14
2023-12-14,S002,P0046,Clothing,West,131,157.05,123.88
2023-12-15,S002,P0046,Clothing,East,159,165.31,131.13
2023-12-16,S002,P0046,Clothing,West,171,198.2,121.38
2023-12-17,S002,P0046,Clothing,South,183,180.47,126.28
2023-12-18,S002,P0046,Clothing,East,119,150.58,129.71
2023-12-19,S002,P0046,Clothing,West,94,117.57,123.57
2023-12-20,S002,P0046,Clothing,North,93,127.05,127.95
2023-12-21,S002,P0046,Clothing,East,138,152.62,128.41
2023-12-22,S002,P0046,Clothing,North,70,86.07,151.28
2023-12-23,S002,P0046,Clothing,North,79,90.94,128.53
2023-12-24,S002,P0046,Clothing,North,85,103.64,124.45
2023-12-25,S002,P0046,Clothing,South,76,81.55,121.61
2023-12-26,S002,P0046,Clothing,South,95,131.99,111.31
2023-12-27,S002,P0046,Clothing,East,146,199.12,127.78
2023-12-28,S002,P0046,Clothing,South,69,68.94,121.91
2023-12-29,S002,P0046,Clothing,East,135,145.01,120.48
2023-12-30,S002,P0046,Clothing,North,156,166.34,124.38
2023-12-31,S002,P0046,Clothing,East,109,155.6,126.48
2023-10-01,S002,P0057,Clothing,East,51,60.88,90.07
2023-10-02,S002,P0057,Clothing,West,54,54.67,90.22
2023-10-03,S002,P0057,Clothing,North,103,143.69,89.38
2023-10-04,S002,P0057,Clothing,West,123,143.91,89.62
2023-10-05,S002,P0057,Clothing,West,107,108.67,90.44
2023-10-06,S002,P0057,Clothing,East,106,98.72,89.77
2023-10-07,S002,P0057,Clothing,North,89,98.25,89.17
2023-10-08,S002,P0057,Clothing,South,159,186.06,113.8
2023-10-09,S002,P0057,Clothing,South,62,70.85,89.22
2023-10-10,S002,P0057,Clothing,West,72,72.72,106.6
2023-10-11,S002,P0057,Clothing,South,59,75.81,89.52
2023-10-12,S002,P0057,Clothing,West,75,70.39,89.7
2023-10-13,S002,P0057,Clothing,North,33,36.71,90.65
2023-10-14,S002,P0057,Clothing,North,31,42.36,89.89
2023-10-15,S002,P0057,Clothing,North,113,132.81,88.19
2023-10-16,S002,P0057,Clothing,North,95,102.88,90.09
2023-10-17,S002,P0057,Clothing,West,122,133.83,88.26
2023-10-18,S002,P0057,Clothing,South,103,116.69,90.05
2023-10-19,S002,P0057,Clothing,South,108,120.84,89.42
2023-10-20,S002,P0057,Clothing,East,65,78.63,90.12
2023-10-21,S002,P0057,Clothing,East,93,128.67,89.42
2023-10-22,S002,P0057,Clothing,East,116,141.06,89.43
2023-10-23,S002,P0057,Clothing,North,50,59.99,89.42
2023-10-24,S002,P0057,Clothing,East,45,60.03,90.11
2023-10-25,S002,P0057,Clothing,East,58,78.49,90.21
2023-10-26,S002,P0057,Clothing,West,103,118.09,90.01
2023-10-27,S002,P0057,Clothing,South,75,91.3,88.95
2023-10-28,S002,P0057,Clothing,East,99,115.75,87.94
2023-10-29,S002,P0057,Clothing,South,43,57.07,89.49
2023-10-30,S002,P0057,Clothing,East,77,80.07,112.73
2023-10-31,S002,P0057,Clothing,West,85,114.68,89.78
2023-11-01,S002,P0057,Clothing,North,117,107.63,116.95
2023-11-02,S002,P0057,Clothing,West,105,112.33,132.45
2023-11-03,S002,P0057,Clothing,West,84,76.85,122.76
2023-11-04,S002,P0057,Clothing,East,98,105.77,132.75
2023-11-05,S002,P0057,Clothing,East,90,96.66,127.08
2023-11-06,S002,P0057,Clothing,North,138,154.77,138.76
2023-11-07,S002,P0057,Clothing,West,148,164.2,123.96
2023-11-08,S002,P0057,Clothing,East,183,183.57,161.3
2023-11-09,S002,P0057,Clothing,West,119,113.21,123.62
2023-11-10,S002,P0057,Clothing,North,240,237.43,128.68
2023-11-11,S002,P0057,Clothing,East,131,130.49,123.47
2023-11-12,S002,P0057,Clothing,East,134,123.9,125.01
2023-11-13,S002,P0057,Clothing,West,123,150.02,120.47
2023-11-14,S002,P0057,Clothing,South,208,222.46,152.09
2023-11-15,S002,P0057,Clothing,South,143,164.24,126.17
2023-11-16,S002,P0057,Clothing,North,208,195.75,126.29
2023-11-17,S002,P0057,Clothing,West,144,165.93,120.55
2023-11-18,S002,P0057,Clothing,East,133,141.64,125.41
2023-11-19,S002,P0057,Clothing,West,153,151.29,122.21
2023-11-20,S002,P0057,Clothing,West,165,163.38,123.88
2023-11-21,S002,P0057,Clothing,South,84,82.9,116.63
2023-11-22,S002,P0057,Clothing,North,138,129.58,124.0
2023-11-23,S002,P0057,Clothing,East,20,24.43,122.97
2023-11-24,S002,P0057,Clothing,East,75,98.53,126.53
2023-11-25,S002,P0057,Clothing,North,109,117.32,138.06
2023-11-26,S002,P0057,Clothing,South,188,173.66,128.55
2023-11-27,S002,P0057,Clothing,South,204,214.9,127.23
2023-11-28,S002,P0057,Clothing,West,93,98.17,127.09
2023-11-29,S002,P0057,Clothing,West,114,149.08,126.25
2023-11-30,S002,P0057,Clothing,West,208,206.17,152.92
2023-12-01,S002,P0057,Clothing,North,162,167.58,124.74
2023-12-02,S002,P0057,Clothing,North,184,175.52,144.34
2023-12-03,S002,P0057,Clothing,South,108,116.75,123.97
2023-12-04,S002,P0057,Clothing,South,146,136.77,134.25
2023-12-05,S002,P0057,Clothing,South,110,142.35,125.67
2023-12-06,S002,P0057,Clothing,South,118,111.38,126.67
2023-12-07,S002,P0057,Clothing,North,130,122.21,125.21
2023-12-08,S002,P0057,Clothing,South,123,132.79,125.01
2023-12-09,S002,P0057,Clothing,East,67,69.95,124.5
2023-12-10,S002,P0057,Clothing,West,131,125.26,126.94
2023-12-11,S002,P0057,Clothing,East,98,136.19,167.06
2023-12-12,S002,P0057,Clothing,North,63,69.78,131.56
2023-12-13,S002,P0057,Clothing,North,138,161.15,126.68
2023-12-14,S002,P0057,Clothing,South,143,152.76,128.03
2023-12-15,S002,P0057,Clothing,South,205,193.13,126.5
2023-12-16,S002,P0057,Clothing,South,152,200.43,155.4
2023-12-17,S002,P0057,Clothing,East,192,178.76,125.09
2023-12-18,S002,P0057,Clothing,West,203,255.78,155.42
2023-12-19,S002,P0057,Clothing,West,110,125.96,126.92
2023-12-20,S002,P0057,Clothing,East,192,228.92,123.67
2023-12-21,S002,P0057,Clothing,South,110,111.45,121.63
2023-12-22,S002,P0057,Clothing,South,192,210.78,149.88
2023-12-23,S002,P0057,Clothing,East,166,203.8,143.72
2023-12-24,S002,P0057,Clothing,South,167,187.9,121.6
2023-12-25,S002,P0057,Clothing,South,105,149.41,129.18
2023-12-26,S002,P0057,Clothing,South,157,177.7,125.13
2023-12-27,S002,P0057,Clothing,South,164,193.29,123.38
2023-12-28,S002,P0057,Clothing,West,121,165.31,125.24
2023-12-29,S002,P0057,Clothing,South,163,160.19,123.04
2023-12-30,S002,P0057,Clothing,South,174,172.93,124.63
2023-12-31,S002,P0057,Clothing,West,167,167.65,123.38
2023-10-01,S002,P0061,Clothing,South,57,80.84,107.64
2023-10-02,S002,P0061,Clothing,East,98,100.02,90.47
2023-10-03,S002,P0061,Clothing,East,133,140.63,89.5
2023-10-04,S002,P0061,Clothing,North,166,153.62,111.62
2023-10-05,S002,P0061,Clothing,East,133,122.48,90.13
2023-10-06,S002,P0061,Clothing,West,118,114.81,91.52
2023-10-07,S002,P0061,Clothing,East,34,42.96,86.33
2023-10-08,S002,P0061,Clothing,North,91,122.55,89.66
2023-10-09,S002,P0061,Clothing,East,85,88.9,90.77
2023-10-10,S002,P0061,Clothing,North,126,134.84,94.42
2023-10-11,S002,P0061,Clothing,South,41,49.0,99.82
2023-10-12,S002,P0061,Clothing,East,83,104.29,88.6
2023-10-13,S002,P0061,Clothing,North,87,107.01,89.77
2023-10-14,S002,P0061,Clothing,North,70,89.26,89.87
2023-10-15,S002,P0061,Clothing,East,102,125.51,92.46
2023-10-16,S002,P0061,Clothing,South,105,105.78,89.79
2023-10-17,S002,P0061,Clothing,East,77,82.87,89.83
2023-10-18,S002,P0061,Clothing,East,129,135.09,91.76
2023-10-19,S002,P0061,Clothing,West,79,86.39,109.09
2023-10-20,S002,P0061,Clothing,South,96,94.16,89.77
2023-10-21,S002,P0061,Clothing,South,99,96.61,90.08
2023-10-22,S002,P0061,Clothing,South,113,118.55,90.11
2023-10-23,S002,P0061,Clothing,South,79,101.73,90.72
2023-10-24,S002,P0061,Clothing,East,91,115.51,90.0
2023-10-25,S002,P0061,Clothing,South,59,82.66,89.83
2023-10-26,S002,P0061,Clothing,North,67,66.29,90.02
2023-10-27,S002,P0061,Clothing,East,89,120.3,111.66
2023-10-28,S002,P0061,Clothing,North,34,40.61,90.08
2023-10-29,S002,P0061,Clothing,North,121,122.04,89.66
2023-10-30,S002,P0061,Clothing,South,93,113.16,90.41
2023-10-31,S002,P0061,Clothing,West,119,123.95,89.94
2023-11-01,S002,P0061,Clothing,South,178,194.34,131.55
2023-11-02,S002,P0061,Clothing,South,194,195.32,121.48
2023-11-03,S002,P0061,Clothing,East,253,247.89,161.47
2023-11-04,S002,P0061,Clothing,North,241,220.94,155.4
2023-11-05,S002,P0061,Clothing,West,116,137.11,122.25
2023-11-06,S002,P0061,Clothing,South,189,253.97,114.79
2023-11-07,S002,P0061,Clothing,East,159,203.59,117.52
2023-11-08,S002,P0061,Clothing,South,87,110.38,114.13
2023-11-09,S002,P0061,Clothing,East,32,37.38,121.84
2023-11-10,S002,P0061,Clothing,South,192,201.14,123.57
2023-11-11,S002,P0061,Clothing,North,77,95.25,125.5
2023-11-12,S002,P0061,Clothing,East,134,152.35,124.68
2023-11-13,S002,P0061,Clothing,North,126,130.6,128.76
2023-11-14,S002,P0061,Clothing,West,98,119.17,122.14
2023-11-15,S002,P0061,Clothing,South,113,152.76,122.22
2023-11-16,S002,P0061,Clothing,East,148,171.27,126.06
2023-11-17,S002,P0061,Clothing,South,157,147.5,129.21
2023-11-18,S002,P0061,Clothing,North,207,209.39,129.75
2023-11-19,S002,P0061,Clothing,West,145,189.29,124.25
2023-11-20,S002,P0061,Clothing,West,175,173.22,121.85
2023-11-21,S002,P0061,Clothing,North,127,152.16,151.65
2023-11-22,S002,P0061,Clothing,West,82,78.72,124.4
2023-11-23,S002,P0061,Clothing,West,116,156.91,121.68
2023-11-24,S002,P0061,Clothing,West,137,141.66,122.16
2023-11-25,S002,P0061,Clothing,North,147,163.96,125.84
2023-11-26,S002,P0061,Clothing,West,127,162.72,123.69
2023-11-27,S002,P0061,Clothing,West,59,55.81,130.55
2023-11-28,S002,P0061,Clothing,East,152,148.06,123.87
2023-11-29,S002,P0061,Clothing,West,174,224.02,120.73
2023-11-30,S002,P0061,Clothing,East,191,197.58,127.26
2023-12-01,S002,P0061,Clothing,West,113,123.04,123.93
2023-12-02,S002,P0061,Clothing,East,162,149.04,127.73
2023-12-03,S002,P0061,Clothing,East,96,99.34,141.79
2023-12-04,S002,P0061,Clothing,East,143,157.69,125.58
2023-12-05,S002,P0061,Clothing,South,107,148.32,157.44
2023-12-06,S002,P0061,Clothing,North,56,65.3,119.14
2023-12-07,S002,P0061,Clothing,West,97,116.91,151.74
2023-12-08,S002,P0061,Clothing,South,179,163.2,120.3
2023-12-09,S002,P0061,Clothing,South,136,125.49,124.3
2023-12-10,S002,P0061,Clothing,South,187,195.73,160.74
2023-12-11,S002,P0061,Clothing,East,132,151.16,127.12
2023-12-12,S002,P0061,Clothing,West,143,150.35,125.92
2023-12-13,S002,P0061,Clothing,East,128,153.1,124.31
2023-12-14,S002,P0061,Clothing,North,66,67.16,125.25
2023-12-15,S002,P0061,Clothing,South,214,205.52,128.64
2023-12-16,S002,P0061,Clothing,North,186,190.54,124.0
2023-12-17,S002,P0061,Clothing,West,181,191.88,125.3
2023-12-18,S002,P0061,Clothing,North,134,166.98,128.45
2023-12-19,S002,P0061,Clothing,West,149,190.89,122.98
2023-12-20,S002,P0061,Clothing,North,150,137.6,152.14
2023-12-21,S002,P0061,Clothing,West,201,210.03,121.67
2023-12-22,S002,P0061,Clothing,South,123,134.54,129.8
2023-12-23,S002,P0061,Clothing,North,150,182.29,122.56
2023-12-24,S002,P0061,Clothing,North,148,179.01,128.36
2023-12-25,S002,P0061,Clothing,West,176,236.88,123.67
2023-12-26,S002,P0061,Clothing,West,111,104.64,129.36
2023-12-27,S002,P0061,Clothing,North,181,166.26,130.34
2023-12-28,S002,P0061,Clothing,North,246,259.78,145.41
2023-12-29,S002,P0061,Clothing,South,77,81.41,130.26
2023-12-30,S002,P0061,Clothing,East,216,233.08,125.97
2023-12-31,S002,P0061,Clothing,South,103,147.02,156.44
2023-10-01,S002,P0066,Clothing,East,85,101.09,115.56
2023-10-02,S002,P0066,Clothing,East,76,106.07,109.99
2023-10-03,S002,P0066,Clothing,North,42,56.89,89.68
2023-10-04,S002,P0066,Clothing,South,76,75.9,89.97
2023-10-05,S002,P0066,Clothing,East,53,70.63,90.11
2023-10-06,S002,P0066,Clothing,West,67,63.41,89.96
2023-10-07,S002,P0066,Clothing,South,85,96.59,90.94
2023-10-08,S002,P0066,Clothing,South,129,175.04,89.01
2023-10-09,S002,P0066,Clothing,West,150,139.05,90.78
2023-10-10,S002,P0066,Clothing,East,83,86.83,90.96
2023-10-11,S002,P0066,Clothing,North,78,77.94,89.72
2023-10-12,S002,P0066,Clothing,South,83,110.39,89.27
2023-10-13,S002,P0066,Clothing,South,53,51.25,89.69
2023-10-14,S002,P0066,Clothing,East,70,99.29,89.66
2023-10-15,S002,P0066,Clothing,East,128,127.49,89.34
2023-10-16,S002,P0066,Clothing,South,122,115.65,89.8
2023-10-17,S002,P0066,Clothing,East,130,158.85,106.58
2023-10-18,S002,P0066,Clothing,East,63,75.95,111.48
2023-10-19,S002,P0066,Clothing,East,50,66.11,89.82
2023-10-20,S002,P0066,Clothing,West,64,75.69,89.8
2023-10-21,S002,P0066,Clothing,South,92,125.59,109.44
2023-10-22,S002,P0066,Clothing,South,87,84.19,89.89
2023-10-23,S002,P0066,Clothing,North,86,94.87,89.15
2023-10-24,S002,P0066,Clothing,East,82,99.38,89.56
2023-10-25,S002,P0066,Clothing,East,130,118.84,90.66
2023-10-26,S002,P0066,Clothing,East,110,132.54,89.61
2023-10-27,S002,P0066,Clothing,South,153,158.09,90.38
2023-10-28,S002,P0066,Clothing,South,98,128.79,111.07
2023-10-29,S002,P0066,Clothing,East,80,82.85,89.43
2023-10-30,S002,P0066,Clothing,West,69,90.21,89.67
2023-10-31,S002,P0066,Clothing,West,170,162.87,89.44
2023-11-01,S002,P0066,Clothing,West,87,105.08,122.81
2023-11-02,S002,P0066,Clothing,East,110,134.33,131.94
2023-11-03,S002,P0066,Clothing,North,152,145.78,125.48
2023-11-04,S002,P0066,Clothing,West,152,170.52,127.81
2023-11-05,S002,P0066,Clothing,North,87,120.65,145.78
2023-11-06,S002,P0066,Clothing,West,144,145.05,124.84
2023-11-07,S002,P0066,Clothing,East,63,69.73,124.44
2023-11-08,S002,P0066,Clothing,West,159,197.28,118.14
2023-11-09,S002,P0066,Clothing,East,161,159.57,149.5
2023-11-10,S002,P0066,Clothing,South,158,154.46,124.69
2023-11-11,S002,P0066,Clothing,East,144,179.2,124.4
2023-11-12,S002,P0066,Clothing,South,166,157.54,126.24
2023-11-13,S002,P0066,Clothing,South,228,242.93,156.64
2023-11-14,S002,P0066,Clothing,South,168,237.38,128.28
2023-11-15,S002,P0066,Clothing,South,81,110.06,124.02
2023-11-16,S002,P0066,Clothing,North,208,260.45,124.38
2023-11-17,S002,P0066,Clothing,North,117,133.2,159.22
2023-11-18,S002,P0066,Clothing,South,141,173.65,124.11
2023-11-19,S002,P0066,Clothing,West,82,86.43,119.65
2023-11-20,S002,P0066,Clothing,South,137,166.89,126.68
2023-11-21,S002,P0066,Clothing,East,159,178.98,125.68
2023-11-22,S002,P0066,Clothing,West,102,102.79,122.75
2023-11-23,S002,P0066,Clothing,West,71,89.24,124.54
2023-11-24,S002,P0066,Clothing,South,168,166.72,128.62
2023-11-25,S002,P0066,Clothing,North,168,153.54,126.33
2023-11-26,S002,P0066,Clothing,West,99,97.12,124.44
2023-11-27,S002,P0066,Clothing,East,188,200.48,123.34
2023-11-28,S002,P0066,Clothing,North,53,69.17,125.65
2023-11-29,S002,P0066,Clothing,West,131,145.12,123.86
2023-11-30,S002,P0066,Clothing,South,168,158.26,126.96
2023-12-01,S002,P0066,Clothing,East,106,138.7,128.48
2023-12-02,S002,P0066,Clothing,East,63,81.98,129.11
2023-12-03,S002,P0066,Clothing,North,67,86.06,158.01
2023-12-04,S002,P0066,Clothing,East,99,112.23,140.34
2023-12-05,S002,P0066,Clothing,East,190,177.35,142.41
2023-12-06,S002,P0066,Clothing,East,185,197.24,130.95
2023-12-07,S002,P0066,Clothing,East,148,164.72,156.62
2023-12-08,S002,P0066,Clothing,West,141,188.16,125.18
2023-12-09,S002,P0066,Clothing,East,103,100.14,127.25
2023-12-10,S002,P0066,Clothing,South,62,73.0,125.23
2023-12-11,S002,P0066,Clothing,South,186,180.82,128.08
2023-12-12,S002,P0066,Clothing,South,149,137.74,122.46
2023-12-13,S002,P0066,Clothing,South,153,144.58,129.25
2023-12-14,S002,P0066,Clothing,South,138,134.05,124.06
2023-12-15,S002,P0066,Clothing,East,113,147.13,125.91
2023-12-16,S002,P0066,Clothing,East,143,144.63,124.17
2023-12-17,S002,P0066,Clothing,East,246,229.26,121.06
2023-12-18,S002,P0066,Clothing,East,106,150.43,127.77
2023-12-19,S002,P0066,Clothing,East,208,191.68,123.29
2023-12-20,S002,P0066,Clothing,North,116,148.32,126.71
2023-12-21,S002,P0066,Clothing,East,133,132.86,122.19
2023-12-22,S002,P0066,Clothing,East,140,178.7,123.2
2023-12-23,S002,P0066,Clothing,South,72,82.61,140.41
2023-12-24,S002,P0066,Clothing,South,117,125.65,126.84
2023-12-25,S002,P0066,Clothing,West,155,213.37,158.11
2023-12-26,S002,P0066,Clothing,East,85,102.12,125.33
2023-12-27,S002,P0066,Clothing,North,205,195.85,118.79
2023-12-28,S002,P0066,Clothing,East,172,195.85,145.03
2023-12-29,S002,P0066,Clothing,East,121,142.5,126.06
2023-12-30,S002,P0066,Clothing,East,127,129.91,127.52
2023-12-31,S002,P0066,Clothing,North,124,138.74,126.71
2023-10-01,S002,P0067,Furniture,North,87,91.87,90.17
2023-10-02,S002,P0067,Furniture,South,54,75.46,92.36
2023-10-03,S002,P0067,Furniture,West,33,44.8,89.41
2023-10-04,S002,P0067,Furniture,North,95,127.63,109.96
2023-10-05,S002,P0067,Furniture,East,110,102.44,89.66
2023-10-06,S002,P0067,Furniture,South,67,68.25,89.75
2023-10-07,S002,P0067,Furniture,South,64,67.52,90.62
2023-10-08,S002,P0067,Furniture,East,118,147.64,89.07
2023-10-09,S002,P0067,Furniture,East,85,104.14,89.37
2023-10-10,S002,P0067,Furniture,West,129,137.3,89.42
2023-10-11,S002,P0067,Furniture,East,87,83.93,90.11
2023-10-12,S002,P0067,Furniture,West,100,99.72,89.42
2023-10-13,S002,P0067,Furniture,North,148,142.42,90.29
2023-10-14,S002,P0067,Furniture,South,137,135.76,89.25
2023-10-15,S002,P0067,Furniture,North,72,102.08,89.64
2023-10-16,S002,P0067,Furniture,East,22,26.06,92.04
2023-10-17,S002,P0067,Furniture,South,63,77.77,88.27
2023-10-18,S002,P0067,Furniture,West,91,112.13,90.58
2023-10-19,S002,P0067,Furniture,West,144,149.0,90.04
2023-10-20,S002,P0067,Furniture,West,123,128.13,89.74
2023-10-21,S002,P0067,Furniture,East,113,113.99,111.88
2023-10-22,S002,P0067,Furniture,South,86,95.69,90.86
2023-10-23,S002,P0067,Furniture,North,167,189.76,109.52
2023-10-24,S002,P0067,Furniture,South,147,146.87,87.93
2023-10-25,S002,P0067,Furniture,South,109,122.65,81.17
2023-10-26,S002,P0067,Furniture,South,106,98.88,90.34
2023-10-27,S002,P0067,Furniture,South,96,116.74,84.67
2023-10-28,S002,P0067,Furniture,North,64,82.95,91.84
2023-10-29,S002,P0067,Furniture,North,93,130.59,87.59
2023-10-30,S002,P0067,Furniture,South,68,75.83,89.22
2023-10-31,S002,P0067,Furniture,South,104,103.66,89.62
2023-11-01,S002,P0067,Furniture,West,152,152.67,89.99
2023-11-02,S002,P0067,Furniture,South,99,113.06,90.37
2023-11-03,S002,P0067,Furniture,East,55,67.27,86.63
2023-11-04,S002,P0067,Furniture,South,122,132.8,87.41
2023-11-05,S002,P0067,Furniture,West,71,101.44,87.64
2023-11-06,S002,P0067,Furniture,North,141,135.15,88.13
2023-11-07,S002,P0067,Furniture,East,132,126.68,93.55
2023-11-08,S002,P0067,Furniture,North,111,126.29,89.39
2023-11-09,S002,P0067,Furniture,North,167,181.07,108.88
2023-11-10,S002,P0067,Furniture,East,74,80.72,87.05
2023-11-11,S002,P0067,Furniture,North,63,63.83,85.92
2023-11-12,S002,P0067,Furniture,North,104,138.06,115.52
2023-11-13,S002,P0067,Furniture,East,70,69.88,88.64
2023-11-14,S002,P0067,Furniture,North,95,125.74,89.51
2023-11-15,S002,P0067,Furniture,North,65,77.23,89.49
2023-11-16,S002,P0067,Furniture,West,87,92.93,91.46
2023-11-17,S002,P0067,Furniture,West,47,52.09,88.65
2023-11-18,S002,P0067,Furniture,West,99,132.08,110.18
2023-11-19,S002,P0067,Furniture,East,91,90.86,88.42
2023-11-20,S002,P0067,Furniture,South,66,76.25,90.61
2023-11-21,S002,P0067,Furniture,East,67,61.87,90.37
2023-11-22,S002,P0067,Furniture,East,93,105.2,92.04
2023-11-23,S002,P0067,Furniture,South,64,66.28,89.87
2023-11-24,S002,P0067,Furniture,East,113,118.8,87.94
2023-11-25,S002,P0067,Furniture,South,61,63.09,88.17
2023-11-26,S002,P0067,Furniture,West,90,87.49,90.38
2023-11-27,S002,P0067,Furniture,South,130,145.46,91.03
2023-11-28,S002,P0067,Furniture,East,90,92.51,88.35
2023-11-29,S002,P0067,Furniture,North,143,143.9,88.78
2023-11-30,S002,P0067,Furniture,North,114,135.76,86.01
2023-12-01,S002,P0067,Furniture,South,27,30.5,89.44
2023-12-02,S002,P0067,Furniture,West,151,170.19,87.44
2023-12-03,S002,P0067,Furniture,South,56,73.04,90.63
2023-12-04,S002,P0067,Furniture,South,77,95.94,87.86
2023-12-05,S002,P0067,Furniture,East,152,162.88,112.53
2023-12-06,S002,P0067,Furniture,East,93,90.38,88.46
2023-12-07,S002,P0067,Furniture,East,95,107.12,89.63
2023-12-08,S002,P0067,Furniture,South,98,90.18,87.89
2023-12-09,S002,P0067,Furniture,West,130,180.9,86.78
2023-12-10,S002,P0067,Furniture,South,41,59.09,89.38
2023-12-11,S002,P0067,Furniture,North,71,93.46,91.16
2023-12-12,S002,P0067,Furniture,East,93,110.34,110.11
2023-12-13,S002,P0067,Furniture,North,115,119.25,90.73
2023-12-14,S002,P0067,Furniture,North,86,91.45,88.1
2023-12-15,S002,P0067,Furniture,West,77,78.08,88.21
2023-12-16,S002,P0067,Furniture,West,52,50.52,87.75
2023-12-17,S002,P0067,Furniture,North,87,115.31,109.67
2023-12-18,S002,P0067,Furniture,East,134,162.0,90.02
2023-12-19,S002,P0067,Furniture,South,114,113.68,89.03
2023-12-20,S002,P0067,Furniture,North,110,106.81,110.62
2023-12-21,S002,P0067,Furniture,North,51,69.64,90.78
2023-12-22,S002,P0067,Furniture,East,94,114.73,87.58
2023-12-23,S002,P0067,Furniture,East,130,123.34,86.99
2023-12-24,S002,P0067,Furniture,East,55,55.76,88.34
2023-12-25,S002,P0067,Furniture,South,74,80.9,89.54
2023-12-26,S002,P0067,Furniture,East,118,108.31,89.11
2023-12-27,S002,P0067,Furniture,East,83,86.47,89.3
2023-12-28,S002,P0067,Furniture,North,65,69.47,89.11
2023-12-29,S002,P0067,Furniture,East,168,161.42,87.69
2023-12-30,S002,P0067,Furniture,South,73,79.08,87.55
2023-12-31,S002,P0067,Furniture,North,145,173.36,109.75
2023-10-01,S002,P0068,Electronics,West,139,139.54,108.46
2023-10-02,S002,P0068,Electronics,West,60,85.74,106.54
2023-10-03,S002,P0068,Electronics,West,68,75.68,89.38
2023-10-04,S002,P0068,Electronics,West,143,137.66,88.6
2023-10-05,S002,P0068,Electronics,North,107,128.35,89.34
2023-10-06,S002,P0068,Electronics,West,198,182.43,91.68
2023-10-07,S002,P0068,Electronics,West,92,102.1,95.66
2023-10-08,S002,P0068,Electronics,East,72,92.91,103.3
2023-10-09,S002,P0068,Electronics,South,77,78.65,107.66
2023-10-10,S002,P0068,Electronics,North,128,120.45,89.44
2023-10-11,S002,P0068,Electronics,South,47,48.75,88.06
2023-10-12,S002,P0068,Electronics,East,88,85.86,71.01
2023-10-13,S002,P0068,Electronics,South,113,140.25,108.8
2023-10-14,S002,P0068,Electronics,East,53,59.86,90.59
2023-10-15,S002,P0068,Electronics,East,75,69.82,89.6
2023-10-16,S002,P0068,Electronics,South,82,85.64,89.48
2023-10-17,S002,P0068,Electronics,West,53,66.37,88.47
2023-10-18,S002,P0068,Electronics,West,74,104.86,89.84
2023-10-19,S002,P0068,Electronics,East,107,114.97,71.15
2023-10-20,S002,P0068,Electronics,East,85,112.62,89.61
2023-10-21,S002,P0068,Electronics,South,51,50.05,90.06
2023-10-22,S002,P0068,Electronics,East,147,144.9,90.69
2023-10-23,S002,P0068,Electronics,West,113,109.82,92.3
2023-10-24,S002,P0068,Electronics,South,67,76.77,71.86
2023-10-25,S002,P0068,Electronics,West,57,77.22,72.69
2023-10-26,S002,P0068,Electronics,South,64,74.83,91.09
2023-10-27,S002,P0068,Electronics,East,79,74.53,88.5
2023-10-28,S002,P0068,Electronics,South,47,54.63,89.32
2023-10-29,S002,P0068,Electronics,West,98,99.55,89.52
2023-10-30,S002,P0068,Electronics,North,103,116.06,88.85
2023-10-31,S002,P0068,Electronics,West,97,109.98,88.9
2023-11-01,S002,P0068,Electronics,West,96,100.76,71.65
2023-11-02,S002,P0068,Electronics,West,118,114.08,72.43
2023-11-03,S002,P0068,Electronics,East,72,70.69,95.99
2023-11-04,S002,P0068,Electronics,West,102,117.07,89.95
2023-11-05,S002,P0068,Electronics,West,83,111.17,89.53
2023-11-06,S002,P0068,Electronics,North,116,127.84,110.01
2023-11-07,S002,P0068,Electronics,North,77,108.89,89.9
2023-11-08,S002,P0068,Electronics,North,67,83.01,89.05
2023-11-09,S002,P0068,Electronics,North,119,131.5,88.84
2023-11-10,S002,P0068,Electronics,East,95,122.71,109.05
2023-11-11,S002,P0068,Electronics,West,46,50.84,73.83
2023-11-12,S002,P0068,Electronics,South,63,63.59,90.75
2023-11-13,S002,P0068,Electronics,East,69,95.83,89.1
2023-11-14,S002,P0068,Electronics,North,75,72.43,69.2
2023-11-15,S002,P0068,Electronics,South,73,74.9,89.46
2023-11-16,S002,P0068,Electronics,East,81,99.77,69.22
2023-11-17,S002,P0068,Electronics,East,76,78.35,71.08
2023-11-18,S002,P0068,Electronics,North,83,96.9,88.68
2023-11-19,S002,P0068,Electronics,North,97,105.94,74.09
2023-11-20,S002,P0068,Electronics,East,79,103.81,88.76
2023-11-21,S002,P0068,Electronics,North,76,97.8,89.28
2023-11-22,S002,P0068,Electronics,East,186,171.1,89.95
2023-11-23,S002,P0068,Electronics,North,150,142.94,107.33
2023-11-24,S002,P0068,Electronics,South,93,101.48,72.49
2023-11-25,S002,P0068,Electronics,West,68,64.39,89.52
2023-11-26,S002,P0068,Electronics,North,85,88.88,94.69
2023-11-27,S002,P0068,Electronics,South,67,93.47,89.09
2023-11-28,S002,P0068,Electronics,West,74,94.57,68.95
2023-11-29,S002,P0068,Electronics,West,82,118.3,91.09
2023-11-30,S002,P0068,Electronics,North,77,97.97,88.22
2023-12-01,S002,P0068,Electronics,South,44,41.9,70.91
2023-12-02,S002,P0068,Electronics,West,83,95.8,87.99
2023-12-03,S002,P0068,Electronics,East,100,97.36,88.9
2023-12-04,S002,P0068,Electronics,South,57,64.28,105.4
2023-12-05,S002,P0068,Electronics,West,45,57.11,72.46
2023-12-06,S002,P0068,Electronics,North,81,91.34,88.12
2023-12-07,S002,P0068,Electronics,East,58,55.13,88.59
2023-12-08,S002,P0068,Electronics,North,90,85.12,94.84
2023-12-09,S002,P0068,Electronics,South,48,61.64,72.64
2023-12-10,S002,P0068,Electronics,North,98,92.96,64.16
2023-12-11,S002,P0068,Electronics,South,14,14.25,70.14
2023-12-12,S002,P0068,Electronics,West,53,60.7,69.86
2023-12-13,S002,P0068,Electronics,West,113,117.35,89.52
2023-12-14,S002,P0068,Electronics,North,105,121.99,90.15
2023-12-15,S002,P0068,Electronics,South,36,50.33,70.36
2023-12-16,S002,P0068,Electronics,South,54,61.22,90.08
2023-12-17,S002,P0068,Electronics,West,64,69.56,88.84
2023-12-18,S002,P0068,Electronics,West,83,93.31,91.06
2023-12-19,S002,P0068,Electronics,West,73,92.55,89.83
2023-12-20,S002,P0068,Electronics,West,60,72.41,89.89
2023-12-21,S002,P0068,Electronics,East,51,62.09,89.64
2023-12-22,S002,P0068,Electronics,South,70,73.88,69.35
2023-12-23,S002,P0068,Electronics,West,92,110.43,89.7
2023-12-24,S002,P0068,Electronics,South,44,60.63,69.62
2023-12-25,S002,P0068,Electronics,East,136,133.79,89.83
2023-12-26,S002,P0068,Electronics,South,74,101.62,90.6
2023-12-27,S002,P0068,Electronics,West,97,109.09,89.96
2023-12-28,S002,P0068,Electronics,West,30,39.14,90.43
2023-12-29,S002,P0068,Electronics,East,135,127.63,91.9
2023-12-30,S002,P0068,Electronics,East,163,168.82,105.49
2023-12-31,S002,P0068,Electronics,North,70,66.94,71.46
2023-10-01,S002,P0069,Clothing,West,102,123.41,88.69
2023-10-02,S002,P0069,Clothing,South,43,41.93,89.84
2023-10-03,S002,P0069,Clothing,East,125,138.48,106.11
2023-10-04,S002,P0069,Clothing,North,63,75.23,89.79
2023-10-05,S002,P0069,Clothing,North,62,76.23,89.9
2023-10-06,S002,P0069,Clothing,North,101,109.12,89.51
2023-10-07,S002,P0069,Clothing,South,41,51.23,89.64
2023-10-08,S002,P0069,Clothing,West,148,141.01,88.98
2023-10-09,S002,P0069,Clothing,North,50,56.76,90.63
2023-10-10,S002,P0069,Clothing,South,155,146.62,90.2
2023-10-11,S002,P0069,Clothing,East,86,108.72,89.43
2023-10-12,S002,P0069,Clothing,West,111,127.15,89.55
2023-10-13,S002,P0069,Clothing,West,163,154.78,89.34
2023-10-14,S002,P0069,Clothing,North,175,185.54,110.76
2023-10-15,S002,P0069,Clothing,North,63,64.64,81.06
2023-10-16,S002,P0069,Clothing,West,50,60.69,90.91
2023-10-17,S002,P0069,Clothing,North,66,88.78,92.3
2023-10-18,S002,P0069,Clothing,North,114,115.3,88.97
2023-10-19,S002,P0069,Clothing,North,98,108.98,89.64
2023-10-20,S002,P0069,Clothing,South,122,170.77,90.19
2023-10-21,S002,P0069,Clothing,East,179,171.63,107.53
2023-10-22,S002,P0069,Clothing,East,135,175.39,108.55
2023-10-23,S002,P0069,Clothing,East,84,96.68,91.73
2023-10-24,S002,P0069,Clothing,North,106,101.67,91.17
2023-10-25,S002,P0069,Clothing,East,91,85.51,90.89
2023-10-26,S002,P0069,Clothing,South,82,83.53,92.45
2023-10-27,S002,P0069,Clothing,North,130,154.41,90.84
2023-10-28,S002,P0069,Clothing,South,138,129.49,90.23
2023-10-29,S002,P0069,Clothing,South,93,96.78,90.76
2023-10-30,S002,P0069,Clothing,South,89,92.8,89.81
2023-10-31,S002,P0069,Clothing,North,72,97.12,89.78
2023-11-01,S002,P0069,Clothing,North,125,119.61,125.84
2023-11-02,S002,P0069,Clothing,South,210,202.24,128.89
2023-11-03,S002,P0069,Clothing,West,128,129.77,125.7
2023-11-04,S002,P0069,Clothing,South,101,141.57,126.62
2023-11-05,S002,P0069,Clothing,East,87,103.91,127.69
2023-11-06,S002,P0069,Clothing,East,168,177.1,108.91
2023-11-07,S002,P0069,Clothing,South,113,128.45,126.27
2023-11-08,S002,P0069,Clothing,South,147,164.71,124.25
2023-11-09,S002,P0069,Clothing,West,192,179.27,147.63
2023-11-10,S002,P0069,Clothing,East,63,89.35,127.46
2023-11-11,S002,P0069,Clothing,North,119,117.2,124.82
2023-11-12,S002,P0069,Clothing,West,126,121.02,146.51
2023-11-13,S002,P0069,Clothing,West,73,82.92,130.02
2023-11-14,S002,P0069,Clothing,West,58,70.07,130.5
2023-11-15,S002,P0069,Clothing,West,167,173.43,161.92
2023-11-16,S002,P0069,Clothing,North,135,173.38,132.57
2023-11-17,S002,P0069,Clothing,South,118,130.05,132.07
2023-11-18,S002,P0069,Clothing,North,165,153.6,125.63
2023-11-19,S002,P0069,Clothing,South,44,62.36,125.45
2023-11-20,S002,P0069,Clothing,East,113,120.79,133.5
2023-11-21,S002,P0069,Clothing,North,0,0.0,135.01
2023-11-22,S002,P0069,Clothing,South,94,88.22,130.0
2023-11-23,S002,P0069,Clothing,West,146,137.65,116.77
2023-11-24,S002,P0069,Clothing,West,87,95.63,117.72
2023-11-25,S002,P0069,Clothing,South,176,214.78,118.67
2023-11-26,S002,P0069,Clothing,West,194,193.31,123.81
2023-11-27,S002,P0069,Clothing,North,150,152.51,115.36
2023-11-28,S002,P0069,Clothing,East,66,80.81,119.63
2023-11-29,S002,P0069,Clothing,South,123,139.12,129.77
2023-11-30,S002,P0069,Clothing,North,117,133.36,127.54
2023-12-01,S002,P0069,Clothing,East,152,211.15,124.58
2023-12-02,S002,P0069,Clothing,South,96,129.64,124.26
2023-12-03,S002,P0069,Clothing,South,165,179.5,126.93
2023-12-04,S002,P0069,Clothing,West,91,108.1,123.1
2023-12-05,S002,P0069,Clothing,South,166,189.83,120.17
2023-12-06,S002,P0069,Clothing,West,91,94.13,122.61
2023-12-07,S002,P0069,Clothing,West,119,125.82,127.38
2023-12-08,S002,P0069,Clothing,North,120,143.56,122.32
2023-12-09,S002,P0069,Clothing,South,136,188.68,122.43
2023-12-10,S002,P0069,Clothing,West,87,79.82,126.71
2023-12-11,S002,P0069,Clothing,East,227,217.77,133.85
2023-12-12,S002,P0069,Clothing,North,148,155.79,125.45
2023-12-13,S002,P0069,Clothing,North,75,75.43,124.99
2023-12-14,S002,P0069,Clothing,West,243,243.28,153.46
2023-12-15,S002,P0069,Clothing,West,50,48.94,121.94
2023-12-16,S002,P0069,Clothing,West,136,153.3,122.58
2023-12-17,S002,P0069,Clothing,West,104,146.08,125.72
2023-12-18,S002,P0069,Clothing,North,124,166.95,126.83
2023-12-19,S002,P0069,Clothing,East,51,52.19,120.62
2023-12-20,S002,P0069,Clothing,West,123,158.22,124.95
2023-12-21,S002,P0069,Clothing,North,185,224.71,130.65
2023-12-22,S002,P0069,Clothing,West,56,79.92,127.27
2023-12-23,S002,P0069,Clothing,North,116,145.38,126.42
2023-12-24,S002,P0069,Clothing,North,142,141.48,129.58
2023-12-25,S002,P0069,Clothing,North,65,89.55,126.25
2023-12-26,S002,P0069,Clothing,West,91,107.95,118.3
2023-12-27,S002,P0069,Clothing,North,156,198.13,122.08
2023-12-28,S002,P0069,Clothing,North,85,96.78,118.66
2023-12-29,S002,P0069,Clothing,West,45,59.87,143.07
2023-12-30,S002,P0069,Clothing,North,100,106.11,125.19
2023-12-31,S002,P0069,Clothing,East,63,83.78,120.94
2023-10-01,S002,P0070,Electronics,West,33,47.06,72.52
2023-10-02,S002,P0070,Electronics,North,161,150.9,90.35
2023-10-03,S002,P0070,Electronics,North,99,132.96,88.03
2023-10-04,S002,P0070,Electronics,North,88,117.82,107.6
2023-10-05,S002,P0070,Electronics,East,119,110.91,72.07
2023-10-06,S002,P0070,Electronics,North,91,89.87,71.27
2023-10-07,S002,P0070,Electronics,East,77,70.9,90.23
2023-10-08,S002,P0070,Electronics,East,76,94.78,90.25
2023-10-09,S002,P0070,Electronics,West,117,109.32,114.72
2023-10-10,S002,P0070,Electronics,West,65,60.01,70.58
2023-10-11,S002,P0070,Electronics,North,40,50.33,90.02
2023-10-12,S002,P0070,Electronics,South,105,96.86,108.82
2023-10-13,S002,P0070,Electronics,East,12,12.76,72.25
2023-10-14,S002,P0070,Electronics,East,144,139.11,87.47
2023-10-15,S002,P0070,Electronics,East,46,50.54,74.41
2023-10-16,S002,P0070,Electronics,South,82,117.85,89.42
2023-10-17,S002,P0070,Electronics,West,170,161.46,87.49
2023-10-18,S002,P0070,Electronics,South,104,103.16,73.0
2023-10-19,S002,P0070,Electronics,South,114,134.94,89.18
2023-10-20,S002,P0070,Electronics,North,109,106.57,108.22
2023-10-21,S002,P0070,Electronics,North,86,85.66,88.94
2023-10-22,S002,P0070,Electronics,East,125,119.39,70.34
2023-10-23,S002,P0070,Electronics,North,104,97.18,71.77
2023-10-24,S002,P0070,Electronics,South,66,78.44,93.03
2023-10-25,S002,P0070,Electronics,East,94,97.75,89.5
2023-10-26,S002,P0070,Electronics,West,65,79.07,69.69
2023-10-27,S002,P0070,Electronics,East,82,98.36,89.74
2023-10-28,S002,P0070,Electronics,North,64,92.16,90.11
2023-10-29,S002,P0070,Electronics,South,115,107.51,72.99
2023-10-30,S002,P0070,Electronics,South,97,127.49,89.74
2023-10-31,S002,P0070,Electronics,South,53,68.8,89.65
2023-11-01,S002,P0070,Electronics,East,96,91.43,71.72
2023-11-02,S002,P0070,Electronics,West,76,102.83,88.84
2023-11-03,S002,P0070,Electronics,West,95,87.07,88.73
2023-11-04,S002,P0070,Electronics,South,48,46.19,71.3
2023-11-05,S002,P0070,Electronics,North,127,136.43,90.92
2023-11-06,S002,P0070,Electronics,North,63,91.26,72.2
2023-11-07,S002,P0070,Electronics,West,119,125.58,88.68
2023-11-08,S002,P0070,Electronics,East,96,106.27,89.54
2023-11-09,S002,P0070,Electronics,West,86,90.03,89.76
2023-11-10,S002,P0070,Electronics,South,89,81.73,89.17
2023-11-11,S002,P0070,Electronics,West,99,140.17,89.89
2023-11-12,S002,P0070,Electronics,South,68,76.69,71.24
2023-11-13,S002,P0070,Electronics,East,107,144.45,90.97
2023-11-14,S002,P0070,Electronics,West,97,120.3,71.29
2023-11-15,S002,P0070,Electronics,North,121,165.12,105.27
2023-11-16,S002,P0070,Electronics,South,28,32.12,89.51
2023-11-17,S002,P0070,Electronics,East,95,120.33,72.15
2023-11-18,S002,P0070,Electronics,North,113,135.98,89.88
2023-11-19,S002,P0070,Electronics,East,204,211.44,111.93
2023-11-20,S002,P0070,Electronics,North,111,103.87,90.13
2023-11-21,S002,P0070,Electronics,North,35,42.14,90.38
2023-11-22,S002,P0070,Electronics,North,226,223.11,109.04
2023-11-23,S002,P0070,Electronics,North,97,131.83,91.02
2023-11-24,S002,P0070,Electronics,North,123,165.37,87.64
2023-11-25,S002,P0070,Electronics,West,16,22.35,105.49
2023-11-26,S002,P0070,Electronics,South,51,58.72,90.8
2023-11-27,S002,P0070,Electronics,South,67,70.9,88.9
2023-11-28,S002,P0070,Electronics,North,62,84.84,71.57
2023-11-29,S002,P0070,Electronics,North,63,84.88,88.21
2023-11-30,S002,P0070,Electronics,West,84,99.72,71.43
2023-12-01,S002,P0070,Electronics,East,100,100.19,90.56
2023-12-02,S002,P0070,Electronics,West,116,106.41,88.78
2023-12-03,S002,P0070,Electronics,East,122,113.67,90.27
2023-12-04,S002,P0070,Electronics,East,98,117.94,89.58
2023-12-05,S002,P0070,Electronics,West,55,77.22,90.64
2023-12-06,S002,P0070,Electronics,North,134,122.54,91.3
2023-12-07,S002,P0070,Electronics,South,70,69.71,89.44
2023-12-08,S002,P0070,Electronics,East,149,185.65,90.54
2023-12-09,S002,P0070,Electronics,South,58,67.63,89.75
2023-12-10,S002,P0070,Electronics,West,77,98.84,74.73
2023-12-11,S002,P0070,Electronics,East,55,69.34,69.83
2023-12-12,S002,P0070,Electronics,West,84,89.81,89.62
2023-12-13,S002,P0070,Electronics,North,78,83.13,89.57
2023-12-14,S002,P0070,Electronics,North,103,122.5,90.44
2023-12-15,S002,P0070,Electronics,South,84,85.64,89.95
2023-12-16,S002,P0070,Electronics,North,147,139.5,90.89
2023-12-17,S002,P0070,Electronics,West,43,62.59,74.02
2023-12-18,S002,P0070,Electronics,West,91,91.24,90.22
2023-12-19,S002,P0070,Electronics,West,105,101.34,90.26
2023-12-20,S002,P0070,Electronics,South,68,77.63,70.47
2023-12-21,S002,P0070,Electronics,West,74,90.18,89.83
2023-12-22,S002,P0070,Electronics,North,74,85.05,89.73
2023-12-23,S002,P0070,Electronics,South,47,60.77,90.78
2023-12-24,S002,P0070,Electronics,East,55,75.65,89.79
2023-12-25,S002,P0070,Electronics,North,78,74.44,90.6
2023-12-26,S002,P0070,Electronics,East,147,148.79,107.22
2023-12-27,S002,P0070,Electronics,West,81,101.31,89.45
2023-12-28,S002,P0070,Electronics,North,114,122.89,88.01
2023-12-29,S002,P0070,Electronics,East,76,94.0,87.88
2023-12-30,S002,P0070,Electronics,East,99,117.78,88.96
2023-12-31,S002,P0070,Electronics,North,54,52.58,89.2
2023-10-01,S002,P0079,Furniture,North,93,107.95,90.36
2023-10-02,S002,P0079,Furniture,North,115,109.54,90.3
2023-10-03,S002,P0079,Furniture,North,119,124.14,90.06
2023-10-04,S002,P0079,Furniture,South,75,70.54,88.76
2023-10-05,S002,P0079,Furniture,North,46,48.24,90.53
2023-10-06,S002,P0079,Furniture,East,64,88.91,90.2
2023-10-07,S002,P0079,Furniture,East,110,113.27,89.5
2023-10-08,S002,P0079,Furniture,North,118,119.74,89.91
2023-10-09,S002,P0079,Furniture,North,76,82.93,90.36
2023-10-10,S002,P0079,Furniture,North,93,102.42,90.16
2023-10-11,S002,P0079,Furniture,West,128,131.12,91.39
2023-10-12,S002,P0079,Furniture,North,122,114.59,89.69
2023-10-13,S002,P0079,Furniture,South,79,76.37,88.05
2023-10-14,S002,P0079,Furniture,South,97,95.07,89.39
2023-10-15,S002,P0079,Furniture,North,137,187.81,109.77
2023-10-16,S002,P0079,Furniture,North,86,112.41,90.6
2023-10-17,S002,P0079,Furniture,North,96,106.19,89.65
2023-10-18,S002,P0079,Furniture,East,61,86.09,89.17
2023-10-19,S002,P0079,Furniture,South,69,88.83,110.14
2023-10-20,S002,P0079,Furniture,East,62,85.72,89.08
2023-10-21,S002,P0079,Furniture,West,97,99.45,109.9
2023-10-22,S002,P0079,Furniture,North,127,127.27,89.74
2023-10-23,S002,P0079,Furniture,South,69,94.94,110.46
2023-10-24,S002,P0079,Furniture,South,32,36.57,90.81
2023-10-25,S002,P0079,Furniture,North,75,96.29,90.22
2023-10-26,S002,P0079,Furniture,West,168,161.27,90.18
2023-10-27,S002,P0079,Furniture,North,20,20.82,90.38
2023-10-28,S002,P0079,Furniture,East,139,156.54,89.96
2023-10-29,S002,P0079,Furniture,East,56,61.34,109.43
2023-10-30,S002,P0079,Furniture,East,153,203.57,89.67
2023-10-31,S002,P0079,Furniture,West,31,42.65,89.42
2023-11-01,S002,P0079,Furniture,East,58,72.97,88.43
2023-11-02,S002,P0079,Furniture,South,189,228.98,108.27
2023-11-03,S002,P0079,Furniture,North,67,94.23,87.85
2023-11-04,S002,P0079,Furniture,East,85,90.9,87.73
2023-11-05,S002,P0079,Furniture,West,96,98.02,89.19
2023-11-06,S002,P0079,Furniture,West,136,127.7,91.07
2023-11-07,S002,P0079,Furniture,North,90,113.46,113.77
2023-11-08,S002,P0079,Furniture,East,92,124.2,89.45
2023-11-09,S002,P0079,Furniture,West,69,92.19,91.45
2023-11-10,S002,P0079,Furniture,North,49,67.72,108.93
2023-11-11,S002,P0079,Furniture,East,97,135.61,87.56
2023-11-12,S002,P0079,Furniture,South,101,112.82,106.69
2023-11-13,S002,P0079,Furniture,West,84,95.01,88.14
2023-11-14,S002,P0079,Furniture,South,111,126.34,88.81
2023-11-15,S002,P0079,Furniture,South,127,129.11,89.04
2023-11-16,S002,P0079,Furniture,South,134,132.16,89.48
2023-11-17,S002,P0079,Furniture,South,69,78.9,88.63
2023-11-18,S002,P0079,Furniture,East,89,82.27,86.45
2023-11-19,S002,P0079,Furniture,South,92,126.18,113.23
2023-11-20,S002,P0079,Furniture,East,83,112.43,91.88
2023-11-21,S002,P0079,Furniture,South,131,139.9,92.57
2023-11-22,S002,P0079,Furniture,South,188,192.28,90.26
2023-11-23,S002,P0079,Furniture,South,158,150.25,91.58
2023-11-24,S002,P0079,Furniture,West,157,144.32,90.19
2023-11-25,S002,P0079,Furniture,West,111,143.56,102.52
2023-11-26,S002,P0079,Furniture,East,131,147.05,93.2
2023-11-27,S002,P0079,Furniture,East,67,77.55,119.17
2023-11-28,S002,P0079,Furniture,East,174,162.49,89.54
2023-11-29,S002,P0079,Furniture,North,64,90.76,81.95
2023-11-30,S002,P0079,Furniture,West,122,115.11,88.45
2023-12-01,S002,P0079,Furniture,North,63,63.11,92.19
2023-12-02,S002,P0079,Furniture,East,53,74.94,114.22
2023-12-03,S002,P0079,Furniture,South,81,78.59,89.03
2023-12-04,S002,P0079,Furniture,West,63,77.32,88.72
2023-12-05,S002,P0079,Furniture,South,154,164.03,89.78
2023-12-06,S002,P0079,Furniture,North,58,65.42,90.75
2023-12-07,S002,P0079,Furniture,East,59,75.93,88.82
2023-12-08,S002,P0079,Furniture,East,104,141.84,89.74
2023-12-09,S002,P0079,Furniture,South,81,107.85,87.56
2023-12-10,S002,P0079,Furniture,North,118,109.14,109.39
2023-12-11,S002,P0079,Furniture,North,123,115.38,111.35
2023-12-12,S002,P0079,Furniture,West,112,110.37,88.88
2023-12-13,S002,P0079,Furniture,East,94,133.01,88.42
2023-12-14,S002,P0079,Furniture,South,162,194.78,110.54
2023-12-15,S002,P0079,Furniture,West,90,92.06,104.02
2023-12-16,S002,P0079,Furniture,West,107,98.86,89.43
2023-12-17,S002,P0079,Furniture,South,58,69.91,89.42
2023-12-18,S002,P0079,Furniture,East,83,79.26,92.12
2023-12-19,S002,P0079,Furniture,East,152,143.37,90.99
2023-12-20,S002,P0079,Furniture,South,60,55.26,91.05
2023-12-21,S002,P0079,Furniture,South,123,149.02,89.95
2023-12-22,S002,P0079,Furniture,West,115,132.53,88.4
2023-12-23,S002,P0079,Furniture,South,48,65.91,85.53
2023-12-24,S002,P0079,Furniture,West,136,161.03,87.03
2023-12-25,S002,P0079,Furniture,South,89,108.57,91.3
2023-12-26,S002,P0079,Furniture,West,55,78.25,90.53
2023-12-27,S002,P0079,Furniture,South,93,119.92,91.39
2023-12-28,S002,P0079,Furniture,North,86,114.19,90.71
2023-12-29,S002,P0079,Furniture,West,48,67.23,87.43
2023-12-30,S002,P0079,Furniture,North,29,40.65,108.24
2023-12-31,S002,P0079,Furniture,North,70,78.7,89.7
2023-10-01,S002,P0083,Toys,East,96,88.08,83.51
2023-10-02,S002,P0083,Toys,West,92,112.9,93.16
2023-10-03,S002,P0083,Toys,North,115,105.87,90.07
2023-10-04,S002,P0083,Toys,West,117,107.43,90.82
2023-10-05,S002,P0083,Toys,West,121,123.65,89.05
2023-10-06,S002,P0083,Toys,North,106,107.15,89.45
2023-10-07,S002,P0083,Toys,West,89,99.09,88.82
2023-10-08,S002,P0083,Toys,West,49,61.84,90.42
2023-10-09,S002,P0083,Toys,South,76,102.4,89.57
2023-10-10,S002,P0083,Toys,North,126,134.78,90.18
2023-10-11,S002,P0083,Toys,East,136,152.1,88.32
2023-10-12,S002,P0083,Toys,South,105,136.39,88.43
2023-10-13,S002,P0083,Toys,East,84,78.92,108.2
2023-10-14,S002,P0083,Toys,South,95,129.19,89.11
2023-10-15,S002,P0083,Toys,North,116,139.79,111.68
2023-10-16,S002,P0083,Toys,North,96,103.15,90.34
2023-10-17,S002,P0083,Toys,North,85,80.46,92.02
2023-10-18,S002,P0083,Toys,East,111,150.99,109.41
2023-10-19,S002,P0083,Toys,North,89,108.85,89.07
2023-10-20,S002,P0083,Toys,North,58,77.39,110.0
2023-10-21,S002,P0083,Toys,West,72,87.16,90.51
2023-10-22,S002,P0083,Toys,West,99,132.24,89.96
2023-10-23,S002,P0083,Toys,West,24,32.82,90.99
2023-10-24,S002,P0083,Toys,North,81,115.32,108.87
2023-10-25,S002,P0083,Toys,South,142,141.54,89.21
2023-10-26,S002,P0083,Toys,North,94,107.75,88.82
2023-10-27,S002,P0083,Toys,North,87,90.21,89.28
2023-10-28,S002,P0083,Toys,West,136,158.51,88.23
2023-10-29,S002,P0083,Toys,East,71,87.37,109.93
2023-10-30,S002,P0083,Toys,East,103,101.54,89.36
2023-10-31,S002,P0083,Toys,South,165,165.8,89.96
2023-11-01,S002,P0083,Toys,South,139,135.81,86.84
2023-11-02,S002,P0083,Toys,West,66,67.69,89.51
2023-11-03,S002,P0083,Toys,West,123,117.15,92.63
2023-11-04,S002,P0083,Toys,East,111,146.66,88.43
2023-11-05,S002,P0083,Toys,East,109,104.0,93.0
2023-11-06,S002,P0083,Toys,East,89,92.16,80.9
2023-11-07,S002,P0083,Toys,North,112,118.5,91.17
2023-11-08,S002,P0083,Toys,North,77,81.18,93.97
2023-11-09,S002,P0083,Toys,North,79,90.32,114.74
2023-11-10,S002,P0083,Toys,West,32,45.44,85.78
2023-11-11,S002,P0083,Toys,West,146,159.79,87.92
2023-11-12,S002,P0083,Toys,South,86,79.87,89.23
2023-11-13,S002,P0083,Toys,North,47,59.95,91.27
2023-11-14,S002,P0083,Toys,South,119,125.19,108.8
2023-11-15,S002,P0083,Toys,West,27,34.61,93.62
2023-11-16,S002,P0083,Toys,South,67,88.7,89.86
2023-11-17,S002,P0083,Toys,North,84,97.55,89.24
2023-11-18,S002,P0083,Toys,West,220,211.62,111.7
2023-11-19,S002,P0083,Toys,East,92,92.49,87.67
2023-11-20,S002,P0083,Toys,East,102,102.09,88.63
2023-11-21,S002,P0083,Toys,West,106,124.54,91.18
2023-11-22,S002,P0083,Toys,West,82,100.08,88.14
2023-11-23,S002,P0083,Toys,West,61,83.84,95.71
2023-11-24,S002,P0083,Toys,West,100,126.79,88.51
2023-11-25,S002,P0083,Toys,South,138,128.68,91.24
2023-11-26,S002,P0083,Toys,North,59,61.87,111.09
2023-11-27,S002,P0083,Toys,East,75,72.02,87.7
2023-11-28,S002,P0083,Toys,East,42,52.78,88.19
2023-11-29,S002,P0083,Toys,West,139,130.39,92.78
2023-11-30,S002,P0083,Toys,North,104,95.3,90.22
2023-12-01,S002,P0083,Toys,East,108,128.19,111.26
2023-12-02,S002,P0083,Toys,East,135,136.52,87.18
2023-12-03,S002,P0083,Toys,East,163,195.35,88.41
2023-12-04,S002,P0083,Toys,West,37,52.49,88.52
2023-12-05,S002,P0083,Toys,West,50,63.3,90.59
2023-12-06,S002,P0083,Toys,North,73,95.1,90.04
2023-12-07,S002,P0083,Toys,West,92,106.21,88.42
2023-12-08,S002,P0083,Toys,South,80,101.28,111.14
2023-12-09,S002,P0083,Toys,West,28,35.65,87.95
2023-12-10,S002,P0083,Toys,West,67,62.77,92.41
2023-12-11,S002,P0083,Toys,East,134,127.42,91.64
2023-12-12,S002,P0083,Toys,East,98,97.76,86.35
2023-12-13,S002,P0083,Toys,East,78,105.65,89.14
2023-12-14,S002,P0083,Toys,West,110,107.15,109.55
2023-12-15,S002,P0083,Toys,South,80,103.49,87.79
2023-12-16,S002,P0083,Toys,South,60,76.43,89.23
2023-12-17,S002,P0083,Toys,East,121,124.12,109.58
2023-12-18,S002,P0083,Toys,East,88,113.32,90.94
2023-12-19,S002,P0083,Toys,North,161,188.62,90.16
2023-12-20,S002,P0083,Toys,South,105,126.06,90.38
2023-12-21,S002,P0083,Toys,North,98,98.05,90.05
2023-12-22,S002,P0083,Toys,East,87,86.75,111.65
2023-12-23,S002,P0083,Toys,South,147,147.2,112.46
2023-12-24,S002,P0083,Toys,East,130,144.26,86.4
2023-12-25,S002,P0083,Toys,North,178,164.24,87.65
2023-12-26,S002,P0083,Toys,South,86,88.6,93.37
2023-12-27,S002,P0083,Toys,West,63,73.07,90.69
2023-12-28,S002,P0083,Toys,South,177,175.77,85.0
2023-12-29,S002,P0083,Toys,West,133,141.82,107.13
2023-12-30,S002,P0083,Toys,South,40,47.02,89.22
2023-12-31,S002,P0083,Toys,West,28,28.51,112.58
2023-10-01,S002,P0085,Electronics,North,194,193.07,103.35
2023-10-02,S002,P0085,Electronics,North,172,161.3,114.24
2023-10-03,S002,P0085,Electronics,East,75,107.66,92.72
2023-10-04,S002,P0085,Electronics,East,45,57.1,90.44
2023-10-05,S002,P0085,Electronics,North,76,80.22,86.87
2023-10-06,S002,P0085,Electronics,East,99,140.02,93.79
2023-10-07,S002,P0085,Electronics,East,110,108.57,92.4
2023-10-08,S002,P0085,Electronics,West,81,79.09,88.83
2023-10-09,S002,P0085,Electronics,East,90,107.45,90.11
2023-10-10,S002,P0085,Electronics,South,48,49.78,90.38
2023-10-11,S002,P0085,Electronics,East,93,122.14,88.92
2023-10-12,S002,P0085,Electronics,West,90,92.84,72.39
2023-10-13,S002,P0085,Electronics,West,54,74.01,89.56
2023-10-14,S002,P0085,Electronics,West,37,48.47,90.28
2023-10-15,S002,P0085,Electronics,West,96,96.08,87.13
2023-10-16,S002,P0085,Electronics,North,70,97.28,71.2
2023-10-17,S002,P0085,Electronics,South,87,87.11,87.33
2023-10-18,S002,P0085,Electronics,South,81,78.33,89.19
2023-10-19,S002,P0085,Electronics,North,129,120.28,71.62
2023-10-20,S002,P0085,Electronics,South,136,126.02,89.89
2023-10-21,S002,P0085,Electronics,West,17,22.09,90.18
2023-10-22,S002,P0085,Electronics,East,123,122.42,90.07
2023-10-23,S002,P0085,Electronics,East,85,108.59,89.82
2023-10-24,S002,P0085,Electronics,East,130,119.4,89.91
2023-10-25,S002,P0085,Electronics,North,67,83.81,89.53
2023-10-26,S002,P0085,Electronics,North,53,68.12,94.41
2023-10-27,S002,P0085,Electronics,North,155,147.92,89.63
2023-10-28,S002,P0085,Electronics,North,93,126.29,90.23
2023-10-29,S002,P0085,Electronics,North,48,55.82,68.62
2023-10-30,S002,P0085,Electronics,West,130,130.25,106.06
2023-10-31,S002,P0085,Electronics,East,41,39.83,88.71
2023-11-01,S002,P0085,Electronics,North,116,105.97,73.94
2023-11-02,S002,P0085,Electronics,East,65,85.5,92.27
2023-11-03,S002,P0085,Electronics,West,122,145.68,72.81
2023-11-04,S002,P0085,Electronics,West,92,99.42,108.52
2023-11-05,S002,P0085,Electronics,North,40,44.3,90.28
2023-11-06,S002,P0085,Electronics,East,103,109.49,72.08
2023-11-07,S002,P0085,Electronics,North,125,123.8,89.69
2023-11-08,S002,P0085,Electronics,East,44,60.21,88.71
2023-11-09,S002,P0085,Electronics,West,188,183.34,89.42
2023-11-10,S002,P0085,Electronics,North,111,151.33,88.26
2023-11-11,S002,P0085,Electronics,North,88,111.28,104.51
2023-11-12,S002,P0085,Electronics,West,18,17.88,89.89
2023-11-13,S002,P0085,Electronics,North,186,169.92,109.91
2023-11-14,S002,P0085,Electronics,East,68,80.84,90.94
2023-11-15,S002,P0085,Electronics,North,101,106.54,72.87
2023-11-16,S002,P0085,Electronics,North,64,59.02,70.75
2023-11-17,S002,P0085,Electronics,West,156,161.59,105.3
2023-11-18,S002,P0085,Electronics,West,81,100.54,90.05
2023-11-19,S002,P0085,Electronics,East,159,153.41,91.65
2023-11-20,S002,P0085,Electronics,North,136,152.93,85.28
2023-11-21,S002,P0085,Electronics,South,84,101.18,91.17
2023-11-22,S002,P0085,Electronics,West,53,51.22,92.35
2023-11-23,S002,P0085,Electronics,East,77,73.45,71.46
2023-11-24,S002,P0085,Electronics,West,78,78.9,71.03
2023-11-25,S002,P0085,Electronics,North,61,77.76,90.74
2023-11-26,S002,P0085,Electronics,South,80,79.02,89.84
2023-11-27,S002,P0085,Electronics,South,74,84.35,76.11
2023-11-28,S002,P0085,Electronics,West,55,61.87,70.96
2023-11-29,S002,P0085,Electronics,East,83,112.01,68.51
2023-11-30,S002,P0085,Electronics,North,118,122.93,90.45
2023-12-01,S002,P0085,Electronics,North,82,107.96,109.55
2023-12-02,S002,P0085,Electronics,North,88,93.4,111.7
2023-12-03,S002,P0085,Electronics,South,70,96.24,89.68
2023-12-04,S002,P0085,Electronics,North,68,65.16,70.88
2023-12-05,S002,P0085,Electronics,North,31,33.88,95.37
2023-12-06,S002,P0085,Electronics,West,97,106.1,91.29
2023-12-07,S002,P0085,Electronics,West,71,101.58,89.27
2023-12-08,S002,P0085,Electronics,East,88,111.04,72.85
2023-12-09,S002,P0085,Electronics,East,57,75.77,89.35
2023-12-10,S002,P0085,Electronics,South,149,148.84,89.9
2023-12-11,S002,P0085,Electronics,West,52,71.35,89.93
2023-12-12,S002,P0085,Electronics,West,80,100.19,68.85
2023-12-13,S002,P0085,Electronics,North,63,66.24,90.33
2023-12-14,S002,P0085,Electronics,East,103,98.38,88.51
2023-12-15,S002,P0085,Electronics,North,71,86.75,70.52
2023-12-16,S002,P0085,Electronics,North,88,117.5,90.36
2023-12-17,S002,P0085,Electronics,South,40,50.17,90.03
2023-12-18,S002,P0085,Electronics,South,117,108.21,71.32
2023-12-19,S002,P0085,Electronics,North,51,58.4,89.46
2023-12-20,S002,P0085,Electronics,West,58,54.03,72.4
2023-12-21,S002,P0085,Electronics,North,151,149.85,109.63
2023-12-22,S002,P0085,Electronics,South,88,113.5,89.39
2023-12-23,S002,P0085,Electronics,North,97,111.99,89.78
2023-12-24,S002,P0085,Electronics,North,55,55.03,72.85
2023-12-25,S002,P0085,Electronics,West,97,102.26,73.65
2023-12-26,S002,P0085,Electronics,South,99,104.34,89.62
2023-12-27,S002,P0085,Electronics,East,97,109.44,113.44
2023-12-28,S002,P0085,Electronics,West,79,113.93,89.17
2023-12-29,S002,P0085,Electronics,East,136,132.69,88.77
2023-12-30,S002,P0085,Electronics,West,79,74.11,69.54
2023-12-31,S002,P0085,Electronics,East,50,55.36,71.29
2023-10-01,S002,P0094,Groceries,West,154,166.61,98.9
2023-10-02,S002,P0094,Groceries,East,30,32.94,98.17
2023-10-03,S002,P0094,Groceries,East,99,114.53,112.57
2023-10-04,S002,P0094,Groceries,North,122,111.16,142.22
2023-10-05,S002,P0094,Groceries,East,91,92.51,108.48
2023-10-06,S002,P0094,Groceries,West,145,138.58,92.7
2023-10-07,S002,P0094,Groceries,West,73,103.36,86.78
2023-10-08,S002,P0094,Groceries,South,159,157.06,93.78
2023-10-09,S002,P0094,Groceries,West,57,64.41,93.8
2023-10-10,S002,P0094,Groceries,West,47,45.66,90.99
2023-10-11,S002,P0094,Groceries,East,75,89.69,90.33
2023-10-12,S002,P0094,Groceries,East,47,51.33,90.69
2023-10-13,S002,P0094,Groceries,West,65,90.49,92.96
2023-10-14,S002,P0094,Groceries,West,149,137.87,89.89
2023-10-15,S002,P0094,Groceries,East,84,80.45,91.59
2023-10-16,S002,P0094,Groceries,North,77,71.05,89.05
2023-10-17,S002,P0094,Groceries,South,96,119.68,86.65
2023-10-18,S002,P0094,Groceries,South,104,96.49,89.11
2023-10-19,S002,P0094,Groceries,North,190,180.16,89.48
2023-10-20,S002,P0094,Groceries,West,82,83.39,88.55
2023-10-21,S002,P0094,Groceries,West,113,127.74,112.53
2023-10-22,S002,P0094,Groceries,West,96,101.22,96.09
2023-10-23,S002,P0094,Groceries,South,72,72.97,85.93
2023-10-24,S002,P0094,Groceries,South,87,123.44,110.87
2023-10-25,S002,P0094,Groceries,North,83,80.81,112.35
2023-10-26,S002,P0094,Groceries,South,90,124.76,93.95
2023-10-27,S002,P0094,Groceries,East,94,92.48,87.2
2023-10-28,S002,P0094,Groceries,South,58,59.4,89.08
2023-10-29,S002,P0094,Groceries,East,57,62.91,88.86
2023-10-30,S002,P0094,Groceries,South,65,88.82,88.02
2023-10-31,S002,P0094,Groceries,South,44,61.53,90.05
2023-11-01,S002,P0094,Groceries,South,114,131.24,113.59
2023-11-02,S002,P0094,Groceries,North,155,151.44,91.06
2023-11-03,S002,P0094,Groceries,North,60,63.11,88.06
2023-11-04,S002,P0094,Groceries,West,119,157.4,88.56
2023-11-05,S002,P0094,Groceries,West,113,142.68,89.22
2023-11-06,S002,P0094,Groceries,North,62,81.25,88.3
2023-11-07,S002,P0094,Groceries,South,32,31.17,108.13
2023-11-08,S002,P0094,Groceries,East,137,174.18,92.73
2023-11-09,S002,P0094,Groceries,West,108,119.98,88.13
2023-11-10,S002,P0094,Groceries,East,59,81.9,88.04
2023-11-11,S002,P0094,Groceries,North,139,186.82,87.45
2023-11-12,S002,P0094,Groceries,East,78,75.29,88.88
2023-11-13,S002,P0094,Groceries,North,90,105.84,90.14
2023-11-14,S002,P0094,Groceries,East,63,80.83,91.66
2023-11-15,S002,P0094,Groceries,South,98,120.66,88.09
2023-11-16,S002,P0094,Groceries,East,132,135.05,106.82
2023-11-17,S002,P0094,Groceries,West,92,92.98,88.41
2023-11-18,S002,P0094,Groceries,North,122,135.82,87.47
2023-11-19,S002,P0094,Groceries,East,150,165.27,111.57
2023-11-20,S002,P0094,Groceries,South,117,125.9,88.9
2023-11-21,S002,P0094,Groceries,East,47,55.91,93.42
2023-11-22,S002,P0094,Groceries,West,99,97.69,110.21
2023-11-23,S002,P0094,Groceries,North,111,111.51,88.66
2023-11-24,S002,P0094,Groceries,East,107,104.89,110.06
2023-11-25,S002,P0094,Groceries,East,74,100.3,91.93
2023-11-26,S002,P0094,Groceries,West,113,103.55,86.84
2023-11-27,S002,P0094,Groceries,South,97,113.23,91.53
2023-11-28,S002,P0094,Groceries,East,40,43.31,91.34
2023-11-29,S002,P0094,Groceries,South,129,129.33,110.32
2023-11-30,S002,P0094,Groceries,East,88,110.3,89.62
2023-12-01,S002,P0094,Groceries,South,80,84.03,88.65
2023-12-02,S002,P0094,Groceries,South,147,146.01,88.51
2023-12-03,S002,P0094,Groceries,South,99,108.81,90.57
2023-12-04,S002,P0094,Groceries,North,71,93.5,90.46
2023-12-05,S002,P0094,Groceries,North,81,95.34,91.55
2023-12-06,S002,P0094,Groceries,East,51,51.8,90.68
2023-12-07,S002,P0094,Groceries,South,93,131.55,90.01
2023-12-08,S002,P0094,Groceries,East,119,115.83,88.47
2023-12-09,S002,P0094,Groceries,West,98,95.44,88.88
2023-12-10,S002,P0094,Groceries,East,76,94.4,88.46
2023-12-11,S002,P0094,Groceries,West,59,81.61,108.41
2023-12-12,S002,P0094,Groceries,West,77,81.01,89.02
2023-12-13,S002,P0094,Groceries,East,78,88.12,88.44
2023-12-14,S002,P0094,Groceries,South,87,113.75,90.3
2023-12-15,S002,P0094,Groceries,North,69,95.55,88.82
2023-12-16,S002,P0094,Groceries,North,103,112.3,89.32
2023-12-17,S002,P0094,Groceries,North,73,70.98,88.12
2023-12-18,S002,P0094,Groceries,South,67,68.38,89.83
2023-12-19,S002,P0094,Groceries,South,118,111.93,89.19
2023-12-20,S002,P0094,Groceries,West,36,38.41,88.59
2023-12-21,S002,P0094,Groceries,North,184,185.38,107.98
2023-12-22,S002,P0094,Groceries,North,106,111.76,87.92
2023-12-23,S002,P0094,Groceries,South,94,87.39,89.42
2023-12-24,S002,P0094,Groceries,West,122,129.8,88.28
2023-12-25,S002,P0094,Groceries,West,97,118.33,110.1
2023-12-26,S002,P0094,Groceries,North,99,122.87,93.11
2023-12-27,S002,P0094,Groceries,West,108,110.93,91.8
2023-12-28,S002,P0094,Groceries,West,95,91.47,84.71
2023-12-29,S002,P0094,Groceries,East,40,57.82,88.2
2023-12-30,S002,P0094,Groceries,South,75,100.04,88.44
2023-12-31,S002,P0094,Groceries,North,86,94.02,89.95
2023-10-01,S002,P0096,Toys,South,29,28.04,90.9
2023-10-02,S002,P0096,Toys,West,106,108.36,90.76
2023-10-03,S002,P0096,Toys,East,174,161.07,90.91
2023-10-04,S002,P0096,Toys,East,62,76.31,89.43
2023-10-05,S002,P0096,Toys,East,150,139.26,89.72
2023-10-06,S002,P0096,Toys,East,97,131.02,90.05
2023-10-07,S002,P0096,Toys,East,56,53.41,105.59
2023-10-08,S002,P0096,Toys,South,98,105.95,111.79
2023-10-09,S002,P0096,Toys,West,101,123.35,91.8
2023-10-10,S002,P0096,Toys,North,111,146.54,90.24
2023-10-11,S002,P0096,Toys,North,117,129.57,89.78
2023-10-12,S002,P0096,Toys,East,70,81.05,89.65
2023-10-13,S002,P0096,Toys,South,118,114.98,90.35
2023-10-14,S002,P0096,Toys,South,92,92.01,89.94
2023-10-15,S002,P0096,Toys,West,47,54.74,90.05
2023-10-16,S002,P0096,Toys,West,91,103.47,89.9
2023-10-17,S002,P0096,Toys,West,157,166.05,109.74
2023-10-18,S002,P0096,Toys,South,72,84.02,110.54
2023-10-19,S002,P0096,Toys,South,70,92.34,89.62
2023-10-20,S002,P0096,Toys,East,102,117.44,90.42
2023-10-21,S002,P0096,Toys,West,67,94.29,90.21
2023-10-22,S002,P0096,Toys,South,82,103.6,89.9
2023-10-23,S002,P0096,Toys,East,55,72.49,90.58
2023-10-24,S002,P0096,Toys,South,127,118.25,89.88
2023-10-25,S002,P0096,Toys,North,137,170.64,107.41
2023-10-26,S002,P0096,Toys,East,54,74.84,110.07
2023-10-27,S002,P0096,Toys,North,134,137.62,109.16
2023-10-28,S002,P0096,Toys,West,94,126.92,111.23
2023-10-29,S002,P0096,Toys,West,61,84.2,90.08
2023-10-30,S002,P0096,Toys,East,106,133.95,90.07
2023-10-31,S002,P0096,Toys,West,68,86.78,89.62
2023-11-01,S002,P0096,Toys,East,135,131.07,91.85
2023-11-02,S002,P0096,Toys,West,56,70.72,90.94
2023-11-03,S002,P0096,Toys,North,103,96.86,89.42
2023-11-04,S002,P0096,Toys,South,100,96.35,87.84
2023-11-05,S002,P0096,Toys,East,77,98.82,88.07
2023-11-06,S002,P0096,Toys,West,85,108.57,90.88
2023-11-07,S002,P0096,Toys,East,76,81.31,91.8
2023-11-08,S002,P0096,Toys,West,83,104.81,106.23
2023-11-09,S002,P0096,Toys,East,98,99.55,109.91
2023-11-10,S002,P0096,Toys,North,58,68.71,87.09
2023-11-11,S002,P0096,Toys,East,75,87.78,87.57
2023-11-12,S002,P0096,Toys,East,90,89.09,90.86
2023-11-13,S002,P0096,Toys,West,80,91.65,91.25
2023-11-14,S002,P0096,Toys,South,69,95.0,90.77
2023-11-15,S002,P0096,Toys,South,112,117.85,91.13
2023-11-16,S002,P0096,Toys,West,141,135.19,91.13
2023-11-17,S002,P0096,Toys,East,45,54.11,88.09
2023-11-18,S002,P0096,Toys,West,95,90.49,87.63
2023-11-19,S002,P0096,Toys,West,86,80.84,110.97
2023-11-20,S002,P0096,Toys,East,57,63.09,94.07
2023-11-21,S002,P0096,Toys,West,194,192.28,106.22
2023-11-22,S002,P0096,Toys,North,120,114.55,89.69
2023-11-23,S002,P0096,Toys,West,96,119.42,91.2
2023-11-24,S002,P0096,Toys,West,67,89.83,84.85
2023-11-25,S002,P0096,Toys,South,107,113.61,109.23
2023-11-26,S002,P0096,Toys,South,74,71.89,86.4
2023-11-27,S002,P0096,Toys,North,76,93.66,91.37
2023-11-28,S002,P0096,Toys,West,81,108.96,108.86
2023-11-29,S002,P0096,Toys,South,102,110.26,109.81
2023-11-30,S002,P0096,Toys,West,81,93.44,90.91
2023-12-01,S002,P0096,Toys,West,58,75.57,88.78
2023-12-02,S002,P0096,Toys,South,86,91.25,93.46
2023-12-03,S002,P0096,Toys,South,106,97.88,87.05
2023-12-04,S002,P0096,Toys,East,92,85.89,92.58
2023-12-05,S002,P0096,Toys,North,86,101.46,90.26
2023-12-06,S002,P0096,Toys,North,54,74.11,89.7
2023-12-07,S002,P0096,Toys,North,116,114.24,89.3
2023-12-08,S002,P0096,Toys,South,44,41.24,89.03
2023-12-09,S002,P0096,Toys,West,115,128.8,89.61
2023-12-10,S002,P0096,Toys,West,93,101.99,88.33
2023-12-11,S002,P0096,Toys,East,112,133.06,91.59
2023-12-12,S002,P0096,Toys,West,22,28.47,91.13
2023-12-13,S002,P0096,Toys,South,110,120.22,90.56
2023-12-14,S002,P0096,Toys,South,121,116.55,92.35
2023-12-15,S002,P0096,Toys,South,118,152.6,87.27
2023-12-16,S002,P0096,Toys,South,99,93.2,87.47
2023-12-17,S002,P0096,Toys,West,62,72.45,87.85
2023-12-18,S002,P0096,Toys,North,127,123.44,91.5
2023-12-19,S002,P0096,Toys,South,54,63.86,90.56
2023-12-20,S002,P0096,Toys,East,115,116.01,88.4
2023-12-21,S002,P0096,Toys,West,118,114.62,88.73
2023-12-22,S002,P0096,Toys,East,48,47.62,86.18
2023-12-23,S002,P0096,Toys,North,90,112.45,88.49
2023-12-24,S002,P0096,Toys,East,82,86.42,90.41
2023-12-25,S002,P0096,Toys,South,68,62.4,89.65
2023-12-26,S002,P0096,Toys,East,86,122.82,111.19
2023-12-27,S002,P0096,Toys,South,94,100.81,89.11
2023-12-28,S002,P0096,Toys,South,15,16.29,109.35
2023-12-29,S002,P0096,Toys,South,83,102.69,111.31
2023-12-30,S002,P0096,Toys,South,92,103.92,87.79
2023-12-31,S002,P0096,Toys,North,39,56.51,87.05
2023-10-01,S002,P0116,Furniture,West,97,101.73,89.48
2023-10-02,S002,P0116,Furniture,North,81,92.09,89.57
2023-10-03,S002,P0116,Furniture,West,89,122.13,89.46
2023-10-04,S002,P0116,Furniture,West,64,77.37,90.75
2023-10-05,S002,P0116,Furniture,West,125,122.56,90.23
2023-10-06,S002,P0116,Furniture,East,137,142.79,109.68
2023-10-07,S002,P0116,Furniture,North,94,92.4,89.42
2023-10-08,S002,P0116,Furniture,North,64,82.0,90.12
2023-10-09,S002,P0116,Furniture,North,98,108.97,90.15
2023-10-10,S002,P0116,Furniture,South,65,78.46,90.63
2023-10-11,S002,P0116,Furniture,South,79,85.49,89.8
2023-10-12,S002,P0116,Furniture,East,54,73.71,91.89
2023-10-13,S002,P0116,Furniture,East,70,99.26,89.54
2023-10-14,S002,P0116,Furniture,South,93,90.51,90.19
2023-10-15,S002,P0116,Furniture,North,109,126.68,89.89
2023-10-16,S002,P0116,Furniture,North,94,87.77,90.66
2023-10-17,S002,P0116,Furniture,East,47,53.51,89.96
2023-10-18,S002,P0116,Furniture,South,62,65.26,90.88
2023-10-19,S002,P0116,Furniture,South,56,55.05,90.68
2023-10-20,S002,P0116,Furniture,North,115,110.61,90.56
2023-10-21,S002,P0116,Furniture,West,132,122.26,90.12
2023-10-22,S002,P0116,Furniture,North,27,32.16,90.59
2023-10-23,S002,P0116,Furniture,West,67,67.28,88.85
2023-10-24,S002,P0116,Furniture,East,109,104.02,89.75
2023-10-25,S002,P0116,Furniture,North,2,2.76,107.98
2023-10-26,S002,P0116,Furniture,East,106,97.57,90.43
2023-10-27,S002,P0116,Furniture,South,58,69.74,108.34
2023-10-28,S002,P0116,Furniture,North,64,92.62,89.35
2023-10-29,S002,P0116,Furniture,North,108,127.56,89.85
2023-10-30,S002,P0116,Furniture,North,90,85.8,89.82
2023-10-31,S002,P0116,Furniture,South,120,128.42,111.07
2023-11-01,S002,P0116,Furniture,South,95,101.33,89.05
2023-11-02,S002,P0116,Furniture,North,47,67.09,94.01
2023-11-03,S002,P0116,Furniture,East,76,91.45,87.66
2023-11-04,S002,P0116,Furniture,West,80,92.06,100.28
2023-11-05,S002,P0116,Furniture,West,138,137.87,88.97
2023-11-06,S002,P0116,Furniture,North,52,67.03,91.38
2023-11-07,S002,P0116,Furniture,South,105,145.02,91.37
2023-11-08,S002,P0116,Furniture,South,63,68.38,88.98
2023-11-09,S002,P0116,Furniture,West,99,95.84,89.43
2023-11-10,S002,P0116,Furniture,North,56,61.71,87.74
2023-11-11,S002,P0116,Furniture,North,111,104.32,87.78
2023-11-12,S002,P0116,Furniture,South,99,106.88,89.48
2023-11-13,S002,P0116,Furniture,West,50,58.04,87.47
2023-11-14,S002,P0116,Furniture,South,107,148.46,108.1
2023-11-15,S002,P0116,Furniture,West,83,86.05,107.11
2023-11-16,S002,P0116,Furniture,North,118,115.41,110.31
2023-11-17,S002,P0116,Furniture,East,102,121.57,87.87
2023-11-18,S002,P0116,Furniture,North,95,88.32,89.4
2023-11-19,S002,P0116,Furniture,East,77,80.0,114.33
2023-11-20,S002,P0116,Furniture,South,100,139.83,90.73
2023-11-21,S002,P0116,Furniture,North,74,105.08,90.55
2023-11-22,S002,P0116,Furniture,North,117,121.61,109.92
2023-11-23,S002,P0116,Furniture,South,36,48.55,90.25
2023-11-24,S002,P0116,Furniture,West,91,119.96,87.3
2023-11-25,S002,P0116,Furniture,East,81,92.5,87.54
2023-11-26,S002,P0116,Furniture,East,75,77.81,91.84
2023-11-27,S002,P0116,Furniture,South,106,105.06,93.46
2023-11-28,S002,P0116,Furniture,North,0,0.0,91.22
2023-11-29,S002,P0116,Furniture,South,133,129.91,89.28
2023-11-30,S002,P0116,Furniture,West,42,45.27,89.89
2023-12-01,S002,P0116,Furniture,South,50,60.0,87.53
2023-12-02,S002,P0116,Furniture,North,184,173.29,88.0
2023-12-03,S002,P0116,Furniture,West,44,60.22,89.5
2023-12-04,S002,P0116,Furniture,North,137,130.72,90.57
2023-12-05,S002,P0116,Furniture,West,107,126.27,90.62
2023-12-06,S002,P0116,Furniture,West,85,91.67,91.99
2023-12-07,S002,P0116,Furniture,North,89,89.79,90.79
2023-12-08,S002,P0116,Furniture,North,45,50.73,86.93
2023-12-09,S002,P0116,Furniture,East,64,84.79,116.52
2023-12-10,S002,P0116,Furniture,East,102,121.69,91.47
2023-12-11,S002,P0116,Furniture,East,115,129.07,91.31
2023-12-12,S002,P0116,Furniture,East,68,64.66,94.5
2023-12-13,S002,P0116,Furniture,East,141,155.35,89.0
2023-12-14,S002,P0116,Furniture,West,86,92.98,88.7
2023-12-15,S002,P0116,Furniture,North,60,74.75,87.8
2023-12-16,S002,P0116,Furniture,South,59,76.91,106.39
2023-12-17,S002,P0116,Furniture,West,43,54.33,88.84
2023-12-18,S002,P0116,Furniture,East,134,133.31,89.13
2023-12-19,S002,P0116,Furniture,East,130,171.73,108.44
2023-12-20,S002,P0116,Furniture,South,64,78.93,89.0
2023-12-21,S002,P0116,Furniture,East,99,96.44,91.31
2023-12-22,S002,P0116,Furniture,East,88,107.26,87.55
2023-12-23,S002,P0116,Furniture,East,156,178.39,110.27
2023-12-24,S002,P0116,Furniture,South,96,110.94,112.5
2023-12-25,S002,P0116,Furniture,South,90,97.79,85.87
2023-12-26,S002,P0116,Furniture,East,35,40.17,89.64
2023-12-27,S002,P0116,Furniture,South,108,106.11,91.35
2023-12-28,S002,P0116,Furniture,North,109,105.77,91.72
2023-12-29,S002,P0116,Furniture,East,95,122.48,86.37
2023-12-30,S002,P0116,Furniture,North,91,126.18,87.66
2023-12-31,S002,P0116,Furniture,West,43,58.08,89.15
2023-10-01,S002,P0125,Clothing,East,187,173.25,89.99
2023-10-02,S002,P0125,Clothing,North,86,88.75,108.87
2023-10-03,S002,P0125,Clothing,South,47,46.67,102.85
2023-10-04,S002,P0125,Clothing,East,77,98.35,88.16
2023-10-05,S002,P0125,Clothing,East,78,99.13,97.68
2023-10-06,S002,P0125,Clothing,South,117,110.44,90.53
2023-10-07,S002,P0125,Clothing,South,70,69.57,90.53
2023-10-08,S002,P0125,Clothing,South,91,98.88,89.53
2023-10-09,S002,P0125,Clothing,East,57,53.48,90.9
2023-10-10,S002,P0125,Clothing,West,147,138.11,90.54
2023-10-11,S002,P0125,Clothing,East,146,149.52,88.31
2023-10-12,S002,P0125,Clothing,West,53,56.18,90.9
2023-10-13,S002,P0125,Clothing,East,75,81.58,89.97
2023-10-14,S002,P0125,Clothing,West,37,41.33,90.21
2023-10-15,S002,P0125,Clothing,East,56,56.23,90.69
2023-10-16,S002,P0125,Clothing,North,80,89.28,89.93
2023-10-17,S002,P0125,Clothing,North,192,193.33,115.26
2023-10-18,S002,P0125,Clothing,South,68,77.09,89.98
2023-10-19,S002,P0125,Clothing,South,63,88.25,90.78
2023-10-20,S002,P0125,Clothing,South,123,114.97,89.98
2023-10-21,S002,P0125,Clothing,West,132,121.11,90.81
2023-10-22,S002,P0125,Clothing,South,142,136.24,108.64
2023-10-23,S002,P0125,Clothing,North,58,70.94,90.98
2023-10-24,S002,P0125,Clothing,North,109,102.43,91.01
2023-10-25,S002,P0125,Clothing,West,93,120.53,89.4
2023-10-26,S002,P0125,Clothing,East,96,89.66,89.41
2023-10-27,S002,P0125,Clothing,North,101,119.37,90.84
2023-10-28,S002,P0125,Clothing,West,46,53.06,109.64
2023-10-29,S002,P0125,Clothing,North,55,61.29,90.22
2023-10-30,S002,P0125,Clothing,North,130,119.47,89.74
2023-10-31,S002,P0125,Clothing,North,106,114.87,90.0
2023-11-01,S002,P0125,Clothing,South,123,121.82,151.19
2023-11-02,S002,P0125,Clothing,North,253,239.18,122.71
2023-11-03,S002,P0125,Clothing,West,98,119.67,126.63
2023-11-04,S002,P0125,Clothing,North,120,165.34,126.66
2023-11-05,S002,P0125,Clothing,North,192,212.62,123.88
2023-11-06,S002,P0125,Clothing,South,187,243.04,125.3
2023-11-07,S002,P0125,Clothing,West,142,197.54,117.0
2023-11-08,S002,P0125,Clothing,North,114,120.69,120.04
2023-11-09,S002,P0125,Clothing,South,60,81.17,119.79
2023-11-10,S002,P0125,Clothing,South,85,99.77,127.06
2023-11-11,S002,P0125,Clothing,South,141,148.05,124.26
2023-11-12,S002,P0125,Clothing,North,153,151.23,146.89
2023-11-13,S002,P0125,Clothing,South,105,103.07,158.27
2023-11-14,S002,P0125,Clothing,East,122,117.55,130.1
2023-11-15,S002,P0125,Clothing,East,157,185.64,164.01
2023-11-16,S002,P0125,Clothing,East,108,108.06,148.74
2023-11-17,S002,P0125,Clothing,East,147,157.96,127.59
2023-11-18,S002,P0125,Clothing,North,124,124.0,125.65
2023-11-19,S002,P0125,Clothing,West,166,178.73,130.55
2023-11-20,S002,P0125,Clothing,North,249,239.76,141.1
2023-11-21,S002,P0125,Clothing,West,145,181.56,125.36
2023-11-22,S002,P0125,Clothing,North,83,108.08,122.83
2023-11-23,S002,P0125,Clothing,South,172,158.23,124.32
2023-11-24,S002,P0125,Clothing,South,110,116.7,126.34
2023-11-25,S002,P0125,Clothing,North,142,142.67,122.89
2023-11-26,S002,P0125,Clothing,North,123,117.08,126.48
2023-11-27,S002,P0125,Clothing,South,96,103.11,125.64
2023-11-28,S002,P0125,Clothing,South,152,142.77,117.33
2023-11-29,S002,P0125,Clothing,East,133,162.53,150.64
2023-11-30,S002,P0125,Clothing,North,95,135.15,127.02
2023-12-01,S002,P0125,Clothing,West,117,109.2,119.69
2023-12-02,S002,P0125,Clothing,West,158,158.41,149.44
2023-12-03,S002,P0125,Clothing,North,108,148.05,126.38
2023-12-04,S002,P0125,Clothing,South,130,176.95,126.67
2023-12-05,S002,P0125,Clothing,North,147,150.66,127.79
2023-12-06,S002,P0125,Clothing,North,151,187.35,125.68
2023-12-07,S002,P0125,Clothing,North,138,161.75,126.19
2023-12-08,S002,P0125,Clothing,South,102,124.86,126.15
2023-12-09,S002,P0125,Clothing,West,57,59.56,128.64
2023-12-10,S002,P0125,Clothing,East,159,218.22,128.14
2023-12-11,S002,P0125,Clothing,North,101,122.41,158.1
2023-12-12,S002,P0125,Clothing,West,93,115.56,123.22
2023-12-13,S002,P0125,Clothing,North,206,221.72,148.47
2023-12-14,S002,P0125,Clothing,North,154,207.25,156.11
2023-12-15,S002,P0125,Clothing,East,89,82.4,119.89
2023-12-16,S002,P0125,Clothing,West,177,181.1,163.21
2023-12-17,S002,P0125,Clothing,North,37,39.86,123.89
2023-12-18,S002,P0125,Clothing,West,142,145.1,123.13
2023-12-19,S002,P0125,Clothing,East,134,176.03,123.27
2023-12-20,S002,P0125,Clothing,North,102,112.33,122.8
2023-12-21,S002,P0125,Clothing,North,132,162.63,124.21
2023-12-22,S002,P0125,Clothing,South,202,215.38,119.77
2023-12-23,S002,P0125,Clothing,West,125,148.88,123.8
2023-12-24,S002,P0125,Clothing,East,134,131.74,123.56
2023-12-25,S002,P0125,Clothing,South,158,166.92,124.41
2023-12-26,S002,P0125,Clothing,South,17,23.8,124.1
2023-12-27,S002,P0125,Clothing,South,69,71.24,122.98
2023-12-28,S002,P0125,Clothing,South,116,132.59,121.53
2023-12-29,S002,P0125,Clothing,West,114,126.11,121.81
2023-12-30,S002,P0125,Clothing,West,240,241.66,139.95
2023-12-31,S002,P0125,Clothing,West,103,105.05,120.2
2023-10-01,S002,P0126,Clothing,West,126,127.68,89.4
2023-10-02,S002,P0126,Clothing,South,100,132.35,89.11
2023-10-03,S002,P0126,Clothing,North,126,132.49,90.12
2023-10-04,S002,P0126,Clothing,South,89,85.74,89.66
2023-10-05,S002,P0126,Clothing,South,123,145.33,89.66
2023-10-06,S002,P0126,Clothing,North,83,105.75,89.59
2023-10-07,S002,P0126,Clothing,North,75,83.35,89.2
2023-10-08,S002,P0126,Clothing,South,17,17.68,89.59
2023-10-09,S002,P0126,Clothing,West,100,96.83,90.09
2023-10-10,S002,P0126,Clothing,East,62,86.66,90.61
2023-10-11,S002,P0126,Clothing,North,87,115.51,106.91
2023-10-12,S002,P0126,Clothing,West,73,73.18,89.39
2023-10-13,S002,P0126,Clothing,South,77,99.98,89.15
2023-10-14,S002,P0126,Clothing,South,176,168.25,88.01
2023-10-15,S002,P0126,Clothing,South,111,102.73,89.7
2023-10-16,S002,P0126,Clothing,South,95,132.46,89.65
2023-10-17,S002,P0126,Clothing,West,69,90.48,90.21
2023-10-18,S002,P0126,Clothing,East,83,76.46,89.42
2023-10-19,S002,P0126,Clothing,East,34,40.25,89.51
2023-10-20,S002,P0126,Clothing,South,94,109.76,89.4
2023-10-21,S002,P0126,Clothing,West,99,136.78,90.25
2023-10-22,S002,P0126,Clothing,North,48,56.88,90.29
2023-10-23,S002,P0126,Clothing,East,90,108.49,90.47
2023-10-24,S002,P0126,Clothing,West,85,91.31,89.99
2023-10-25,S002,P0126,Clothing,East,55,77.48,89.56
2023-10-26,S002,P0126,Clothing,West,60,63.64,89.62
2023-10-27,S002,P0126,Clothing,North,96,123.01,89.78
2023-10-28,S002,P0126,Clothing,West,127,133.1,114.76
2023-10-29,S002,P0126,Clothing,North,29,40.48,89.58
2023-10-30,S002,P0126,Clothing,South,120,146.42,89.52
2023-10-31,S002,P0126,Clothing,West,111,148.12,89.49
2023-11-01,S002,P0126,Clothing,West,176,199.6,117.93
2023-11-02,S002,P0126,Clothing,South,65,80.59,119.48
2023-11-03,S002,P0126,Clothing,West,102,106.54,119.65
2023-11-04,S002,P0126,Clothing,West,49,67.79,127.58
2023-11-05,S002,P0126,Clothing,West,55,54.05,117.89
2023-11-06,S002,P0126,Clothing,South,74,73.83,121.23
2023-11-07,S002,P0126,Clothing,East,68,73.14,128.46
2023-11-08,S002,P0126,Clothing,East,99,139.74,119.52
2023-11-09,S002,P0126,Clothing,North,46,44.08,144.28
2023-11-10,S002,P0126,Clothing,West,121,150.99,145.98
2023-11-11,S002,P0126,Clothing,North,153,162.82,143.1
2023-11-12,S002,P0126,Clothing,West,142,167.55,147.8
2023-11-13,S002,P0126,Clothing,South,109,141.31,109.41
2023-11-14,S002,P0126,Clothing,North,137,181.1,127.89
2023-11-15,S002,P0126,Clothing,East,156,144.5,145.42
2023-11-16,S002,P0126,Clothing,East,135,137.26,124.17
2023-11-17,S002,P0126,Clothing,West,91,102.28,120.68
2023-11-18,S002,P0126,Clothing,South,162,200.37,124.23
2023-11-19,S002,P0126,Clothing,South,107,109.41,126.37
2023-11-20,S002,P0126,Clothing,East,120,166.58,125.62
2023-11-21,S002,P0126,Clothing,South,148,159.34,125.83
2023-11-22,S002,P0126,Clothing,South,123,131.35,123.19
2023-11-23,S002,P0126,Clothing,North,65,87.8,123.37
2023-11-24,S002,P0126,Clothing,East,55,59.65,123.5
2023-11-25,S002,P0126,Clothing,South,99,117.46,126.96
2023-11-26,S002,P0126,Clothing,South,118,124.12,131.22
2023-11-27,S002,P0126,Clothing,South,48,53.18,121.82
2023-11-28,S002,P0126,Clothing,East,97,131.22,143.66
2023-11-29,S002,P0126,Clothing,West,88,93.04,122.53
2023-11-30,S002,P0126,Clothing,North,132,142.97,123.0
2023-12-01,S002,P0126,Clothing,South,82,113.29,114.76
2023-12-02,S002,P0126,Clothing,North,90,108.42,144.37
2023-12-03,S002,P0126,Clothing,North,233,283.06,145.91
2023-12-04,S002,P0126,Clothing,South,119,134.23,121.93
2023-12-05,S002,P0126,Clothing,South,97,136.84,122.16
2023-12-06,S002,P0126,Clothing,South,150,184.06,125.16
2023-12-07,S002,P0126,Clothing,South,169,217.8,122.52
2023-12-08,S002,P0126,Clothing,East,144,159.45,143.51
2023-12-09,S002,P0126,Clothing,East,59,71.93,122.84
2023-12-10,S002,P0126,Clothing,North,145,175.03,126.21
2023-12-11,S002,P0126,Clothing,East,152,165.06,123.72
2023-12-12,S002,P0126,Clothing,South,142,189.26,129.51
2023-12-13,S002,P0126,Clothing,South,125,159.51,125.4
2023-12-14,S002,P0126,Clothing,North,130,125.41,128.07
2023-12-15,S002,P0126,Clothing,East,49,53.62,156.78
2023-12-16,S002,P0126,Clothing,West,118,125.45,132.43
2023-12-17,S002,P0126,Clothing,South,137,180.92,122.05
2023-12-18,S002,P0126,Clothing,West,167,170.61,120.53
2023-12-19,S002,P0126,Clothing,North,217,208.87,125.36
2023-12-20,S002,P0126,Clothing,North,131,185.41,120.4
2023-12-21,S002,P0126,Clothing,North,104,97.04,126.03
2023-12-22,S002,P0126,Clothing,North,80,88.4,123.92
2023-12-23,S002,P0126,Clothing,West,133,127.38,121.66
2023-12-24,S002,P0126,Clothing,East,147,141.33,121.81
2023-12-25,S002,P0126,Clothing,South,48,65.5,123.43
2023-12-26,S002,P0126,Clothing,East,205,195.28,122.66
2023-12-27,S002,P0126,Clothing,South,194,182.46,124.31
2023-12-28,S002,P0126,Clothing,East,86,108.81,122.44
2023-12-29,S002,P0126,Clothing,North,90,103.76,123.92
2023-12-30,S002,P0126,Clothing,South,97,96.45,121.67
2023-12-31,S002,P0126,Clothing,North,116,133.55,128.01
2023-10-01,S002,P0129,Furniture,West,121,141.01,90.54
2023-10-02,S002,P0129,Furniture,South,126,128.25,107.87
2023-10-03,S002,P0129,Furniture,North,69,92.94,89.39
2023-10-04,S002,P0129,Furniture,West,46,59.25,88.86
2023-10-05,S002,P0129,Furniture,East,84,77.19,107.36
2023-10-06,S002,P0129,Furniture,East,100,111.73,109.59
2023-10-07,S002,P0129,Furniture,North,153,165.03,109.73
2023-10-08,S002,P0129,Furniture,North,132,138.57,89.36
2023-10-09,S002,P0129,Furniture,East,132,124.23,88.99
2023-10-10,S002,P0129,Furniture,West,119,161.4,89.05
2023-10-11,S002,P0129,Furniture,East,109,116.85,90.79
2023-10-12,S002,P0129,Furniture,West,106,103.63,111.29
2023-10-13,S002,P0129,Furniture,East,61,70.27,97.25
2023-10-14,S002,P0129,Furniture,West,94,127.32,90.12
2023-10-15,S002,P0129,Furniture,East,86,84.06,91.0
2023-10-16,S002,P0129,Furniture,West,88,89.4,89.89
2023-10-17,S002,P0129,Furniture,South,41,58.12,89.64
2023-10-18,S002,P0129,Furniture,East,123,131.01,109.49
2023-10-19,S002,P0129,Furniture,North,104,106.79,91.06
2023-10-20,S002,P0129,Furniture,South,53,53.11,89.51
2023-10-21,S002,P0129,Furniture,East,94,96.49,90.76
2023-10-22,S002,P0129,Furniture,North,83,107.72,90.77
2023-10-23,S002,P0129,Furniture,West,111,110.58,89.81
2023-10-24,S002,P0129,Furniture,South,147,173.96,108.37
2023-10-25,S002,P0129,Furniture,South,93,116.44,109.27
2023-10-26,S002,P0129,Furniture,North,45,47.53,107.37
2023-10-27,S002,P0129,Furniture,South,174,159.2,90.19
2023-10-28,S002,P0129,Furniture,East,78,91.98,89.33
2023-10-29,S002,P0129,Furniture,North,113,111.3,110.3
2023-10-30,S002,P0129,Furniture,West,74,82.55,93.85
2023-10-31,S002,P0129,Furniture,West,129,123.08,88.89
2023-11-01,S002,P0129,Furniture,East,46,59.42,89.76
2023-11-02,S002,P0129,Furniture,North,96,110.51,110.7
2023-11-03,S002,P0129,Furniture,West,63,82.49,86.56
2023-11-04,S002,P0129,Furniture,West,157,161.45,86.52
2023-11-05,S002,P0129,Furniture,East,79,98.15,91.5
2023-11-06,S002,P0129,Furniture,East,107,112.48,88.18
2023-11-07,S002,P0129,Furniture,North,111,133.96,88.51
2023-11-08,S002,P0129,Furniture,North,74,82.72,88.79
2023-11-09,S002,P0129,Furniture,North,77,101.25,88.6
2023-11-10,S002,P0129,Furniture,East,49,61.67,87.25
2023-11-11,S002,P0129,Furniture,West,78,77.24,86.69
2023-11-12,S002,P0129,Furniture,East,104,108.98,111.12
2023-11-13,S002,P0129,Furniture,South,61,65.96,88.54
2023-11-14,S002,P0129,Furniture,West,65,72.94,89.3
2023-11-15,S002,P0129,Furniture,West,94,92.06,90.49
2023-11-16,S002,P0129,Furniture,West,101,95.44,88.57
2023-11-17,S002,P0129,Furniture,East,141,133.53,86.5
2023-11-18,S002,P0129,Furniture,East,103,111.7,87.44
2023-11-19,S002,P0129,Furniture,South,78,112.54,88.98
2023-11-20,S002,P0129,Furniture,South,103,119.45,107.77
2023-11-21,S002,P0129,Furniture,North,68,81.37,91.42
2023-11-22,S002,P0129,Furniture,North,82,109.43,117.36
2023-11-23,S002,P0129,Furniture,North,47,47.98,90.8
2023-11-24,S002,P0129,Furniture,West,88,112.05,107.67
2023-11-25,S002,P0129,Furniture,East,82,117.82,87.03
2023-11-26,S002,P0129,Furniture,West,172,179.46,89.0
2023-11-27,S002,P0129,Furniture,South,117,135.34,91.29
2023-11-28,S002,P0129,Furniture,North,91,116.28,90.34
2023-11-29,S002,P0129,Furniture,East,110,115.31,92.37
2023-11-30,S002,P0129,Furniture,South,74,90.76,91.07
2023-12-01,S002,P0129,Furniture,West,75,94.72,84.67
2023-12-02,S002,P0129,Furniture,West,75,88.52,86.47
2023-12-03,S002,P0129,Furniture,South,138,132.98,110.56
2023-12-04,S002,P0129,Furniture,South,103,114.26,91.53
2023-12-05,S002,P0129,Furniture,West,87,88.17,91.97
2023-12-06,S002,P0129,Furniture,West,79,81.19,91.09
2023-12-07,S002,P0129,Furniture,West,72,94.34,89.1
2023-12-08,S002,P0129,Furniture,South,187,172.27,104.54
2023-12-09,S002,P0129,Furniture,South,42,41.33,88.58
2023-12-10,S002,P0129,Furniture,East,119,112.96,91.46
2023-12-11,S002,P0129,Furniture,South,92,102.56,91.39
2023-12-12,S002,P0129,Furniture,South,81,82.44,90.34
2023-12-13,S002,P0129,Furniture,East,110,136.95,91.25
2023-12-14,S002,P0129,Furniture,East,73,90.74,90.2
2023-12-15,S002,P0129,Furniture,North,80,97.41,87.68
2023-12-16,S002,P0129,Furniture,East,52,64.33,86.29
2023-12-17,S002,P0129,Furniture,South,75,79.43,91.71
2023-12-18,S002,P0129,Furniture,East,127,131.54,88.18
2023-12-19,S002,P0129,Furniture,West,181,170.54,109.36
2023-12-20,S002,P0129,Furniture,North,90,124.14,90.84
2023-12-21,S002,P0129,Furniture,West,162,153.9,110.22
2023-12-22,S002,P0129,Furniture,West,131,132.45,90.08
2023-12-23,S002,P0129,Furniture,West,80,87.53,84.64
2023-12-24,S002,P0129,Furniture,East,115,110.82,99.12
2023-12-25,S002,P0129,Furniture,West,26,28.95,94.89
2023-12-26,S002,P0129,Furniture,South,131,125.12,90.72
2023-12-27,S002,P0129,Furniture,South,97,130.43,91.39
2023-12-28,S002,P0129,Furniture,West,145,142.21,95.32
2023-12-29,S002,P0129,Furniture,South,144,146.11,86.46
2023-12-30,S002,P0129,Furniture,West,47,56.05,86.26
2023-12-31,S002,P0129,Furniture,East,41,53.28,88.35
2023-10-01,S002,P0133,Clothing,South,83,77.72,93.09
2023-10-02,S002,P0133,Clothing,North,100,141.41,88.86
2023-10-03,S002,P0133,Clothing,South,103,102.96,90.68
2023-10-04,S002,P0133,Clothing,North,51,68.79,90.1
2023-10-05,S002,P0133,Clothing,East,144,179.74,114.43
2023-10-06,S002,P0133,Clothing,West,136,157.77,111.87
2023-10-07,S002,P0133,Clothing,West,60,67.86,89.43
2023-10-08,S002,P0133,Clothing,West,107,115.32,89.49
2023-10-09,S002,P0133,Clothing,East,96,121.3,90.37
2023-10-10,S002,P0133,Clothing,East,96,92.89,89.79
2023-10-11,S002,P0133,Clothing,South,109,101.47,89.61
2023-10-12,S002,P0133,Clothing,North,70,101.11,89.14
2023-10-13,S002,P0133,Clothing,North,54,64.57,109.83
2023-10-14,S002,P0133,Clothing,East,136,126.74,89.77
2023-10-15,S002,P0133,Clothing,South,205,187.08,89.95
2023-10-16,S002,P0133,Clothing,East,118,119.98,91.08
2023-10-17,S002,P0133,Clothing,East,50,63.41,88.15
2023-10-18,S002,P0133,Clothing,South,84,118.94,90.01
2023-10-19,S002,P0133,Clothing,East,63,63.1,91.54
2023-10-20,S002,P0133,Clothing,South,81,89.56,90.82
2023-10-21,S002,P0133,Clothing,North,120,165.84,90.01
2023-10-22,S002,P0133,Clothing,North,90,105.7,90.08
2023-10-23,S002,P0133,Clothing,East,77,104.23,88.99
2023-10-24,S002,P0133,Clothing,South,92,90.76,89.31
2023-10-25,S002,P0133,Clothing,East,20,25.78,89.47
2023-10-26,S002,P0133,Clothing,South,93,106.73,89.97
2023-10-27,S002,P0133,Clothing,North,56,77.23,90.84
2023-10-28,S002,P0133,Clothing,North,99,91.26,89.78
2023-10-29,S002,P0133,Clothing,East,55,69.38,110.14
2023-10-30,S002,P0133,Clothing,East,63,84.48,89.39
2023-10-31,S002,P0133,Clothing,North,94,104.86,89.01
2023-11-01,S002,P0133,Clothing,South,106,145.07,122.99
2023-11-02,S002,P0133,Clothing,North,129,146.14,127.52
2023-11-03,S002,P0133,Clothing,East,150,159.69,154.64
2023-11-04,S002,P0133,Clothing,North,149,183.2,118.77
2023-11-05,S002,P0133,Clothing,South,80,82.0,129.04
2023-11-06,S002,P0133,Clothing,South,172,176.18,125.35
2023-11-07,S002,P0133,Clothing,West,91,86.69,126.23
2023-11-08,S002,P0133,Clothing,South,189,201.85,151.8
2023-11-09,S002,P0133,Clothing,East,216,208.82,142.3
2023-11-10,S002,P0133,Clothing,South,128,120.2,124.88
2023-11-11,S002,P0133,Clothing,South,184,185.61,126.37
2023-11-12,S002,P0133,Clothing,East,223,208.84,123.68
2023-11-13,S002,P0133,Clothing,West,146,149.78,155.5
2023-11-14,S002,P0133,Clothing,North,155,160.54,119.97
2023-11-15,S002,P0133,Clothing,North,278,337.95,148.2
2023-11-16,S002,P0133,Clothing,North,90,116.59,108.24
2023-11-17,S002,P0133,Clothing,West,232,231.28,121.37
2023-11-18,S002,P0133,Clothing,West,69,71.74,113.68
2023-11-19,S002,P0133,Clothing,North,145,158.51,122.44
2023-11-20,S002,P0133,Clothing,North,160,164.66,123.23
2023-11-21,S002,P0133,Clothing,West,187,187.51,160.61
2023-11-22,S002,P0133,Clothing,North,120,136.71,116.54
2023-11-23,S002,P0133,Clothing,South,28,34.51,120.2
2023-11-24,S002,P0133,Clothing,North,176,161.94,125.03
2023-11-25,S002,P0133,Clothing,West,216,212.82,123.81
2023-11-26,S002,P0133,Clothing,West,66,87.45,116.67
2023-11-27,S002,P0133,Clothing,West,168,204.62,123.92
2023-11-28,S002,P0133,Clothing,East,122,136.53,125.07
2023-11-29,S002,P0133,Clothing,East,198,198.73,128.93
2023-11-30,S002,P0133,Clothing,South,183,183.66,127.2
2023-12-01,S002,P0133,Clothing,West,192,198.23,126.34
2023-12-02,S002,P0133,Clothing,North,195,182.98,126.06
2023-12-03,S002,P0133,Clothing,East,119,111.65,123.87
2023-12-04,S002,P0133,Clothing,South,91,85.62,126.11
2023-12-05,S002,P0133,Clothing,North,105,115.45,138.46
2023-12-06,S002,P0133,Clothing,North,218,216.96,125.28
2023-12-07,S002,P0133,Clothing,North,122,143.91,125.72
2023-12-08,S002,P0133,Clothing,East,180,167.65,118.01
2023-12-09,S002,P0133,Clothing,South,99,121.74,130.73
2023-12-10,S002,P0133,Clothing,West,148,189.66,149.35
2023-12-11,S002,P0133,Clothing,North,67,88.66,127.85
2023-12-12,S002,P0133,Clothing,West,142,154.19,125.9
2023-12-13,S002,P0133,Clothing,South,111,144.8,155.53
2023-12-14,S002,P0133,Clothing,West,99,107.99,123.38
2023-12-15,S002,P0133,Clothing,East,139,132.91,124.49
2023-12-16,S002,P0133,Clothing,East,143,137.46,132.11
2023-12-17,S002,P0133,Clothing,North,124,124.17,123.41
2023-12-18,S002,P0133,Clothing,South,168,234.73,154.83
2023-12-19,S002,P0133,Clothing,South,112,149.29,125.89
2023-12-20,S002,P0133,Clothing,East,161,172.98,119.63
2023-12-21,S002,P0133,Clothing,West,115,162.54,123.16
2023-12-22,S002,P0133,Clothing,East,136,139.98,157.54
2023-12-23,S002,P0133,Clothing,North,87,122.19,125.29
2023-12-24,S002,P0133,Clothing,North,205,190.78,144.17
2023-12-25,S002,P0133,Clothing,South,103,131.88,122.66
2023-12-26,S002,P0133,Clothing,North,166,186.32,126.33
2023-12-27,S002,P0133,Clothing,South,121,131.75,122.36
2023-12-28,S002,P0133,Clothing,East,136,142.01,124.59
2023-12-29,S002,P0133,Clothing,North,232,212.84,126.39
2023-12-30,S002,P0133,Clothing,West,170,160.18,121.43
2023-12-31,S002,P0133,Clothing,North,149,136.46,121.23
2023-10-01,S002,P0149,Furniture,West,147,161.17,110.37
2023-10-02,S002,P0149,Furniture,East,129,149.63,90.43
2023-10-03,S002,P0149,Furniture,North,116,122.18,90.03
2023-10-04,S002,P0149,Furniture,North,97,92.5,92.79
2023-10-05,S002,P0149,Furniture,South,87,119.69,87.65
2023-10-06,S002,P0149,Furniture,North,103,136.77,91.41
2023-10-07,S002,P0149,Furniture,West,124,112.78,88.0
2023-10-08,S002,P0149,Furniture,North,130,157.38,89.18
2023-10-09,S002,P0149,Furniture,South,79,73.33,87.57
2023-10-10,S002,P0149,Furniture,East,56,78.04,88.45
2023-10-11,S002,P0149,Furniture,South,115,124.65,89.03
2023-10-12,S002,P0149,Furniture,North,124,134.74,89.41
2023-10-13,S002,P0149,Furniture,East,61,83.96,110.63
2023-10-14,S002,P0149,Furniture,North,66,70.7,89.29
2023-10-15,S002,P0149,Furniture,South,110,141.3,90.39
2023-10-16,S002,P0149,Furniture,West,89,105.21,91.6
2023-10-17,S002,P0149,Furniture,South,64,84.15,89.74
2023-10-18,S002,P0149,Furniture,North,72,69.11,91.06
2023-10-19,S002,P0149,Furniture,North,114,117.51,111.16
2023-10-20,S002,P0149,Furniture,North,75,71.14,88.94
2023-10-21,S002,P0149,Furniture,East,67,94.41,89.38
2023-10-22,S002,P0149,Furniture,East,66,82.56,89.47
2023-10-23,S002,P0149,Furniture,West,68,90.15,90.55
2023-10-24,S002,P0149,Furniture,North,108,148.5,110.91
2023-10-25,S002,P0149,Furniture,North,63,71.8,89.99
2023-10-26,S002,P0149,Furniture,South,98,126.2,110.84
2023-10-27,S002,P0149,Furniture,West,95,99.3,89.97
2023-10-28,S002,P0149,Furniture,North,108,115.39,89.72
2023-10-29,S002,P0149,Furniture,North,26,29.03,89.93
2023-10-30,S002,P0149,Furniture,North,87,90.29,90.56
2023-10-31,S002,P0149,Furniture,East,53,73.23,90.15
2023-11-01,S002,P0149,Furniture,West,111,150.17,108.61
2023-11-02,S002,P0149,Furniture,West,107,109.05,91.77
2023-11-03,S002,P0149,Furniture,North,96,102.03,88.12
2023-11-04,S002,P0149,Furniture,East,104,108.45,90.54
2023-11-05,S002,P0149,Furniture,East,77,106.67,89.78
2023-11-06,S002,P0149,Furniture,West,87,101.74,90.22
2023-11-07,S002,P0149,Furniture,South,76,73.28,91.59
2023-11-08,S002,P0149,Furniture,North,108,148.53,91.85
2023-11-09,S002,P0149,Furniture,South,129,128.18,90.93
2023-11-10,S002,P0149,Furniture,South,90,103.99,87.77
2023-11-11,S002,P0149,Furniture,North,83,79.94,88.22
2023-11-12,S002,P0149,Furniture,South,101,135.42,90.07
2023-11-13,S002,P0149,Furniture,South,123,124.98,91.45
2023-11-14,S002,P0149,Furniture,North,110,106.32,94.11
2023-11-15,S002,P0149,Furniture,North,55,62.64,98.6
2023-11-16,S002,P0149,Furniture,South,77,73.95,90.33
2023-11-17,S002,P0149,Furniture,East,78,109.64,87.82
2023-11-18,S002,P0149,Furniture,West,88,92.19,90.19
2023-11-19,S002,P0149,Furniture,West,132,133.85,87.7
2023-11-20,S002,P0149,Furniture,East,92,95.12,88.63
2023-11-21,S002,P0149,Furniture,North,110,129.18,89.4
2023-11-22,S002,P0149,Furniture,South,82,101.1,110.3
2023-11-23,S002,P0149,Furniture,North,101,118.57,87.01
2023-11-24,S002,P0149,Furniture,West,46,64.3,87.45
2023-11-25,S002,P0149,Furniture,West,96,93.29,88.08
2023-11-26,S002,P0149,Furniture,North,108,139.77,88.33
2023-11-27,S002,P0149,Furniture,North,83,104.62,88.95
2023-11-28,S002,P0149,Furniture,North,13,13.84,109.44
2023-11-29,S002,P0149,Furniture,West,57,66.72,88.96
2023-11-30,S002,P0149,Furniture,West,94,127.21,90.43
2023-12-01,S002,P0149,Furniture,East,132,153.66,87.93
2023-12-02,S002,P0149,Furniture,East,184,175.04,87.22
2023-12-03,S002,P0149,Furniture,North,105,118.22,91.24
2023-12-04,S002,P0149,Furniture,East,62,86.0,88.31
2023-12-05,S002,P0149,Furniture,South,80,88.48,88.21
2023-12-06,S002,P0149,Furniture,South,125,115.35,102.52
2023-12-07,S002,P0149,Furniture,West,120,113.68,119.66
2023-12-08,S002,P0149,Furniture,West,41,43.11,90.8
2023-12-09,S002,P0149,Furniture,East,125,117.19,87.45
2023-12-10,S002,P0149,Furniture,East,123,152.53,110.75
2023-12-11,S002,P0149,Furniture,East,80,78.64,90.99
2023-12-12,S002,P0149,Furniture,South,55,70.11,90.39
2023-12-13,S002,P0149,Furniture,East,64,70.22,91.57
2023-12-14,S002,P0149,Furniture,North,71,91.87,106.48
2023-12-15,S002,P0149,Furniture,East,86,94.83,88.02
2023-12-16,S002,P0149,Furniture,East,40,51.74,87.81
2023-12-17,S002,P0149,Furniture,West,132,144.23,90.0
2023-12-18,S002,P0149,Furniture,North,129,137.57,89.43
2023-12-19,S002,P0149,Furniture,West,140,128.37,89.19
2023-12-20,S002,P0149,Furniture,North,79,79.92,89.8
2023-12-21,S002,P0149,Furniture,North,82,104.85,87.91
2023-12-22,S002,P0149,Furniture,South,109,109.1,86.23
2023-12-23,S002,P0149,Furniture,South,70,69.93,89.65
2023-12-24,S002,P0149,Furniture,North,78,108.19,111.52
2023-12-25,S002,P0149,Furniture,West,117,119.19,87.07
2023-12-26,S002,P0149,Furniture,North,138,153.61,88.8
2023-12-27,S002,P0149,Furniture,North,18,20.26,88.04
2023-12-28,S002,P0149,Furniture,East,132,125.26,88.73
2023-12-29,S002,P0149,Furniture,West,14,15.29,86.58
2023-12-30,S002,P0149,Furniture,South,59,72.03,88.0
2023-12-31,S002,P0149,Furniture,North,71,99.37,90.25
2023-10-01,S002,P0153,Furniture,North,130,143.01,90.32
2023-10-02,S002,P0153,Furniture,North,156,147.43,89.3
2023-10-03,S002,P0153,Furniture,North,82,74.97,92.48
2023-10-04,S002,P0153,Furniture,West,51,48.72,92.73
2023-10-05,S002,P0153,Furniture,North,48,53.53,110.05
2023-10-06,S002,P0153,Furniture,South,107,123.19,89.25
2023-10-07,S002,P0153,Furniture,East,119,125.03,89.18
2023-10-08,S002,P0153,Furniture,South,71,87.96,88.93
2023-10-09,S002,P0153,Furniture,West,42,53.11,88.85
2023-10-10,S002,P0153,Furniture,East,51,58.43,91.08
2023-10-11,S002,P0153,Furniture,West,45,49.31,89.4
2023-10-12,S002,P0153,Furniture,West,125,151.94,89.25
2023-10-13,S002,P0153,Furniture,North,60,83.9,89.32
2023-10-14,S002,P0153,Furniture,West,101,135.08,109.47
2023-10-15,S002,P0153,Furniture,South,105,109.03,89.56
2023-10-16,S002,P0153,Furniture,South,101,114.05,111.99
2023-10-17,S002,P0153,Furniture,South,95,88.6,90.45
2023-10-18,S002,P0153,Furniture,East,69,84.7,90.42
2023-10-19,S002,P0153,Furniture,South,103,103.03,90.06
2023-10-20,S002,P0153,Furniture,East,92,113.69,90.69
2023-10-21,S002,P0153,Furniture,South,100,121.41,111.04
2023-10-22,S002,P0153,Furniture,South,101,121.26,90.31
2023-10-23,S002,P0153,Furniture,West,77,89.05,90.69
2023-10-24,S002,P0153,Furniture,East,62,71.06,89.06
2023-10-25,S002,P0153,Furniture,West,62,78.98,89.63
2023-10-26,S002,P0153,Furniture,West,133,129.59,89.68
2023-10-27,S002,P0153,Furniture,South,81,100.14,89.5
2023-10-28,S002,P0153,Furniture,East,78,75.26,89.31
2023-10-29,S002,P0153,Furniture,South,49,55.77,88.7
2023-10-30,S002,P0153,Furniture,West,77,98.23,90.49
2023-10-31,S002,P0153,Furniture,West,128,134.88,89.28
2023-11-01,S002,P0153,Furniture,South,118,123.79,89.55
2023-11-02,S002,P0153,Furniture,South,76,108.92,88.47
2023-11-03,S002,P0153,Furniture,West,51,57.44,109.61
2023-11-04,S002,P0153,Furniture,West,59,70.89,88.48
2023-11-05,S002,P0153,Furniture,East,55,62.14,89.04
2023-11-06,S002,P0153,Furniture,West,99,124.02,90.7
2023-11-07,S002,P0153,Furniture,North,35,42.76,91.64
2023-11-08,S002,P0153,Furniture,North,54,74.96,89.27
2023-11-09,S002,P0153,Furniture,East,122,114.88,91.77
2023-11-10,S002,P0153,Furniture,South,77,90.5,88.43
2023-11-11,S002,P0153,Furniture,North,107,134.64,86.79
2023-11-12,S002,P0153,Furniture,East,37,41.72,88.62
2023-11-13,S002,P0153,Furniture,South,55,63.59,91.67
2023-11-14,S002,P0153,Furniture,West,96,116.67,90.1
2023-11-15,S002,P0153,Furniture,South,72,71.07,90.04
2023-11-16,S002,P0153,Furniture,South,126,153.53,91.4
2023-11-17,S002,P0153,Furniture,South,80,83.71,88.2
2023-11-18,S002,P0153,Furniture,East,88,87.0,88.86
2023-11-19,S002,P0153,Furniture,East,110,109.67,89.2
2023-11-20,S002,P0153,Furniture,South,76,91.02,91.88
2023-11-21,S002,P0153,Furniture,South,116,139.98,92.32
2023-11-22,S002,P0153,Furniture,South,84,106.73,111.03
2023-11-23,S002,P0153,Furniture,West,106,99.31,92.18
2023-11-24,S002,P0153,Furniture,East,118,156.56,87.47
2023-11-25,S002,P0153,Furniture,South,81,106.26,87.38
2023-11-26,S002,P0153,Furniture,West,84,104.94,89.39
2023-11-27,S002,P0153,Furniture,East,88,90.09,87.2
2023-11-28,S002,P0153,Furniture,North,35,51.14,87.99
2023-11-29,S002,P0153,Furniture,North,91,124.34,88.73
2023-11-30,S002,P0153,Furniture,South,137,153.82,107.71
2023-12-01,S002,P0153,Furniture,East,113,150.18,88.03
2023-12-02,S002,P0153,Furniture,West,99,129.91,109.3
2023-12-03,S002,P0153,Furniture,North,104,96.06,88.64
2023-12-04,S002,P0153,Furniture,North,11,12.89,113.69
2023-12-05,S002,P0153,Furniture,North,147,165.78,91.38
2023-12-06,S002,P0153,Furniture,North,41,49.99,89.88
2023-12-07,S002,P0153,Furniture,South,91,91.02,90.19
2023-12-08,S002,P0153,Furniture,East,81,110.11,88.88
2023-12-09,S002,P0153,Furniture,West,82,103.06,110.46
2023-12-10,S002,P0153,Furniture,South,69,79.91,90.09
2023-12-11,S002,P0153,Furniture,North,75,69.39,89.83
2023-12-12,S002,P0153,Furniture,North,43,58.45,91.5
2023-12-13,S002,P0153,Furniture,North,54,77.96,89.54
2023-12-14,S002,P0153,Furniture,West,62,65.52,89.71
2023-12-15,S002,P0153,Furniture,East,80,96.41,88.01
2023-12-16,S002,P0153,Furniture,North,126,165.01,87.19
2023-12-17,S002,P0153,Furniture,West,72,88.37,90.3
2023-12-18,S002,P0153,Furniture,South,111,145.27,111.61
2023-12-19,S002,P0153,Furniture,North,90,95.11,109.87
2023-12-20,S002,P0153,Furniture,North,87,97.52,88.74
2023-12-21,S002,P0153,Furniture,East,108,122.33,88.34
2023-12-22,S002,P0153,Furniture,South,173,168.84,87.65
2023-12-23,S002,P0153,Furniture,West,137,126.6,109.06
2023-12-24,S002,P0153,Furniture,West,27,37.98,87.56
2023-12-25,S002,P0153,Furniture,West,81,80.07,91.47
2023-12-26,S002,P0153,Furniture,North,76,105.07,90.78
2023-12-27,S002,P0153,Furniture,West,48,65.33,90.53
2023-12-28,S002,P0153,Furniture,South,182,185.13,88.73
2023-12-29,S002,P0153,Furniture,East,166,161.47,87.63
2023-12-30,S002,P0153,Furniture,North,32,32.26,84.54
2023-12-31,S002,P0153,Furniture,West,56,75.0,91.12
2023-10-01,S002,P0159,Electronics,South,126,155.42,108.68
2023-10-02,S002,P0159,Electronics,West,82,108.96,89.11
2023-10-03,S002,P0159,Electronics,East,41,46.76,89.88
2023-10-04,S002,P0159,Electronics,South,116,124.44,91.26
2023-10-05,S002,P0159,Electronics,South,101,94.35,90.96
2023-10-06,S002,P0159,Electronics,West,42,39.13,90.17
2023-10-07,S002,P0159,Electronics,West,78,81.73,90.06
2023-10-08,S002,P0159,Electronics,West,88,83.62,89.97
2023-10-09,S002,P0159,Electronics,North,117,133.47,90.07
2023-10-10,S002,P0159,Electronics,North,197,182.23,109.37
2023-10-11,S002,P0159,Electronics,North,33,44.26,107.35
2023-10-12,S002,P0159,Electronics,West,154,148.63,90.46
2023-10-13,S002,P0159,Electronics,East,73,77.34,90.25
2023-10-14,S002,P0159,Electronics,East,180,179.74,111.25
2023-10-15,S002,P0159,Electronics,East,44,47.4,96.45
2023-10-16,S002,P0159,Electronics,South,131,125.72,108.86
2023-10-17,S002,P0159,Electronics,East,108,104.17,102.85
2023-10-18,S002,P0159,Electronics,West,54,49.53,94.34
2023-10-19,S002,P0159,Electronics,East,82,99.28,92.63
2023-10-20,S002,P0159,Electronics,East,102,113.93,87.41
2023-10-21,S002,P0159,Electronics,East,43,49.14,69.11
2023-10-22,S002,P0159,Electronics,South,82,81.26,89.7
2023-10-23,S002,P0159,Electronics,East,87,112.1,90.86
2023-10-24,S002,P0159,Electronics,North,76,77.01,90.45
2023-10-25,S002,P0159,Electronics,East,149,138.31,108.99
2023-10-26,S002,P0159,Electronics,West,74,92.12,72.88
2023-10-27,S002,P0159,Electronics,South,77,100.05,71.93
2023-10-28,S002,P0159,Electronics,West,180,165.37,109.63
2023-10-29,S002,P0159,Electronics,North,22,22.15,70.42
2023-10-30,S002,P0159,Electronics,South,97,114.26,109.59
2023-10-31,S002,P0159,Electronics,North,119,141.85,106.84
2023-11-01,S002,P0159,Electronics,North,82,102.51,106.44
2023-11-02,S002,P0159,Electronics,West,104,130.93,91.65
2023-11-03,S002,P0159,Electronics,East,150,146.79,89.8
2023-11-04,S002,P0159,Electronics,East,92,120.75,89.73
2023-11-05,S002,P0159,Electronics,South,81,108.76,90.64
2023-11-06,S002,P0159,Electronics,West,120,122.72,89.61
2023-11-07,S002,P0159,Electronics,North,117,136.43,89.11
2023-11-08,S002,P0159,Electronics,South,60,68.0,89.65
2023-11-09,S002,P0159,Electronics,South,87,80.46,88.7
2023-11-10,S002,P0159,Electronics,West,110,126.61,89.75
2023-11-11,S002,P0159,Electronics,South,105,115.4,70.67
2023-11-12,S002,P0159,Electronics,South,86,95.07,67.97
2023-11-13,S002,P0159,Electronics,South,80,88.95,95.37
2023-11-14,S002,P0159,Electronics,East,82,102.57,95.65
2023-11-15,S002,P0159,Electronics,South,93,92.39,71.32
2023-11-16,S002,P0159,Electronics,West,117,112.02,108.89
2023-11-17,S002,P0159,Electronics,South,94,126.5,90.39
2023-11-18,S002,P0159,Electronics,West,212,193.26,91.46
2023-11-19,S002,P0159,Electronics,East,102,143.13,88.4
2023-11-20,S002,P0159,Electronics,North,86,119.93,111.87
2023-11-21,S002,P0159,Electronics,North,122,138.42,102.36
2023-11-22,S002,P0159,Electronics,North,60,83.94,83.24
2023-11-23,S002,P0159,Electronics,West,130,134.07,93.09
2023-11-24,S002,P0159,Electronics,South,62,66.84,93.69
2023-11-25,S002,P0159,Electronics,North,89,127.0,89.83
2023-11-26,S002,P0159,Electronics,South,140,164.18,90.93
2023-11-27,S002,P0159,Electronics,South,81,78.44,92.55
2023-11-28,S002,P0159,Electronics,West,57,79.74,71.07
2023-11-29,S002,P0159,Electronics,North,110,143.11,90.84
2023-11-30,S002,P0159,Electronics,West,92,104.95,93.75
2023-12-01,S002,P0159,Electronics,East,72,91.45,89.33
2023-12-02,S002,P0159,Electronics,South,90,98.91,90.79
2023-12-03,S002,P0159,Electronics,West,85,86.04,70.17
2023-12-04,S002,P0159,Electronics,East,129,143.95,88.57
2023-12-05,S002,P0159,Electronics,North,131,124.87,94.11
2023-12-06,S002,P0159,Electronics,West,127,125.11,92.48
2023-12-07,S002,P0159,Electronics,East,130,166.1,88.71
2023-12-08,S002,P0159,Electronics,East,114,110.69,90.77
2023-12-09,S002,P0159,Electronics,North,135,123.2,93.84
2023-12-10,S002,P0159,Electronics,East,132,177.86,91.41
2023-12-11,S002,P0159,Electronics,North,112,126.76,89.26
2023-12-12,S002,P0159,Electronics,East,125,128.13,87.37
2023-12-13,S002,P0159,Electronics,North,87,107.9,78.7
2023-12-14,S002,P0159,Electronics,North,71,76.8,82.13
2023-12-15,S002,P0159,Electronics,South,113,119.98,92.49
2023-12-16,S002,P0159,Electronics,South,124,116.71,90.85
2023-12-17,S002,P0159,Electronics,South,75,93.64,91.35
2023-12-18,S002,P0159,Electronics,East,117,115.4,89.14
2023-12-19,S002,P0159,Electronics,North,98,92.84,86.59
2023-12-20,S002,P0159,Electronics,West,119,125.14,89.56
2023-12-21,S002,P0159,Electronics,East,112,135.15,88.98
2023-12-22,S002,P0159,Electronics,East,80,91.09,89.02
2023-12-23,S002,P0159,Electronics,North,66,73.91,64.36
2023-12-24,S002,P0159,Electronics,North,57,70.97,95.44
2023-12-25,S002,P0159,Electronics,East,63,66.79,90.52
2023-12-26,S002,P0159,Electronics,East,83,94.73,71.33
2023-12-27,S002,P0159,Electronics,North,116,113.2,107.48
2023-12-28,S002,P0159,Electronics,West,100,95.22,89.02
2023-12-29,S002,P0159,Electronics,North,119,133.36,90.75
2023-12-30,S002,P0159,Electronics,West,103,103.72,73.87
2023-12-31,S002,P0159,Electronics,East,109,124.9,91.18
2023-10-01,S002,P0166,Groceries,West,61,62.47,89.05
2023-10-02,S002,P0166,Groceries,West,97,101.01,90.12
2023-10-03,S002,P0166,Groceries,South,93,105.71,88.26
2023-10-04,S002,P0166,Groceries,East,95,108.43,82.9
2023-10-05,S002,P0166,Groceries,East,98,102.73,90.92
2023-10-06,S002,P0166,Groceries,North,97,108.26,89.44
2023-10-07,S002,P0166,Groceries,South,132,129.2,93.18
2023-10-08,S002,P0166,Groceries,North,136,133.07,93.52
2023-10-09,S002,P0166,Groceries,West,47,61.21,111.71
2023-10-10,S002,P0166,Groceries,North,112,119.68,92.68
2023-10-11,S002,P0166,Groceries,North,84,93.13,95.88
2023-10-12,S002,P0166,Groceries,East,148,178.86,114.07
2023-10-13,S002,P0166,Groceries,South,41,48.54,95.51
2023-10-14,S002,P0166,Groceries,West,101,95.7,98.52
2023-10-15,S002,P0166,Groceries,South,98,118.2,94.35
2023-10-16,S002,P0166,Groceries,West,186,193.03,109.47
2023-10-17,S002,P0166,Groceries,East,74,73.4,89.41
2023-10-18,S002,P0166,Groceries,East,107,107.5,85.58
2023-10-19,S002,P0166,Groceries,North,118,122.56,91.86
2023-10-20,S002,P0166,Groceries,South,38,49.13,89.63
2023-10-21,S002,P0166,Groceries,South,63,82.93,95.35
2023-10-22,S002,P0166,Groceries,East,115,107.99,92.98
2023-10-23,S002,P0166,Groceries,North,96,97.77,95.55
2023-10-24,S002,P0166,Groceries,North,67,92.88,86.43
2023-10-25,S002,P0166,Groceries,North,131,158.36,110.03
2023-10-26,S002,P0166,Groceries,West,109,110.31,88.5
2023-10-27,S002,P0166,Groceries,South,77,72.6,90.42
2023-10-28,S002,P0166,Groceries,West,56,77.23,93.73
2023-10-29,S002,P0166,Groceries,South,85,112.4,90.98
2023-10-30,S002,P0166,Groceries,North,119,149.04,91.98
2023-10-31,S002,P0166,Groceries,East,62,78.55,112.89
2023-11-01,S002,P0166,Groceries,West,133,137.87,107.6
2023-11-02,S002,P0166,Groceries,West,72,70.45,91.13
2023-11-03,S002,P0166,Groceries,West,83,109.32,87.94
2023-11-04,S002,P0166,Groceries,South,95,103.98,88.96
2023-11-05,S002,P0166,Groceries,East,127,130.19,88.93
2023-11-06,S002,P0166,Groceries,North,27,27.08,90.76
2023-11-07,S002,P0166,Groceries,West,34,47.85,89.2
2023-11-08,S002,P0166,Groceries,West,35,48.77,89.35
2023-11-09,S002,P0166,Groceries,East,133,138.59,90.08
2023-11-10,S002,P0166,Groceries,North,68,78.76,87.03
2023-11-11,S002,P0166,Groceries,South,91,107.11,88.39
2023-11-12,S002,P0166,Groceries,South,139,128.72,88.81
2023-11-13,S002,P0166,Groceries,North,76,108.79,110.84
2023-11-14,S002,P0166,Groceries,North,58,65.19,89.7
2023-11-15,S002,P0166,Groceries,North,99,105.18,88.96
2023-11-16,S002,P0166,Groceries,East,108,147.9,91.32
2023-11-17,S002,P0166,Groceries,South,115,124.86,107.78
2023-11-18,S002,P0166,Groceries,West,66,66.87,87.83
2023-11-19,S002,P0166,Groceries,East,118,159.75,117.12
2023-11-20,S002,P0166,Groceries,East,86,88.47,89.85
2023-11-21,S002,P0166,Groceries,North,124,121.52,91.21
2023-11-22,S002,P0166,Groceries,South,85,83.13,92.61
2023-11-23,S002,P0166,Groceries,East,71,79.08,91.25
2023-11-24,S002,P0166,Groceries,South,118,168.98,110.06
2023-11-25,S002,P0166,Groceries,North,108,139.26,109.84
2023-11-26,S002,P0166,Groceries,West,142,135.59,113.95
2023-11-27,S002,P0166,Groceries,East,18,21.79,90.99
2023-11-28,S002,P0166,Groceries,North,141,133.63,91.19
2023-11-29,S002,P0166,Groceries,East,46,45.84,91.61
2023-11-30,S002,P0166,Groceries,North,82,97.73,90.72
2023-12-01,S002,P0166,Groceries,North,53,73.44,89.02
2023-12-02,S002,P0166,Groceries,South,51,65.72,86.74
2023-12-03,S002,P0166,Groceries,West,180,171.81,88.09
2023-12-04,S002,P0166,Groceries,East,111,131.57,90.33
2023-12-05,S002,P0166,Groceries,South,106,123.35,88.76
2023-12-06,S002,P0166,Groceries,South,144,180.47,89.12
2023-12-07,S002,P0166,Groceries,North,56,59.33,88.94
2023-12-08,S002,P0166,Groceries,North,119,113.95,85.9
2023-12-09,S002,P0166,Groceries,North,71,82.75,112.53
2023-12-10,S002,P0166,Groceries,West,97,122.19,86.27
2023-12-11,S002,P0166,Groceries,South,99,95.87,88.49
2023-12-12,S002,P0166,Groceries,West,167,162.54,107.18
2023-12-13,S002,P0166,Groceries,East,174,166.56,106.14
2023-12-14,S002,P0166,Groceries,East,105,128.49,93.68
2023-12-15,S002,P0166,Groceries,West,136,151.45,97.44
2023-12-16,S002,P0166,Groceries,West,59,84.54,96.05
2023-12-17,S002,P0166,Groceries,North,67,79.07,93.53
2023-12-18,S002,P0166,Groceries,South,97,96.07,89.49
2023-12-19,S002,P0166,Groceries,South,80,94.1,88.86
2023-12-20,S002,P0166,Groceries,West,107,101.73,89.36
2023-12-21,S002,P0166,Groceries,East,99,122.09,92.36
2023-12-22,S002,P0166,Groceries,East,64,58.61,87.83
2023-12-23,S002,P0166,Groceries,North,13,12.26,88.7
2023-12-24,S002,P0166,Groceries,West,63,83.51,88.3
2023-12-25,S002,P0166,Groceries,West,158,171.84,110.54
2023-12-26,S002,P0166,Groceries,East,122,139.73,89.93
2023-12-27,S002,P0166,Groceries,East,86,82.58,108.36
2023-12-28,S002,P0166,Groceries,South,39,38.49,89.07
2023-12-29,S002,P0166,Groceries,West,73,88.22,88.79
2023-12-30,S002,P0166,Groceries,West,115,135.94,103.23
2023-12-31,S002,P0166,Groceries,South,105,106.56,89.54
2023-10-01,S002,P0171,Electronics,North,55,70.42,90.29
2023-10-02,S002,P0171,Electronics,South,38,44.48,70.26
2023-10-03,S002,P0171,Electronics,North,105,111.5,88.73
2023-10-04,S002,P0171,Electronics,West,90,109.52,89.9
2023-10-05,S002,P0171,Electronics,North,57,61.08,90.16
2023-10-06,S002,P0171,Electronics,South,72,77.47,89.14
2023-10-07,S002,P0171,Electronics,East,71,98.56,74.05
2023-10-08,S002,P0171,Electronics,West,145,195.54,89.58
2023-10-09,S002,P0171,Electronics,West,114,125.38,90.7
2023-10-10,S002,P0171,Electronics,West,54,67.68,90.57
2023-10-11,S002,P0171,Electronics,West,73,96.23,107.29
2023-10-12,S002,P0171,Electronics,North,32,33.45,89.41
2023-10-13,S002,P0171,Electronics,North,121,137.5,71.74
2023-10-14,S002,P0171,Electronics,South,125,117.01,90.79
2023-10-15,S002,P0171,Electronics,North,80,114.6,90.75
2023-10-16,S002,P0171,Electronics,North,103,133.55,70.51
2023-10-17,S002,P0171,Electronics,North,97,101.32,90.08
2023-10-18,S002,P0171,Electronics,West,96,101.72,90.73
2023-10-19,S002,P0171,Electronics,North,109,120.2,90.27
2023-10-20,S002,P0171,Electronics,East,82,78.75,73.36
2023-10-21,S002,P0171,Electronics,South,129,119.13,110.64
2023-10-22,S002,P0171,Electronics,South,128,163.25,90.53
2023-10-23,S002,P0171,Electronics,West,58,82.28,106.95
2023-10-24,S002,P0171,Electronics,North,76,77.6,70.35
2023-10-25,S002,P0171,Electronics,East,72,68.22,73.0
2023-10-26,S002,P0171,Electronics,East,49,57.96,90.26
2023-10-27,S002,P0171,Electronics,North,73,69.03,74.37
2023-10-28,S002,P0171,Electronics,South,107,107.6,74.22
2023-10-29,S002,P0171,Electronics,North,102,144.82,90.7
2023-10-30,S002,P0171,Electronics,North,63,58.93,71.24
2023-10-31,S002,P0171,Electronics,West,124,128.75,103.96
2023-11-01,S002,P0171,Electronics,South,152,152.47,89.62
2023-11-02,S002,P0171,Electronics,South,115,108.27,90.67
2023-11-03,S002,P0171,Electronics,West,42,49.93,90.98
2023-11-04,S002,P0171,Electronics,East,85,85.92,90.03
2023-11-05,S002,P0171,Electronics,East,97,92.4,90.34
2023-11-06,S002,P0171,Electronics,North,88,115.03,89.8
2023-11-07,S002,P0171,Electronics,South,101,126.39,90.43
2023-11-08,S002,P0171,Electronics,East,77,98.84,90.81
2023-11-09,S002,P0171,Electronics,South,106,131.15,90.71
2023-11-10,S002,P0171,Electronics,East,107,110.26,91.07
2023-11-11,S002,P0171,Electronics,West,87,92.17,90.58
2023-11-12,S002,P0171,Electronics,North,163,153.92,90.54
2023-11-13,S002,P0171,Electronics,South,43,46.39,68.51
2023-11-14,S002,P0171,Electronics,East,78,74.95,89.94
2023-11-15,S002,P0171,Electronics,South,67,89.07,93.1
2023-11-16,S002,P0171,Electronics,North,29,33.31,73.65
2023-11-17,S002,P0171,Electronics,South,59,77.36,89.66
2023-11-18,S002,P0171,Electronics,West,116,119.31,89.86
2023-11-19,S002,P0171,Electronics,South,161,153.36,77.05
2023-11-20,S002,P0171,Electronics,South,73,76.62,70.89
2023-11-21,S002,P0171,Electronics,West,13,12.04,107.0
2023-11-22,S002,P0171,Electronics,West,81,99.9,91.73
2023-11-23,S002,P0171,Electronics,East,141,131.96,90.89
2023-11-24,S002,P0171,Electronics,South,166,164.62,90.09
2023-11-25,S002,P0171,Electronics,East,63,85.66,90.15
2023-11-26,S002,P0171,Electronics,West,64,77.29,73.04
2023-11-27,S002,P0171,Electronics,South,95,105.9,92.46
2023-11-28,S002,P0171,Electronics,South,83,109.35,91.03
2023-11-29,S002,P0171,Electronics,North,101,143.59,89.48
2023-11-30,S002,P0171,Electronics,West,102,93.94,70.03
2023-12-01,S002,P0171,Electronics,West,122,138.37,89.57
2023-12-02,S002,P0171,Electronics,North,67,66.1,89.03
2023-12-03,S002,P0171,Electronics,West,81,106.62,89.07
2023-12-04,S002,P0171,Electronics,North,67,66.95,90.29
2023-12-05,S002,P0171,Electronics,South,128,146.49,88.98
2023-12-06,S002,P0171,Electronics,East,97,120.26,110.62
2023-12-07,S002,P0171,Electronics,South,63,75.28,90.11
2023-12-08,S002,P0171,Electronics,North,67,63.72,89.43
2023-12-09,S002,P0171,Electronics,North,88,81.82,89.71
2023-12-10,S002,P0171,Electronics,South,79,107.72,70.62
2023-12-11,S002,P0171,Electronics,North,95,133.13,108.68
2023-12-12,S002,P0171,Electronics,South,129,173.8,90.73
2023-12-13,S002,P0171,Electronics,South,83,81.34,89.32
2023-12-14,S002,P0171,Electronics,East,137,183.35,105.49
2023-12-15,S002,P0171,Electronics,East,70,77.1,89.63
2023-12-16,S002,P0171,Electronics,North,111,111.47,88.17
2023-12-17,S002,P0171,Electronics,West,54,51.22,72.19
2023-12-18,S002,P0171,Electronics,East,79,99.87,89.93
2023-12-19,S002,P0171,Electronics,West,148,155.24,91.07
2023-12-20,S002,P0171,Electronics,North,97,92.72,90.53
2023-12-21,S002,P0171,Electronics,North,146,162.59,88.6
2023-12-22,S002,P0171,Electronics,East,93,105.52,88.4
2023-12-23,S002,P0171,Electronics,South,94,89.89,72.01
2023-12-24,S002,P0171,Electronics,North,59,76.53,88.74
2023-12-25,S002,P0171,Electronics,West,37,41.89,71.91
2023-12-26,S002,P0171,Electronics,South,172,160.71,90.01
2023-12-27,S002,P0171,Electronics,West,131,134.46,104.34
2023-12-28,S002,P0171,Electronics,East,152,165.32,89.54
2023-12-29,S002,P0171,Electronics,North,74,96.14,90.22
2023-12-30,S002,P0171,Electronics,South,150,170.4,89.58
2023-12-31,S002,P0171,Electronics,East,104,122.66,72.18
2023-10-01,S002,P0175,Electronics,South,130,159.26,89.36
2023-10-02,S002,P0175,Electronics,East,97,108.13,89.15
2023-10-03,S002,P0175,Electronics,South,97,101.04,90.61
2023-10-04,S002,P0175,Electronics,West,114,111.44,90.11
2023-10-05,S002,P0175,Electronics,North,116,113.06,71.9
2023-10-06,S002,P0175,Electronics,North,111,138.23,90.11
2023-10-07,S002,P0175,Electronics,North,117,112.93,87.94
2023-10-08,S002,P0175,Electronics,West,127,182.19,113.39
2023-10-09,S002,P0175,Electronics,West,142,141.41,70.88
2023-10-10,S002,P0175,Electronics,East,11,11.63,92.2
2023-10-11,S002,P0175,Electronics,North,61,70.55,89.55
2023-10-12,S002,P0175,Electronics,South,139,150.57,111.91
2023-10-13,S002,P0175,Electronics,North,44,63.32,72.01
2023-10-14,S002,P0175,Electronics,East,93,85.93,70.93
2023-10-15,S002,P0175,Electronics,North,98,103.24,70.33
2023-10-16,S002,P0175,Electronics,West,81,77.86,95.87
2023-10-17,S002,P0175,Electronics,West,84,88.75,72.68
2023-10-18,S002,P0175,Electronics,West,101,134.48,72.48
2023-10-19,S002,P0175,Electronics,South,134,134.45,93.18
2023-10-20,S002,P0175,Electronics,South,105,131.63,90.73
2023-10-21,S002,P0175,Electronics,West,80,110.41,90.78
2023-10-22,S002,P0175,Electronics,West,72,85.45,92.33
2023-10-23,S002,P0175,Electronics,West,44,47.58,92.72
2023-10-24,S002,P0175,Electronics,North,111,123.49,89.27
2023-10-25,S002,P0175,Electronics,North,65,68.72,73.47
2023-10-26,S002,P0175,Electronics,East,85,94.29,90.01
2023-10-27,S002,P0175,Electronics,North,111,105.07,69.65
2023-10-28,S002,P0175,Electronics,East,36,47.16,89.23
2023-10-29,S002,P0175,Electronics,East,90,98.58,89.64
2023-10-30,S002,P0175,Electronics,North,50,53.61,70.16
2023-10-31,S002,P0175,Electronics,North,144,132.59,89.93
2023-11-01,S002,P0175,Electronics,East,76,92.41,89.43
2023-11-02,S002,P0175,Electronics,West,104,106.76,89.2
2023-11-03,S002,P0175,Electronics,South,72,83.04,89.51
2023-11-04,S002,P0175,Electronics,West,126,143.71,90.25
2023-11-05,S002,P0175,Electronics,West,112,114.7,89.97
2023-11-06,S002,P0175,Electronics,East,87,82.16,70.12
2023-11-07,S002,P0175,Electronics,West,117,112.62,89.86
2023-11-08,S002,P0175,Electronics,South,84,101.79,89.7
2023-11-09,S002,P0175,Electronics,West,73,72.71,88.03
2023-11-10,S002,P0175,Electronics,East,77,77.12,71.02
2023-11-11,S002,P0175,Electronics,South,62,65.51,90.29
2023-11-12,S002,P0175,Electronics,South,84,82.49,89.28
2023-11-13,S002,P0175,Electronics,South,79,85.71,88.6
2023-11-14,S002,P0175,Electronics,South,120,135.05,89.52
2023-11-15,S002,P0175,Electronics,West,139,139.31,70.15
2023-11-16,S002,P0175,Electronics,West,122,122.84,110.87
2023-11-17,S002,P0175,Electronics,East,126,121.03,91.08
2023-11-18,S002,P0175,Electronics,West,116,135.72,89.02
2023-11-19,S002,P0175,Electronics,South,79,97.61,94.06
2023-11-20,S002,P0175,Electronics,East,140,130.89,87.09
2023-11-21,S002,P0175,Electronics,North,100,92.65,86.01
2023-11-22,S002,P0175,Electronics,East,38,54.21,74.28
2023-11-23,S002,P0175,Electronics,East,116,123.94,88.67
2023-11-24,S002,P0175,Electronics,West,110,121.5,89.35
2023-11-25,S002,P0175,Electronics,West,78,71.6,88.84
2023-11-26,S002,P0175,Electronics,West,109,104.8,89.53
2023-11-27,S002,P0175,Electronics,South,91,114.37,89.12
2023-11-28,S002,P0175,Electronics,South,103,98.87,91.38
2023-11-29,S002,P0175,Electronics,West,110,125.95,68.47
2023-11-30,S002,P0175,Electronics,West,102,111.68,88.79
2023-12-01,S002,P0175,Electronics,North,84,99.23,88.75
2023-12-02,S002,P0175,Electronics,East,69,76.03,88.25
2023-12-03,S002,P0175,Electronics,West,93,107.93,88.95
2023-12-04,S002,P0175,Electronics,South,108,113.82,115.04
2023-12-05,S002,P0175,Electronics,East,80,85.6,88.68
2023-12-06,S002,P0175,Electronics,West,90,103.18,62.97
2023-12-07,S002,P0175,Electronics,South,114,142.25,72.58
2023-12-08,S002,P0175,Electronics,West,89,90.49,88.95
2023-12-09,S002,P0175,Electronics,East,66,77.88,89.14
2023-12-10,S002,P0175,Electronics,North,79,84.67,72.46
2023-12-11,S002,P0175,Electronics,North,68,96.68,88.63
2023-12-12,S002,P0175,Electronics,West,85,98.84,89.96
2023-12-13,S002,P0175,Electronics,South,63,67.98,90.28
2023-12-14,S002,P0175,Electronics,South,104,143.35,89.68
2023-12-15,S002,P0175,Electronics,North,84,100.01,71.94
2023-12-16,S002,P0175,Electronics,West,147,141.26,89.35
2023-12-17,S002,P0175,Electronics,South,32,42.51,88.75
2023-12-18,S002,P0175,Electronics,South,84,91.17,89.08
2023-12-19,S002,P0175,Electronics,West,69,86.71,111.62
2023-12-20,S002,P0175,Electronics,South,52,59.83,71.74
2023-12-21,S002,P0175,Electronics,North,110,144.14,89.09
2023-12-22,S002,P0175,Electronics,South,42,42.89,69.72
2023-12-23,S002,P0175,Electronics,West,68,73.13,70.01
2023-12-24,S002,P0175,Electronics,East,60,79.42,90.19
2023-12-25,S002,P0175,Electronics,North,83,105.67,86.67
2023-12-26,S002,P0175,Electronics,East,103,99.93,71.2
2023-12-27,S002,P0175,Electronics,East,122,128.39,88.94
2023-12-28,S002,P0175,Electronics,West,75,103.36,91.09
2023-12-29,S002,P0175,Electronics,South,49,58.98,89.37
2023-12-30,S002,P0175,Electronics,East,81,91.61,92.45
2023-12-31,S002,P0175,Electronics,East,141,145.71,91.38
2023-10-01,S002,P0178,Clothing,East,29,33.43,110.86
2023-10-02,S002,P0178,Clothing,North,92,110.72,88.42
2023-10-03,S002,P0178,Clothing,North,107,120.58,89.85
2023-10-04,S002,P0178,Clothing,North,55,66.91,89.61
2023-10-05,S002,P0178,Clothing,East,100,140.69,89.52
2023-10-06,S002,P0178,Clothing,East,55,79.43,90.53
2023-10-07,S002,P0178,Clothing,East,75,105.14,90.22
2023-10-08,S002,P0178,Clothing,East,60,75.62,90.25
2023-10-09,S002,P0178,Clothing,North,72,96.68,92.84
2023-10-10,S002,P0178,Clothing,West,100,119.94,90.44
2023-10-11,S002,P0178,Clothing,South,156,148.14,90.8
2023-10-12,S002,P0178,Clothing,North,130,122.24,89.85
2023-10-13,S002,P0178,Clothing,North,77,110.51,89.92
2023-10-14,S002,P0178,Clothing,West,206,230.58,109.87
2023-10-15,S002,P0178,Clothing,East,110,108.19,128.03
2023-10-16,S002,P0178,Clothing,South,73,91.87,102.14
2023-10-17,S002,P0178,Clothing,South,79,99.86,82.62
2023-10-18,S002,P0178,Clothing,West,111,145.35,93.24
2023-10-19,S002,P0178,Clothing,South,52,62.09,89.22
2023-10-20,S002,P0178,Clothing,South,97,134.57,111.13
2023-10-21,S002,P0178,Clothing,East,101,141.41,89.64
2023-10-22,S002,P0178,Clothing,East,60,79.29,90.6
2023-10-23,S002,P0178,Clothing,West,238,227.87,112.11
2023-10-24,S002,P0178,Clothing,West,128,118.23,89.56
2023-10-25,S002,P0178,Clothing,East,72,87.94,87.49
2023-10-26,S002,P0178,Clothing,North,65,86.63,93.27
2023-10-27,S002,P0178,Clothing,North,60,74.98,94.18
2023-10-28,S002,P0178,Clothing,South,39,55.11,89.91
2023-10-29,S002,P0178,Clothing,West,79,91.78,89.2
2023-10-30,S002,P0178,Clothing,West,146,143.46,89.66
2023-10-31,S002,P0178,Clothing,North,118,113.2,89.71
2023-11-01,S002,P0178,Clothing,East,117,154.57,124.03
2023-11-02,S002,P0178,Clothing,West,167,203.85,117.32
2023-11-03,S002,P0178,Clothing,South,151,139.87,132.56
2023-11-04,S002,P0178,Clothing,South,102,145.28,122.63
2023-11-05,S002,P0178,Clothing,East,135,156.54,125.74
2023-11-06,S002,P0178,Clothing,South,103,112.32,125.1
2023-11-07,S002,P0178,Clothing,South,141,177.38,126.84
2023-11-08,S002,P0178,Clothing,West,126,134.17,150.58
2023-11-09,S002,P0178,Clothing,North,81,114.21,124.56
2023-11-10,S002,P0178,Clothing,East,86,107.0,127.3
2023-11-11,S002,P0178,Clothing,West,212,223.44,130.03
2023-11-12,S002,P0178,Clothing,West,150,148.84,124.05
2023-11-13,S002,P0178,Clothing,North,163,212.99,149.01
2023-11-14,S002,P0178,Clothing,East,63,88.96,124.72
2023-11-15,S002,P0178,Clothing,South,233,240.3,126.11
2023-11-16,S002,P0178,Clothing,North,225,235.11,152.55
2023-11-17,S002,P0178,Clothing,North,162,186.12,118.94
2023-11-18,S002,P0178,Clothing,West,103,123.27,119.92
2023-11-19,S002,P0178,Clothing,South,31,42.31,126.24
2023-11-20,S002,P0178,Clothing,West,130,157.21,122.92
2023-11-21,S002,P0178,Clothing,South,103,123.23,124.95
2023-11-22,S002,P0178,Clothing,West,76,103.58,126.68
2023-11-23,S002,P0178,Clothing,North,196,191.88,135.25
2023-11-24,S002,P0178,Clothing,East,34,44.17,122.77
2023-11-25,S002,P0178,Clothing,South,176,235.18,131.7
2023-11-26,S002,P0178,Clothing,East,124,141.34,131.81
2023-11-27,S002,P0178,Clothing,East,144,148.53,119.08
2023-11-28,S002,P0178,Clothing,North,270,252.89,125.84
2023-11-29,S002,P0178,Clothing,North,141,167.42,118.81
2023-11-30,S002,P0178,Clothing,East,101,109.35,122.96
2023-12-01,S002,P0178,Clothing,South,203,186.0,150.96
2023-12-02,S002,P0178,Clothing,South,120,112.17,118.92
2023-12-03,S002,P0178,Clothing,North,103,108.47,123.35
2023-12-04,S002,P0178,Clothing,North,222,205.04,147.73
2023-12-05,S002,P0178,Clothing,East,101,116.97,118.09
2023-12-06,S002,P0178,Clothing,North,104,140.88,119.84
2023-12-07,S002,P0178,Clothing,South,134,150.72,125.17
2023-12-08,S002,P0178,Clothing,South,143,195.96,121.42
2023-12-09,S002,P0178,Clothing,South,164,174.29,125.16
2023-12-10,S002,P0178,Clothing,East,171,168.62,125.92
2023-12-11,S002,P0178,Clothing,North,100,105.04,124.55
2023-12-12,S002,P0178,Clothing,North,51,63.91,123.7
2023-12-13,S002,P0178,Clothing,West,204,200.99,123.35
2023-12-14,S002,P0178,Clothing,West,135,175.08,124.48
2023-12-15,S002,P0178,Clothing,East,133,157.91,156.03
2023-12-16,S002,P0178,Clothing,East,210,217.69,127.82
2023-12-17,S002,P0178,Clothing,East,130,164.38,148.56
2023-12-18,S002,P0178,Clothing,South,123,125.14,129.21
2023-12-19,S002,P0178,Clothing,North,177,170.12,146.18
2023-12-20,S002,P0178,Clothing,East,130,141.12,148.49
2023-12-21,S002,P0178,Clothing,South,118,143.58,128.96
2023-12-22,S002,P0178,Clothing,West,146,173.71,124.23
2023-12-23,S002,P0178,Clothing,South,131,137.88,123.95
2023-12-24,S002,P0178,Clothing,North,101,134.84,123.49
2023-12-25,S002,P0178,Clothing,West,138,183.25,153.52
2023-12-26,S002,P0178,Clothing,South,109,124.6,125.21
2023-12-27,S002,P0178,Clothing,East,190,186.28,122.52
2023-12-28,S002,P0178,Clothing,East,127,174.24,125.38
2023-12-29,S002,P0178,Clothing,South,76,103.75,125.36
2023-12-30,S002,P0178,Clothing,West,201,258.71,158.75
2023-12-31,S002,P0178,Clothing,East,103,143.87,124.08
2023-10-01,S002,P0183,Electronics,South,98,104.72,111.5
2023-10-02,S002,P0183,Electronics,West,35,37.33,89.92
2023-10-03,S002,P0183,Electronics,East,80,115.36,89.5
2023-10-04,S002,P0183,Electronics,East,72,100.94,89.66
2023-10-05,S002,P0183,Electronics,East,109,124.77,89.53
2023-10-06,S002,P0183,Electronics,West,90,94.26,110.13
2023-10-07,S002,P0183,Electronics,West,68,91.44,89.8
2023-10-08,S002,P0183,Electronics,East,68,82.02,70.41
2023-10-09,S002,P0183,Electronics,North,134,142.57,71.79
2023-10-10,S002,P0183,Electronics,East,59,67.65,72.47
2023-10-11,S002,P0183,Electronics,North,111,123.03,90.54
2023-10-12,S002,P0183,Electronics,North,52,69.48,91.13
2023-10-13,S002,P0183,Electronics,North,134,135.08,88.69
2023-10-14,S002,P0183,Electronics,West,117,115.76,89.84
2023-10-15,S002,P0183,Electronics,West,34,31.75,89.9
2023-10-16,S002,P0183,Electronics,West,65,65.18,89.51
2023-10-17,S002,P0183,Electronics,North,92,121.68,78.97
2023-10-18,S002,P0183,Electronics,West,199,201.54,105.5
2023-10-19,S002,P0183,Electronics,West,82,79.68,73.14
2023-10-20,S002,P0183,Electronics,West,30,32.69,90.38
2023-10-21,S002,P0183,Electronics,North,77,98.82,89.98
2023-10-22,S002,P0183,Electronics,East,44,52.5,89.89
2023-10-23,S002,P0183,Electronics,East,107,138.01,92.12
2023-10-24,S002,P0183,Electronics,East,83,95.14,90.6
2023-10-25,S002,P0183,Electronics,East,132,153.22,91.65
2023-10-26,S002,P0183,Electronics,South,80,87.05,69.92
2023-10-27,S002,P0183,Electronics,North,117,114.95,90.46
2023-10-28,S002,P0183,Electronics,East,94,87.25,90.37
2023-10-29,S002,P0183,Electronics,West,20,23.38,70.48
2023-10-30,S002,P0183,Electronics,West,85,102.48,90.74
2023-10-31,S002,P0183,Electronics,North,99,94.17,89.87
2023-11-01,S002,P0183,Electronics,South,111,149.95,109.25
2023-11-02,S002,P0183,Electronics,East,52,50.89,89.75
2023-11-03,S002,P0183,Electronics,East,82,99.93,89.67
2023-11-04,S002,P0183,Electronics,South,83,117.77,88.64
2023-11-05,S002,P0183,Electronics,South,59,71.56,88.84
2023-11-06,S002,P0183,Electronics,South,103,97.48,89.72
2023-11-07,S002,P0183,Electronics,East,118,109.11,90.13
2023-11-08,S002,P0183,Electronics,South,67,70.64,73.9
2023-11-09,S002,P0183,Electronics,West,58,78.69,88.89
2023-11-10,S002,P0183,Electronics,North,57,57.89,89.9
2023-11-11,S002,P0183,Electronics,North,134,133.89,91.44
2023-11-12,S002,P0183,Electronics,West,98,110.08,90.02
2023-11-13,S002,P0183,Electronics,South,110,154.8,107.99
2023-11-14,S002,P0183,Electronics,East,78,74.83,89.78
2023-11-15,S002,P0183,Electronics,South,74,89.93,72.83
2023-11-16,S002,P0183,Electronics,North,102,101.77,74.99
2023-11-17,S002,P0183,Electronics,East,64,62.88,71.63
2023-11-18,S002,P0183,Electronics,East,77,70.39,88.82
2023-11-19,S002,P0183,Electronics,East,134,132.82,89.94
2023-11-20,S002,P0183,Electronics,West,88,102.31,109.19
2023-11-21,S002,P0183,Electronics,East,91,118.17,89.77
2023-11-22,S002,P0183,Electronics,East,33,37.37,70.17
2023-11-23,S002,P0183,Electronics,South,19,27.35,89.8
2023-11-24,S002,P0183,Electronics,West,114,134.49,89.9
2023-11-25,S002,P0183,Electronics,South,83,88.56,53.01
2023-11-26,S002,P0183,Electronics,East,72,83.51,89.46
2023-11-27,S002,P0183,Electronics,South,86,122.61,90.21
2023-11-28,S002,P0183,Electronics,North,76,106.52,90.08
2023-11-29,S002,P0183,Electronics,North,129,166.98,88.98
2023-11-30,S002,P0183,Electronics,East,90,103.64,91.46
2023-12-01,S002,P0183,Electronics,South,112,124.82,89.35
2023-12-02,S002,P0183,Electronics,North,49,67.38,73.75
2023-12-03,S002,P0183,Electronics,West,36,46.82,89.34
2023-12-04,S002,P0183,Electronics,South,77,93.0,89.73
2023-12-05,S002,P0183,Electronics,South,81,81.63,70.87
2023-12-06,S002,P0183,Electronics,North,98,116.82,88.92
2023-12-07,S002,P0183,Electronics,East,129,130.12,86.75
2023-12-08,S002,P0183,Electronics,South,93,104.15,72.32
2023-12-09,S002,P0183,Electronics,East,83,76.57,90.45
2023-12-10,S002,P0183,Electronics,East,106,110.44,89.52
2023-12-11,S002,P0183,Electronics,West,98,104.46,117.51
2023-12-12,S002,P0183,Electronics,North,130,151.47,87.88
2023-12-13,S002,P0183,Electronics,East,61,80.26,70.86
2023-12-14,S002,P0183,Electronics,North,77,78.77,89.44
2023-12-15,S002,P0183,Electronics,East,78,102.95,89.95
2023-12-16,S002,P0183,Electronics,East,183,167.62,108.69
2023-12-17,S002,P0183,Electronics,North,62,75.65,72.41
2023-12-18,S002,P0183,Electronics,East,116,119.83,89.04
2023-12-19,S002,P0183,Electronics,North,50,60.13,87.62
2023-12-20,S002,P0183,Electronics,North,98,121.83,91.87
2023-12-21,S002,P0183,Electronics,East,107,98.86,91.73
2023-12-22,S002,P0183,Electronics,North,74,80.94,88.54
2023-12-23,S002,P0183,Electronics,North,64,65.22,88.3
2023-12-24,S002,P0183,Electronics,South,39,53.49,89.64
2023-12-25,S002,P0183,Electronics,South,56,57.91,92.05
2023-12-26,S002,P0183,Electronics,West,40,53.47,73.85
2023-12-27,S002,P0183,Electronics,North,174,178.46,89.89
2023-12-28,S002,P0183,Electronics,North,86,122.3,90.2
2023-12-29,S002,P0183,Electronics,North,44,50.47,89.92
2023-12-30,S002,P0183,Electronics,West,85,103.02,92.35
2023-12-31,S002,P0183,Electronics,West,110,105.71,96.02
2023-10-01,S002,P0187,Clothing,North,81,98.37,90.03
2023-10-02,S002,P0187,Clothing,North,144,140.92,89.9
2023-10-03,S002,P0187,Clothing,South,56,73.16,110.7
2023-10-04,S002,P0187,Clothing,North,125,122.15,90.02
2023-10-05,S002,P0187,Clothing,South,134,124.43,110.71
2023-10-06,S002,P0187,Clothing,South,129,119.43,110.46
2023-10-07,S002,P0187,Clothing,South,23,28.28,90.04
2023-10-08,S002,P0187,Clothing,West,88,115.48,90.61
2023-10-09,S002,P0187,Clothing,East,120,120.27,89.98
2023-10-10,S002,P0187,Clothing,North,107,116.45,89.53
2023-10-11,S002,P0187,Clothing,West,86,107.39,89.95
2023-10-12,S002,P0187,Clothing,North,106,97.89,89.82
2023-10-13,S002,P0187,Clothing,East,161,163.07,90.54
2023-10-14,S002,P0187,Clothing,West,175,163.0,109.78
2023-10-15,S002,P0187,Clothing,South,96,99.96,85.23
2023-10-16,S002,P0187,Clothing,East,106,109.55,90.03
2023-10-17,S002,P0187,Clothing,East,98,103.31,89.97
2023-10-18,S002,P0187,Clothing,South,108,140.52,94.55
2023-10-19,S002,P0187,Clothing,North,41,39.69,90.18
2023-10-20,S002,P0187,Clothing,West,122,169.99,108.11
2023-10-21,S002,P0187,Clothing,East,70,99.39,109.08
2023-10-22,S002,P0187,Clothing,East,109,113.35,89.65
2023-10-23,S002,P0187,Clothing,West,87,122.99,89.29
2023-10-24,S002,P0187,Clothing,South,67,94.9,89.56
2023-10-25,S002,P0187,Clothing,East,127,120.07,90.18
2023-10-26,S002,P0187,Clothing,South,47,66.19,90.02
2023-10-27,S002,P0187,Clothing,East,107,138.66,90.66
2023-10-28,S002,P0187,Clothing,West,56,74.13,90.53
2023-10-29,S002,P0187,Clothing,North,61,72.24,89.84
2023-10-30,S002,P0187,Clothing,West,99,91.73,90.63
2023-10-31,S002,P0187,Clothing,East,99,98.5,89.45
2023-11-01,S002,P0187,Clothing,North,153,143.25,123.29
2023-11-02,S002,P0187,Clothing,North,226,253.13,121.32
2023-11-03,S002,P0187,Clothing,East,73,84.64,122.14
2023-11-04,S002,P0187,Clothing,West,65,65.86,118.93
2023-11-05,S002,P0187,Clothing,East,99,115.24,123.53
2023-11-06,S002,P0187,Clothing,North,79,105.56,115.92
2023-11-07,S002,P0187,Clothing,South,151,188.06,129.24
2023-11-08,S002,P0187,Clothing,North,80,103.82,125.15
2023-11-09,S002,P0187,Clothing,West,163,174.34,127.02
2023-11-10,S002,P0187,Clothing,West,127,118.23,125.24
2023-11-11,S002,P0187,Clothing,North,126,141.08,142.42
2023-11-12,S002,P0187,Clothing,East,121,142.24,160.17
2023-11-13,S002,P0187,Clothing,West,187,171.6,149.5
2023-11-14,S002,P0187,Clothing,South,195,210.83,126.59
2023-11-15,S002,P0187,Clothing,East,127,140.23,154.53
2023-11-16,S002,P0187,Clothing,North,146,198.61,125.65
2023-11-17,S002,P0187,Clothing,West,140,178.35,124.37
2023-11-18,S002,P0187,Clothing,South,129,126.56,123.35
2023-11-19,S002,P0187,Clothing,West,179,178.25,137.9
2023-11-20,S002,P0187,Clothing,North,76,75.04,123.58
2023-11-21,S002,P0187,Clothing,North,101,124.28,124.98
2023-11-22,S002,P0187,Clothing,North,140,168.53,144.32
2023-11-23,S002,P0187,Clothing,North,120,143.42,128.4
2023-11-24,S002,P0187,Clothing,East,104,105.6,125.97
2023-11-25,S002,P0187,Clothing,South,139,132.94,129.82
2023-11-26,S002,P0187,Clothing,East,98,125.01,134.82
2023-11-27,S002,P0187,Clothing,East,147,176.75,126.02
2023-11-28,S002,P0187,Clothing,West,96,122.36,121.3
2023-11-29,S002,P0187,Clothing,North,66,67.82,126.96
2023-11-30,S002,P0187,Clothing,West,102,103.06,124.35
2023-12-01,S002,P0187,Clothing,North,85,104.91,121.67
2023-12-02,S002,P0187,Clothing,South,139,127.19,127.18
2023-12-03,S002,P0187,Clothing,North,87,97.41,130.68
2023-12-04,S002,P0187,Clothing,North,109,126.06,131.24
2023-12-05,S002,P0187,Clothing,North,186,188.0,121.73
2023-12-06,S002,P0187,Clothing,East,76,108.74,125.07
2023-12-07,S002,P0187,Clothing,East,289,277.17,153.4
2023-12-08,S002,P0187,Clothing,West,127,127.59,148.21
2023-12-09,S002,P0187,Clothing,North,179,207.58,140.03
2023-12-10,S002,P0187,Clothing,South,88,108.25,125.14
2023-12-11,S002,P0187,Clothing,South,186,208.24,122.56
2023-12-12,S002,P0187,Clothing,West,157,161.73,123.81
2023-12-13,S002,P0187,Clothing,West,92,95.91,120.98
2023-12-14,S002,P0187,Clothing,West,111,136.57,126.88
2023-12-15,S002,P0187,Clothing,East,69,98.34,125.64
2023-12-16,S002,P0187,Clothing,North,68,70.8,126.9
2023-12-17,S002,P0187,Clothing,South,138,160.19,135.46
2023-12-18,S002,P0187,Clothing,South,200,182.68,133.14
2023-12-19,S002,P0187,Clothing,North,138,135.95,127.78
2023-12-20,S002,P0187,Clothing,East,169,201.11,169.83
2023-12-21,S002,P0187,Clothing,South,154,197.21,121.08
2023-12-22,S002,P0187,Clothing,South,155,166.67,123.76
2023-12-23,S002,P0187,Clothing,North,129,143.65,141.54
2023-12-24,S002,P0187,Clothing,South,167,207.61,123.41
2023-12-25,S002,P0187,Clothing,West,118,112.08,119.63
2023-12-26,S002,P0187,Clothing,East,197,202.29,123.89
2023-12-27,S002,P0187,Clothing,East,105,98.39,122.86
2023-12-28,S002,P0187,Clothing,West,149,157.55,121.9
2023-12-29,S002,P0187,Clothing,West,84,115.9,130.11
2023-12-30,S002,P0187,Clothing,East,106,102.82,128.62
2023-12-31,S002,P0187,Clothing,South,110,105.57,127.16
2023-10-01,S003,P0016,Clothing,East,94,109.24,90.18
2023-10-02,S003,P0016,Clothing,East,100,116.23,108.46
2023-10-03,S003,P0016,Clothing,South,75,104.47,89.91
2023-10-04,S003,P0016,Clothing,South,36,35.31,89.58
2023-10-05,S003,P0016,Clothing,North,37,34.53,91.29
2023-10-06,S003,P0016,Clothing,West,138,172.47,110.52
2023-10-07,S003,P0016,Clothing,South,19,17.83,90.17
2023-10-08,S003,P0016,Clothing,North,62,73.85,106.96
2023-10-09,S003,P0016,Clothing,South,137,150.69,90.26
2023-10-10,S003,P0016,Clothing,East,127,128.53,90.34
2023-10-11,S003,P0016,Clothing,West,90,105.38,91.22
2023-10-12,S003,P0016,Clothing,East,57,72.59,109.35
2023-10-13,S003,P0016,Clothing,West,93,123.79,90.16
2023-10-14,S003,P0016,Clothing,West,110,136.68,90.08
2023-10-15,S003,P0016,Clothing,East,108,104.68,90.04
2023-10-16,S003,P0016,Clothing,South,53,49.95,89.72
2023-10-17,S003,P0016,Clothing,East,98,120.62,110.11
2023-10-18,S003,P0016,Clothing,South,73,77.46,90.92
2023-10-19,S003,P0016,Clothing,North,63,86.66,91.17
2023-10-20,S003,P0016,Clothing,South,108,126.16,90.7
2023-10-21,S003,P0016,Clothing,South,114,146.32,106.59
2023-10-22,S003,P0016,Clothing,South,111,158.37,90.02
2023-10-23,S003,P0016,Clothing,West,73,83.83,90.35
2023-10-24,S003,P0016,Clothing,West,124,164.08,90.4
2023-10-25,S003,P0016,Clothing,North,86,98.91,90.66
2023-10-26,S003,P0016,Clothing,West,87,79.43,89.46
2023-10-27,S003,P0016,Clothing,North,102,124.89,89.8
2023-10-28,S003,P0016,Clothing,West,95,113.02,89.07
2023-10-29,S003,P0016,Clothing,South,41,44.49,89.33
2023-10-30,S003,P0016,Clothing,West,96,125.23,89.58
2023-10-31,S003,P0016,Clothing,North,87,104.94,90.02
2023-11-01,S003,P0016,Clothing,North,204,213.66,124.86
2023-11-02,S003,P0016,Clothing,West,102,108.78,123.33
2023-11-03,S003,P0016,Clothing,East,167,170.0,126.0
2023-11-04,S003,P0016,Clothing,West,71,99.76,149.99
2023-11-05,S003,P0016,Clothing,West,64,81.69,142.22
2023-11-06,S003,P0016,Clothing,East,177,204.92,129.92
2023-11-07,S003,P0016,Clothing,East,120,143.38,124.58
2023-11-08,S003,P0016,Clothing,West,141,188.38,124.35
2023-11-09,S003,P0016,Clothing,West,124,165.97,126.74
2023-11-10,S003,P0016,Clothing,West,155,189.4,124.98
2023-11-11,S003,P0016,Clothing,East,158,144.47,124.48
2023-11-12,S003,P0016,Clothing,East,146,185.72,126.41
2023-11-13,S003,P0016,Clothing,West,102,138.42,121.24
2023-11-14,S003,P0016,Clothing,West,138,151.07,124.08
2023-11-15,S003,P0016,Clothing,West,49,70.54,123.35
2023-11-16,S003,P0016,Clothing,East,134,137.9,124.63
2023-11-17,S003,P0016,Clothing,East,119,122.11,124.27
2023-11-18,S003,P0016,Clothing,West,143,137.48,155.28
2023-11-19,S003,P0016,Clothing,West,135,142.13,128.2
2023-11-20,S003,P0016,Clothing,East,122,142.04,126.93
2023-11-21,S003,P0016,Clothing,West,130,123.19,127.41
2023-11-22,S003,P0016,Clothing,South,147,149.68,127.23
2023-11-23,S003,P0016,Clothing,South,208,200.42,125.44
2023-11-24,S003,P0016,Clothing,East,159,145.93,149.9
2023-11-25,S003,P0016,Clothing,North,171,199.57,125.49
2023-11-26,S003,P0016,Clothing,South,78,103.75,125.25
2023-11-27,S003,P0016,Clothing,East,85,109.25,125.54
2023-11-28,S003,P0016,Clothing,North,114,132.09,140.15
2023-11-29,S003,P0016,Clothing,East,248,234.0,149.46
2023-11-30,S003,P0016,Clothing,East,228,244.71,127.17
2023-12-01,S003,P0016,Clothing,North,73,73.78,123.61
2023-12-02,S003,P0016,Clothing,West,172,245.33,150.41
2023-12-03,S003,P0016,Clothing,East,176,178.39,127.28
2023-12-04,S003,P0016,Clothing,South,126,143.92,124.36
2023-12-05,S003,P0016,Clothing,East,125,167.65,123.11
2023-12-06,S003,P0016,Clothing,South,119,133.55,128.38
2023-12-07,S003,P0016,Clothing,East,114,151.99,125.17
2023-12-08,S003,P0016,Clothing,North,211,222.45,125.36
2023-12-09,S003,P0016,Clothing,West,158,187.28,126.55
2023-12-10,S003,P0016,Clothing,South,171,168.51,125.17
2023-12-11,S003,P0016,Clothing,East,63,86.26,129.37
2023-12-12,S003,P0016,Clothing,South,137,163.61,125.59
2023-12-13,S003,P0016,Clothing,East,90,126.0,124.75
2023-12-14,S003,P0016,Clothing,West,141,162.56,126.2
2023-12-15,S003,P0016,Clothing,West,207,202.87,123.47
2023-12-16,S003,P0016,Clothing,North,83,116.22,129.1
2023-12-17,S003,P0016,Clothing,North,107,112.71,126.93
2023-12-18,S003,P0016,Clothing,West,188,215.33,125.24
2023-12-19,S003,P0016,Clothing,North,192,196.59,125.93
2023-12-20,S003,P0016,Clothing,North,45,58.61,130.55
2023-12-21,S003,P0016,Clothing,South,80,79.63,124.72
2023-12-22,S003,P0016,Clothing,West,127,181.07,122.2
2023-12-23,S003,P0016,Clothing,South,161,179.4,159.64
2023-12-24,S003,P0016,Clothing,West,133,154.27,124.63
2023-12-25,S003,P0016,Clothing,East,96,91.02,127.31
2023-12-26,S003,P0016,Clothing,South,118,161.03,151.81
2023-12-27,S003,P0016,Clothing,South,102,125.42,122.49
2023-12-28,S003,P0016,Clothing,West,118,131.99,129.34
2023-12-29,S003,P0016,Clothing,East,98,126.72,123.78
2023-12-30,S003,P0016,Clothing,West,0,0.0,127.97
2023-12-31,S003,P0016,Clothing,East,143,132.04,125.35
2023-10-01,S003,P0017,Toys,East,19,18.49,88.79
2023-10-02,S003,P0017,Toys,East,71,93.26,89.58
2023-10-03,S003,P0017,Toys,North,137,130.54,90.58
2023-10-04,S003,P0017,Toys,East,81,79.81,89.44
2023-10-05,S003,P0017,Toys,North,105,116.18,90.27
2023-10-06,S003,P0017,Toys,East,94,96.3,109.21
2023-10-07,S003,P0017,Toys,West,78,105.28,90.38
2023-10-08,S003,P0017,Toys,East,168,205.48,108.14
2023-10-09,S003,P0017,Toys,West,90,117.18,109.55
2023-10-10,S003,P0017,Toys,South,173,171.03,109.64
2023-10-11,S003,P0017,Toys,East,68,75.72,88.89
2023-10-12,S003,P0017,Toys,East,55,52.17,109.88
2023-10-13,S003,P0017,Toys,South,60,73.41,89.27
2023-10-14,S003,P0017,Toys,East,94,133.5,107.8
2023-10-15,S003,P0017,Toys,South,47,67.33,89.87
2023-10-16,S003,P0017,Toys,East,116,126.71,89.21
2023-10-17,S003,P0017,Toys,West,119,117.15,88.82
2023-10-18,S003,P0017,Toys,South,144,154.29,89.31
2023-10-19,S003,P0017,Toys,West,64,87.52,89.2
2023-10-20,S003,P0017,Toys,East,100,103.06,89.41
2023-10-21,S003,P0017,Toys,South,79,82.93,89.92
2023-10-22,S003,P0017,Toys,North,51,52.11,90.17
2023-10-23,S003,P0017,Toys,North,109,130.89,90.19
2023-10-24,S003,P0017,Toys,West,137,126.02,105.34
2023-10-25,S003,P0017,Toys,East,88,109.86,90.56
2023-10-26,S003,P0017,Toys,West,87,115.23,91.08
2023-10-27,S003,P0017,Toys,South,80,75.01,109.0
2023-10-28,S003,P0017,Toys,North,70,69.98,108.75
2023-10-29,S003,P0017,Toys,North,38,50.19,90.58
2023-10-30,S003,P0017,Toys,West,85,94.27,89.33
2023-10-31,S003,P0017,Toys,North,92,115.78,90.53
2023-11-01,S003,P0017,Toys,South,78,80.1,92.08
2023-11-02,S003,P0017,Toys,West,95,96.46,89.2
2023-11-03,S003,P0017,Toys,South,155,162.69,108.18
2023-11-04,S003,P0017,Toys,North,93,114.72,90.11
2023-11-05,S003,P0017,Toys,West,80,95.24,89.48
2023-11-06,S003,P0017,Toys,East,192,189.81,91.19
2023-11-07,S003,P0017,Toys,East,94,126.11,89.66
2023-11-08,S003,P0017,Toys,South,68,95.97,90.87
2023-11-09,S003,P0017,Toys,West,68,67.31,91.44
2023-11-10,S003,P0017,Toys,West,63,76.09,108.24
2023-11-11,S003,P0017,Toys,West,137,170.02,108.16
2023-11-12,S003,P0017,Toys,North,10,11.66,88.03
2023-11-13,S003,P0017,Toys,East,195,184.04,88.23
2023-11-14,S003,P0017,Toys,East,97,109.34,89.08
2023-11-15,S003,P0017,Toys,East,98,120.62,91.62
2023-11-16,S003,P0017,Toys,East,99,97.71,91.24
2023-11-17,S003,P0017,Toys,East,80,105.09,87.65
2023-11-18,S003,P0017,Toys,North,95,96.43,86.74
2023-11-19,S003,P0017,Toys,West,71,77.91,88.65
2023-11-20,S003,P0017,Toys,South,99,105.79,92.69
2023-11-21,S003,P0017,Toys,North,128,146.02,94.08
2023-11-22,S003,P0017,Toys,North,77,108.9,91.02
2023-11-23,S003,P0017,Toys,East,135,130.29,88.46
2023-11-24,S003,P0017,Toys,South,113,104.11,86.83
2023-11-25,S003,P0017,Toys,East,94,127.6,89.71
2023-11-26,S003,P0017,Toys,North,110,104.19,87.92
2023-11-27,S003,P0017,Toys,West,116,123.19,94.24
2023-11-28,S003,P0017,Toys,South,80,92.27,92.88
2023-11-29,S003,P0017,Toys,South,108,133.81,89.16
2023-11-30,S003,P0017,Toys,West,122,125.04,95.61
2023-12-01,S003,P0017,Toys,North,86,117.79,92.09
2023-12-02,S003,P0017,Toys,South,107,117.14,113.27
2023-12-03,S003,P0017,Toys,North,116,130.34,109.7
2023-12-04,S003,P0017,Toys,North,68,70.14,91.74
2023-12-05,S003,P0017,Toys,South,131,122.9,90.56
2023-12-06,S003,P0017,Toys,East,74,87.87,92.01
2023-12-07,S003,P0017,Toys,West,82,108.39,89.24
2023-12-08,S003,P0017,Toys,East,41,52.31,87.38
2023-12-09,S003,P0017,Toys,West,113,109.54,88.17
2023-12-10,S003,P0017,Toys,East,101,116.17,89.87
2023-12-11,S003,P0017,Toys,North,111,110.55,89.77
2023-12-12,S003,P0017,Toys,West,58,70.6,89.25
2023-12-13,S003,P0017,Toys,West,80,100.93,91.43
2023-12-14,S003,P0017,Toys,East,123,123.46,109.08
2023-12-15,S003,P0017,Toys,North,82,82.52,87.22
2023-12-16,S003,P0017,Toys,East,48,53.26,117.09
2023-12-17,S003,P0017,Toys,North,133,148.4,88.97
2023-12-18,S003,P0017,Toys,West,97,105.55,91.58
2023-12-19,S003,P0017,Toys,South,88,100.78,90.94
2023-12-20,S003,P0017,Toys,South,62,76.78,93.41
2023-12-21,S003,P0017,Toys,South,125,131.55,87.97
2023-12-22,S003,P0017,Toys,West,17,20.94,87.42
2023-12-23,S003,P0017,Toys,South,49,46.52,88.48
2023-12-24,S003,P0017,Toys,West,67,85.01,90.69
2023-12-25,S003,P0017,Toys,South,135,159.32,93.46
2023-12-26,S003,P0017,Toys,North,88,89.27,90.76
2023-12-27,S003,P0017,Toys,South,80,107.32,93.63
2023-12-28,S003,P0017,Toys,North,101,118.3,89.58
2023-12-29,S003,P0017,Toys,North,111,133.98,88.28
2023-12-30,S003,P0017,Toys,South,78,105.64,89.02
2023-12-31,S003,P0017,Toys,South,151,153.2,89.26
2023-10-01,S003,P0031,Electronics,South,71,74.21,89.5
2023-10-02,S003,P0031,Electronics,South,25,29.86,89.49
2023-10-03,S003,P0031,Electronics,West,155,148.36,89.12
2023-10-04,S003,P0031,Electronics,East,33,38.35,89.59
2023-10-05,S003,P0031,Electronics,West,60,75.94,71.99
2023-10-06,S003,P0031,Electronics,East,122,116.0,89.45
2023-10-07,S003,P0031,Electronics,North,63,78.96,89.24
2023-10-08,S003,P0031,Electronics,North,58,74.0,89.6
2023-10-09,S003,P0031,Electronics,West,95,93.91,74.43
2023-10-10,S003,P0031,Electronics,North,91,89.4,89.08
2023-10-11,S003,P0031,Electronics,South,89,81.86,89.0
2023-10-12,S003,P0031,Electronics,South,80,102.63,88.96
2023-10-13,S003,P0031,Electronics,South,127,136.93,70.73
2023-10-14,S003,P0031,Electronics,South,71,82.07,89.89
2023-10-15,S003,P0031,Electronics,South,71,94.93,89.7
2023-10-16,S003,P0031,Electronics,West,52,53.68,89.98
2023-10-17,S003,P0031,Electronics,North,114,110.17,99.06
2023-10-18,S003,P0031,Electronics,West,103,144.89,89.52
2023-10-19,S003,P0031,Electronics,South,40,53.34,70.44
2023-10-20,S003,P0031,Electronics,West,96,105.29,89.6
2023-10-21,S003,P0031,Electronics,East,81,88.63,89.19
2023-10-22,S003,P0031,Electronics,North,80,105.97,90.06
2023-10-23,S003,P0031,Electronics,East,39,54.52,90.07
2023-10-24,S003,P0031,Electronics,East,56,58.18,87.8
2023-10-25,S003,P0031,Electronics,West,83,97.68,88.88
2023-10-26,S003,P0031,Electronics,West,45,59.71,67.71
2023-10-27,S003,P0031,Electronics,South,152,169.41,88.53
2023-10-28,S003,P0031,Electronics,East,24,24.24,69.43
2023-10-29,S003,P0031,Electronics,West,116,133.62,87.14
2023-10-30,S003,P0031,Electronics,East,81,91.42,89.48
2023-10-31,S003,P0031,Electronics,North,27,30.18,70.1
2023-11-01,S003,P0031,Electronics,North,44,58.44,88.8
2023-11-02,S003,P0031,Electronics,East,92,87.02,70.35
2023-11-03,S003,P0031,Electronics,West,49,65.69,72.39
2023-11-04,S003,P0031,Electronics,East,110,107.63,112.94
2023-11-05,S003,P0031,Electronics,West,65,76.54,90.55
2023-11-06,S003,P0031,Electronics,East,89,127.85,99.04
2023-11-07,S003,P0031,Electronics,South,72,87.18,90.49
2023-11-08,S003,P0031,Electronics,South,112,106.56,89.29
2023-11-09,S003,P0031,Electronics,South,99,100.7,89.26
2023-11-10,S003,P0031,Electronics,North,143,148.16,89.81
2023-11-11,S003,P0031,Electronics,South,108,102.29,71.23
2023-11-12,S003,P0031,Electronics,South,108,135.85,89.45
2023-11-13,S003,P0031,Electronics,South,38,51.31,73.35
2023-11-14,S003,P0031,Electronics,West,94,107.19,71.13
2023-11-15,S003,P0031,Electronics,North,94,118.41,73.07
2023-11-16,S003,P0031,Electronics,North,85,84.81,71.75
2023-11-17,S003,P0031,Electronics,North,108,118.29,90.38
2023-11-18,S003,P0031,Electronics,South,87,101.75,89.68
2023-11-19,S003,P0031,Electronics,West,71,95.63,90.89
2023-11-20,S003,P0031,Electronics,South,109,134.66,90.16
2023-11-21,S003,P0031,Electronics,East,47,51.57,90.0
2023-11-22,S003,P0031,Electronics,South,104,99.07,89.73
2023-11-23,S003,P0031,Electronics,South,77,109.9,73.21
2023-11-24,S003,P0031,Electronics,South,70,66.55,88.89
2023-11-25,S003,P0031,Electronics,South,77,100.29,89.37
2023-11-26,S003,P0031,Electronics,West,98,123.07,71.11
2023-11-27,S003,P0031,Electronics,South,150,139.17,89.69
2023-11-28,S003,P0031,Electronics,West,89,93.61,89.91
2023-11-29,S003,P0031,Electronics,North,61,85.35,89.87
2023-11-30,S003,P0031,Electronics,South,97,89.96,89.85
2023-12-01,S003,P0031,Electronics,South,82,98.02,89.16
2023-12-02,S003,P0031,Electronics,East,30,43.2,89.47
2023-12-03,S003,P0031,Electronics,West,117,107.27,89.13
2023-12-04,S003,P0031,Electronics,South,81,100.61,73.27
2023-12-05,S003,P0031,Electronics,East,95,119.89,90.3
2023-12-06,S003,P0031,Electronics,East,15,18.8,70.14
2023-12-07,S003,P0031,Electronics,North,64,76.58,89.23
2023-12-08,S003,P0031,Electronics,South,89,125.78,89.21
2023-12-09,S003,P0031,Electronics,East,62,83.08,89.79
2023-12-10,S003,P0031,Electronics,East,47,48.12,88.49
2023-12-11,S003,P0031,Electronics,South,44,44.23,89.97
2023-12-12,S003,P0031,Electronics,East,124,138.1,90.67
2023-12-13,S003,P0031,Electronics,East,76,107.91,90.08
2023-12-14,S003,P0031,Electronics,West,98,106.46,89.62
2023-12-15,S003,P0031,Electronics,West,92,92.41,89.57
2023-12-16,S003,P0031,Electronics,East,101,125.3,89.66
2023-12-17,S003,P0031,Electronics,West,129,124.88,88.28
2023-12-18,S003,P0031,Electronics,South,100,99.6,91.13
2023-12-19,S003,P0031,Electronics,East,123,135.93,74.85
2023-12-20,S003,P0031,Electronics,West,77,89.09,88.32
2023-12-21,S003,P0031,Electronics,East,110,157.63,87.94
2023-12-22,S003,P0031,Electronics,West,79,112.62,88.46
2023-12-23,S003,P0031,Electronics,North,111,134.63,112.04
2023-12-24,S003,P0031,Electronics,North,56,60.72,73.53
2023-12-25,S003,P0031,Electronics,North,48,64.64,89.3
2023-12-26,S003,P0031,Electronics,West,0,0.0,91.16
2023-12-27,S003,P0031,Electronics,West,107,100.43,68.89
2023-12-28,S003,P0031,Electronics,East,91,108.85,91.14
2023-12-29,S003,P0031,Electronics,East,42,51.96,89.74
2023-12-30,S003,P0031,Electronics,West,164,151.75,94.5
2023-12-31,S003,P0031,Electronics,South,50,46.5,91.04
2023-10-01,S003,P0046,Clothing,East,72,100.8,111.47
2023-10-02,S003,P0046,Clothing,North,120,110.9,84.6
2023-10-03,S003,P0046,Clothing,South,145,145.1,106.85
2023-10-04,S003,P0046,Clothing,West,131,145.79,83.9
2023-10-05,S003,P0046,Clothing,South,89,83.81,89.13
2023-10-06,S003,P0046,Clothing,North,136,127.96,88.72
2023-10-07,S003,P0046,Clothing,West,135,156.14,90.32
2023-10-08,S003,P0046,Clothing,South,65,80.23,92.98
2023-10-09,S003,P0046,Clothing,East,29,27.99,87.43
2023-10-10,S003,P0046,Clothing,East,62,79.54,110.99
2023-10-11,S003,P0046,Clothing,South,121,120.75,107.22
2023-10-12,S003,P0046,Clothing,South,144,157.37,91.1
2023-10-13,S003,P0046,Clothing,East,93,131.74,109.23
2023-10-14,S003,P0046,Clothing,North,91,103.38,107.01
2023-10-15,S003,P0046,Clothing,West,118,119.48,90.59
2023-10-16,S003,P0046,Clothing,South,40,53.03,89.27
2023-10-17,S003,P0046,Clothing,North,129,133.57,89.92
2023-10-18,S003,P0046,Clothing,North,83,87.83,89.68
2023-10-19,S003,P0046,Clothing,West,156,174.8,88.75
2023-10-20,S003,P0046,Clothing,South,103,110.35,90.01
2023-10-21,S003,P0046,Clothing,North,86,101.02,90.22
2023-10-22,S003,P0046,Clothing,South,96,125.29,89.17
2023-10-23,S003,P0046,Clothing,West,43,51.79,90.53
2023-10-24,S003,P0046,Clothing,West,96,98.11,91.29
2023-10-25,S003,P0046,Clothing,North,77,101.01,90.22
2023-10-26,S003,P0046,Clothing,South,58,79.73,90.66
2023-10-27,S003,P0046,Clothing,North,79,83.08,90.55
2023-10-28,S003,P0046,Clothing,North,101,125.88,90.36
2023-10-29,S003,P0046,Clothing,South,83,97.52,90.98
2023-10-30,S003,P0046,Clothing,North,97,101.07,108.53
2023-10-31,S003,P0046,Clothing,West,122,111.6,89.83
2023-11-01,S003,P0046,Clothing,West,144,182.62,121.7
2023-11-02,S003,P0046,Clothing,East,175,188.07,127.93
2023-11-03,S003,P0046,Clothing,North,68,95.42,132.13
2023-11-04,S003,P0046,Clothing,North,126,144.06,126.52
2023-11-05,S003,P0046,Clothing,North,145,148.84,131.53
2023-11-06,S003,P0046,Clothing,West,141,199.06,122.72
2023-11-07,S003,P0046,Clothing,South,132,153.76,126.07
2023-11-08,S003,P0046,Clothing,South,131,156.74,129.9
2023-11-09,S003,P0046,Clothing,South,154,183.36,126.97
2023-11-10,S003,P0046,Clothing,North,166,165.29,127.74
2023-11-11,S003,P0046,Clothing,North,232,239.75,150.03
2023-11-12,S003,P0046,Clothing,North,257,240.05,142.56
2023-11-13,S003,P0046,Clothing,North,147,138.02,118.48
2023-11-14,S003,P0046,Clothing,South,80,101.64,119.31
2023-11-15,S003,P0046,Clothing,North,200,229.04,155.85
2023-11-16,S003,P0046,Clothing,East,148,149.3,126.39
2023-11-17,S003,P0046,Clothing,South,138,161.62,122.8
2023-11-18,S003,P0046,Clothing,South,156,156.1,157.74
2023-11-19,S003,P0046,Clothing,South,145,140.79,129.44
2023-11-20,S003,P0046,Clothing,East,125,125.27,115.04
2023-11-21,S003,P0046,Clothing,West,155,195.18,125.32
2023-11-22,S003,P0046,Clothing,North,147,179.17,123.64
2023-11-23,S003,P0046,Clothing,South,120,155.49,123.71
2023-11-24,S003,P0046,Clothing,East,128,162.42,124.98
2023-11-25,S003,P0046,Clothing,West,189,183.52,127.68
2023-11-26,S003,P0046,Clothing,South,58,66.97,126.75
2023-11-27,S003,P0046,Clothing,South,95,128.61,157.3
2023-11-28,S003,P0046,Clothing,North,185,203.77,121.36
2023-11-29,S003,P0046,Clothing,South,144,148.08,126.59
2023-11-30,S003,P0046,Clothing,West,136,147.36,123.25
2023-12-01,S003,P0046,Clothing,North,136,180.82,126.86
2023-12-02,S003,P0046,Clothing,West,133,182.22,131.54
2023-12-03,S003,P0046,Clothing,South,129,124.7,126.15
2023-12-04,S003,P0046,Clothing,South,189,181.8,126.11
2023-12-05,S003,P0046,Clothing,South,215,224.79,131.38
2023-12-06,S003,P0046,Clothing,East,181,172.43,124.25
2023-12-07,S003,P0046,Clothing,West,110,141.4,124.66
2023-12-08,S003,P0046,Clothing,South,70,92.97,124.5
2023-12-09,S003,P0046,Clothing,East,109,103.41,122.25
2023-12-10,S003,P0046,Clothing,East,104,108.15,122.83
2023-12-11,S003,P0046,Clothing,East,108,129.73,125.82
2023-12-12,S003,P0046,Clothing,North,94,106.69,152.59
2023-12-13,S003,P0046,Clothing,East,154,151.75,133.78
2023-12-14,S003,P0046,Clothing,East,107,110.65,124.4
2023-12-15,S003,P0046,Clothing,West,100,139.4,128.88
2023-12-16,S003,P0046,Clothing,North,56,73.66,131.57
2023-12-17,S003,P0046,Clothing,East,122,116.15,123.28
2023-12-18,S003,P0046,Clothing,East,159,156.39,120.77
2023-12-19,S003,P0046,Clothing,West,171,159.23,128.26
2023-12-20,S003,P0046,Clothing,South,111,154.73,157.97
2023-12-21,S003,P0046,Clothing,West,142,139.85,132.15
2023-12-22,S003,P0046,Clothing,West,103,143.42,126.08
2023-12-23,S003,P0046,Clothing,North,143,172.02,126.4
2023-12-24,S003,P0046,Clothing,North,188,203.19,128.92
2023-12-25,S003,P0046,Clothing,West,67,88.46,155.65
2023-12-26,S003,P0046,Clothing,East,246,242.08,125.49
2023-12-27,S003,P0046,Clothing,East,38,41.62,128.18
2023-12-28,S003,P0046,Clothing,East,184,219.64,125.86
2023-12-29,S003,P0046,Clothing,West,90,101.75,126.53
2023-12-30,S003,P0046,Clothing,North,130,137.8,129.33
2023-12-31,S003,P0046,Clothing,South,135,144.64,126.45
2023-10-01,S003,P0057,Clothing,West,162,160.58,89.85
2023-10-02,S003,P0057,Clothing,West,89,90.52,86.99
2023-10-03,S003,P0057,Clothing,East,144,178.11,90.18
2023-10-04,S003,P0057,Clothing,West,121,110.92,91.16
2023-10-05,S003,P0057,Clothing,West,35,39.58,91.9
2023-10-06,S003,P0057,Clothing,West,74,88.25,90.46
2023-10-07,S003,P0057,Clothing,North,92,111.32,90.36
2023-10-08,S003,P0057,Clothing,East,77,82.83,85.36
2023-10-09,S003,P0057,Clothing,West,118,134.46,90.24
2023-10-10,S003,P0057,Clothing,East,146,151.05,89.42
2023-10-11,S003,P0057,Clothing,West,62,88.81,90.26
2023-10-12,S003,P0057,Clothing,East,151,145.93,90.51
2023-10-13,S003,P0057,Clothing,North,69,93.64,91.29
2023-10-14,S003,P0057,Clothing,West,165,154.36,89.53
2023-10-15,S003,P0057,Clothing,West,63,74.26,88.83
2023-10-16,S003,P0057,Clothing,East,105,109.51,88.29
2023-10-17,S003,P0057,Clothing,West,96,104.81,93.48
2023-10-18,S003,P0057,Clothing,North,47,48.99,90.49
2023-10-19,S003,P0057,Clothing,South,64,77.96,88.86
2023-10-20,S003,P0057,Clothing,North,79,112.01,91.97
2023-10-21,S003,P0057,Clothing,North,107,124.78,89.7
2023-10-22,S003,P0057,Clothing,West,180,183.92,89.75
2023-10-23,S003,P0057,Clothing,West,115,137.96,107.25
2023-10-24,S003,P0057,Clothing,West,96,93.58,89.63
2023-10-25,S003,P0057,Clothing,South,55,63.9,89.74
2023-10-26,S003,P0057,Clothing,West,79,88.07,89.75
2023-10-27,S003,P0057,Clothing,South,112,129.94,89.68
2023-10-28,S003,P0057,Clothing,East,99,139.99,112.25
2023-10-29,S003,P0057,Clothing,West,106,99.08,90.09
2023-10-30,S003,P0057,Clothing,South,46,42.92,89.74
2023-10-31,S003,P0057,Clothing,South,140,156.46,90.21
2023-11-01,S003,P0057,Clothing,South,74,102.65,127.96
2023-11-02,S003,P0057,Clothing,North,132,152.95,122.9
2023-11-03,S003,P0057,Clothing,North,152,155.93,125.15
2023-11-04,S003,P0057,Clothing,East,131,144.59,123.16
2023-11-05,S003,P0057,Clothing,South,165,178.04,121.78
2023-11-06,S003,P0057,Clothing,North,178,184.26,123.43
2023-11-07,S003,P0057,Clothing,West,143,144.18,123.09
2023-11-08,S003,P0057,Clothing,North,55,77.68,127.96
2023-11-09,S003,P0057,Clothing,West,102,111.22,142.77
2023-11-10,S003,P0057,Clothing,South,201,207.84,150.02
2023-11-11,S003,P0057,Clothing,South,169,212.72,127.47
2023-11-12,S003,P0057,Clothing,West,119,137.66,127.8
2023-11-13,S003,P0057,Clothing,South,132,159.23,164.3
2023-11-14,S003,P0057,Clothing,North,45,42.26,125.87
2023-11-15,S003,P0057,Clothing,East,144,160.07,127.22
2023-11-16,S003,P0057,Clothing,East,135,190.15,157.22
2023-11-17,S003,P0057,Clothing,West,196,185.36,125.71
2023-11-18,S003,P0057,Clothing,South,160,158.82,124.76
2023-11-19,S003,P0057,Clothing,South,144,173.51,126.84
2023-11-20,S003,P0057,Clothing,West,106,104.88,127.46
2023-11-21,S003,P0057,Clothing,South,190,199.59,149.86
2023-11-22,S003,P0057,Clothing,North,139,147.43,124.43
2023-11-23,S003,P0057,Clothing,North,157,206.11,152.06
2023-11-24,S003,P0057,Clothing,North,100,113.84,125.27
2023-11-25,S003,P0057,Clothing,West,138,157.38,123.79
2023-11-26,S003,P0057,Clothing,East,112,138.03,124.7
2023-11-27,S003,P0057,Clothing,East,151,203.62,180.13
2023-11-28,S003,P0057,Clothing,South,117,156.95,130.51
2023-11-29,S003,P0057,Clothing,West,207,208.74,123.8
2023-11-30,S003,P0057,Clothing,East,112,150.03,126.37
2023-12-01,S003,P0057,Clothing,North,108,154.19,130.79
2023-12-02,S003,P0057,Clothing,East,262,259.08,125.3
2023-12-03,S003,P0057,Clothing,North,256,267.39,137.41
2023-12-04,S003,P0057,Clothing,North,59,78.16,119.29
2023-12-05,S003,P0057,Clothing,North,197,185.6,123.31
2023-12-06,S003,P0057,Clothing,West,98,94.59,140.84
2023-12-07,S003,P0057,Clothing,West,107,137.76,122.75
2023-12-08,S003,P0057,Clothing,West,161,158.55,124.09
2023-12-09,S003,P0057,Clothing,East,172,171.22,125.51
2023-12-10,S003,P0057,Clothing,North,191,203.41,152.69
2023-12-11,S003,P0057,Clothing,West,66,74.11,124.6
2023-12-12,S003,P0057,Clothing,South,162,213.19,124.97
2023-12-13,S003,P0057,Clothing,North,236,236.55,118.67
2023-12-14,S003,P0057,Clothing,South,118,152.04,125.2
2023-12-15,S003,P0057,Clothing,West,97,98.43,124.23
2023-12-16,S003,P0057,Clothing,West,97,103.47,122.98
2023-12-17,S003,P0057,Clothing,East,52,63.84,125.09
2023-12-18,S003,P0057,Clothing,South,153,173.73,134.11
2023-12-19,S003,P0057,Clothing,East,119,118.95,125.79
2023-12-20,S003,P0057,Clothing,East,146,177.17,123.23
2023-12-21,S003,P0057,Clothing,South,125,136.85,126.51
2023-12-22,S003,P0057,Clothing,North,190,176.9,126.91
2023-12-23,S003,P0057,Clothing,North,135,140.63,129.03
2023-12-24,S003,P0057,Clothing,East,97,124.04,125.45
2023-12-25,S003,P0057,Clothing,North,100,128.14,129.47
2023-12-26,S003,P0057,Clothing,South,147,143.0,126.19
2023-12-27,S003,P0057,Clothing,South,93,102.83,126.79
2023-12-28,S003,P0057,Clothing,North,62,78.61,126.64
2023-12-29,S003,P0057,Clothing,South,145,132.65,127.93
2023-12-30,S003,P0057,Clothing,South,91,98.16,126.82
2023-12-31,S003,P0057,Clothing,South,58,61.71,121.69
2023-10-01,S003,P0061,Clothing,North,128,164.73,90.03
2023-10-02,S003,P0061,Clothing,East,114,105.38,109.74
2023-10-03,S003,P0061,Clothing,East,122,125.04,90.5
2023-10-04,S003,P0061,Clothing,South,138,137.2,89.88
2023-10-05,S003,P0061,Clothing,North,134,124.8,90.7
2023-10-06,S003,P0061,Clothing,South,84,105.07,87.66
2023-10-07,S003,P0061,Clothing,South,108,125.97,92.31
2023-10-08,S003,P0061,Clothing,West,62,82.35,112.25
2023-10-09,S003,P0061,Clothing,North,99,96.89,92.89
2023-10-10,S003,P0061,Clothing,North,78,96.02,88.45
2023-10-11,S003,P0061,Clothing,South,98,98.52,89.39
2023-10-12,S003,P0061,Clothing,South,87,116.23,89.8
2023-10-13,S003,P0061,Clothing,South,59,61.64,89.96
2023-10-14,S003,P0061,Clothing,North,38,52.36,89.99
2023-10-15,S003,P0061,Clothing,North,95,93.62,90.25
2023-10-16,S003,P0061,Clothing,North,21,24.66,89.91
2023-10-17,S003,P0061,Clothing,East,100,100.36,89.59
2023-10-18,S003,P0061,Clothing,West,82,111.32,90.62
2023-10-19,S003,P0061,Clothing,North,122,139.6,103.63
2023-10-20,S003,P0061,Clothing,South,84,101.24,90.22
2023-10-21,S003,P0061,Clothing,West,107,146.51,106.59
2023-10-22,S003,P0061,Clothing,East,116,133.95,90.54
2023-10-23,S003,P0061,Clothing,West,93,87.26,90.77
2023-10-24,S003,P0061,Clothing,North,39,47.25,90.43
2023-10-25,S003,P0061,Clothing,West,109,138.47,90.29
2023-10-26,S003,P0061,Clothing,East,90,95.65,89.56
2023-10-27,S003,P0061,Clothing,West,63,64.51,89.61
2023-10-28,S003,P0061,Clothing,North,89,85.34,90.22
2023-10-29,S003,P0061,Clothing,South,138,137.63,89.88
2023-10-30,S003,P0061,Clothing,North,135,135.91,90.4
2023-10-31,S003,P0061,Clothing,East,56,71.78,90.0
2023-11-01,S003,P0061,Clothing,East,153,165.34,124.06
2023-11-02,S003,P0061,Clothing,South,123,154.2,124.97
2023-11-03,S003,P0061,Clothing,West,162,192.52,122.89
2023-11-04,S003,P0061,Clothing,East,173,179.72,130.57
2023-11-05,S003,P0061,Clothing,East,144,162.78,128.21
2023-11-06,S003,P0061,Clothing,North,189,177.09,126.69
2023-11-07,S003,P0061,Clothing,North,129,165.75,146.46
2023-11-08,S003,P0061,Clothing,South,248,286.53,156.46
2023-11-09,S003,P0061,Clothing,East,93,110.89,127.38
2023-11-10,S003,P0061,Clothing,North,116,119.71,147.38
2023-11-11,S003,P0061,Clothing,West,130,119.19,125.33
2023-11-12,S003,P0061,Clothing,North,47,47.8,126.52
2023-11-13,S003,P0061,Clothing,North,207,204.24,121.96
2023-11-14,S003,P0061,Clothing,North,55,62.45,127.41
2023-11-15,S003,P0061,Clothing,East,155,172.36,127.85
2023-11-16,S003,P0061,Clothing,West,141,178.12,128.85
2023-11-17,S003,P0061,Clothing,South,109,145.18,125.08
2023-11-18,S003,P0061,Clothing,North,166,169.9,126.51
2023-11-19,S003,P0061,Clothing,West,66,92.96,125.57
2023-11-20,S003,P0061,Clothing,North,101,140.11,129.7
2023-11-21,S003,P0061,Clothing,East,181,185.0,129.24
2023-11-22,S003,P0061,Clothing,West,188,218.99,134.81
2023-11-23,S003,P0061,Clothing,East,129,147.29,125.44
2023-11-24,S003,P0061,Clothing,South,144,137.22,125.7
2023-11-25,S003,P0061,Clothing,South,115,127.76,126.96
2023-11-26,S003,P0061,Clothing,North,128,161.95,127.08
2023-11-27,S003,P0061,Clothing,East,120,165.65,123.7
2023-11-28,S003,P0061,Clothing,North,187,177.03,125.3
2023-11-29,S003,P0061,Clothing,West,129,136.66,121.99
2023-11-30,S003,P0061,Clothing,North,121,155.53,126.98
2023-12-01,S003,P0061,Clothing,West,131,153.54,125.21
2023-12-02,S003,P0061,Clothing,North,153,143.26,128.8
2023-12-03,S003,P0061,Clothing,East,169,156.98,123.83
2023-12-04,S003,P0061,Clothing,West,83,89.26,122.39
2023-12-05,S003,P0061,Clothing,West,265,241.41,150.29
2023-12-06,S003,P0061,Clothing,West,131,132.98,122.42
2023-12-07,S003,P0061,Clothing,West,126,131.45,124.68
2023-12-08,S003,P0061,Clothing,West,197,219.58,145.19
2023-12-09,S003,P0061,Clothing,West,138,147.01,141.59
2023-12-10,S003,P0061,Clothing,East,197,197.69,136.4
2023-12-11,S003,P0061,Clothing,North,173,169.75,128.32
2023-12-12,S003,P0061,Clothing,East,94,108.25,124.03
2023-12-13,S003,P0061,Clothing,East,90,118.9,149.81
2023-12-14,S003,P0061,Clothing,East,212,198.66,125.99
2023-12-15,S003,P0061,Clothing,West,153,168.74,121.7
2023-12-16,S003,P0061,Clothing,North,117,125.15,123.38
2023-12-17,S003,P0061,Clothing,North,28,35.17,129.66
2023-12-18,S003,P0061,Clothing,South,101,136.6,125.49
2023-12-19,S003,P0061,Clothing,West,69,76.5,127.27
2023-12-20,S003,P0061,Clothing,East,122,118.43,122.6
2023-12-21,S003,P0061,Clothing,West,81,88.25,129.99
2023-12-22,S003,P0061,Clothing,South,119,110.14,125.94
2023-12-23,S003,P0061,Clothing,West,116,154.67,122.21
2023-12-24,S003,P0061,Clothing,South,110,107.13,127.35
2023-12-25,S003,P0061,Clothing,West,98,103.37,115.11
2023-12-26,S003,P0061,Clothing,West,210,207.83,127.06
2023-12-27,S003,P0061,Clothing,West,146,132.89,125.31
2023-12-28,S003,P0061,Clothing,South,138,146.6,124.01
2023-12-29,S003,P0061,Clothing,South,86,93.75,154.46
2023-12-30,S003,P0061,Clothing,East,140,151.74,126.39
2023-12-31,S003,P0061,Clothing,West,98,94.67,159.29
2023-10-01,S003,P0066,Clothing,West,60,84.82,89.64
2023-10-02,S003,P0066,Clothing,North,36,41.13,110.08
2023-10-03,S003,P0066,Clothing,North,122,165.6,90.37
2023-10-04,S003,P0066,Clothing,South,107,114.57,90.07
2023-10-05,S003,P0066,Clothing,South,52,71.29,107.98
2023-10-06,S003,P0066,Clothing,West,112,118.2,90.23
2023-10-07,S003,P0066,Clothing,West,104,103.16,90.22
2023-10-08,S003,P0066,Clothing,East,125,125.77,90.24
2023-10-09,S003,P0066,Clothing,North,90,106.22,90.68
2023-10-10,S003,P0066,Clothing,South,86,121.95,89.99
2023-10-11,S003,P0066,Clothing,North,94,117.21,91.17
2023-10-12,S003,P0066,Clothing,North,132,138.22,110.61
2023-10-13,S003,P0066,Clothing,North,46,54.79,90.07
2023-10-14,S003,P0066,Clothing,South,128,136.64,89.28
2023-10-15,S003,P0066,Clothing,North,15,20.79,89.98
2023-10-16,S003,P0066,Clothing,North,163,149.51,91.3
2023-10-17,S003,P0066,Clothing,West,119,138.39,107.07
2023-10-18,S003,P0066,Clothing,South,110,102.67,89.85
2023-10-19,S003,P0066,Clothing,West,55,61.74,90.71
2023-10-20,S003,P0066,Clothing,East,140,140.35,108.45
2023-10-21,S003,P0066,Clothing,South,143,131.87,90.53
2023-10-22,S003,P0066,Clothing,North,118,148.47,106.86
2023-10-23,S003,P0066,Clothing,East,169,173.15,88.91
2023-10-24,S003,P0066,Clothing,North,19,24.18,81.61
2023-10-25,S003,P0066,Clothing,South,45,44.79,90.52
2023-10-26,S003,P0066,Clothing,South,109,100.14,90.59
2023-10-27,S003,P0066,Clothing,East,107,101.37,91.0
2023-10-28,S003,P0066,Clothing,South,70,76.19,89.93
2023-10-29,S003,P0066,Clothing,North,80,110.87,90.01
2023-10-30,S003,P0066,Clothing,South,81,84.04,89.9
2023-10-31,S003,P0066,Clothing,West,84,103.32,90.46
2023-11-01,S003,P0066,Clothing,North,123,132.66,125.39
2023-11-02,S003,P0066,Clothing,East,185,198.33,119.47
2023-11-03,S003,P0066,Clothing,South,95,118.09,120.72
2023-11-04,S003,P0066,Clothing,West,161,180.79,122.21
2023-11-05,S003,P0066,Clothing,North,217,219.34,122.07
2023-11-06,S003,P0066,Clothing,East,149,153.71,119.57
2023-11-07,S003,P0066,Clothing,East,182,180.28,123.91
2023-11-08,S003,P0066,Clothing,West,44,60.04,125.93
2023-11-09,S003,P0066,Clothing,South,88,90.73,128.77
2023-11-10,S003,P0066,Clothing,North,115,122.18,129.02
2023-11-11,S003,P0066,Clothing,North,133,149.11,123.93
2023-11-12,S003,P0066,Clothing,West,144,170.98,126.04
2023-11-13,S003,P0066,Clothing,South,182,183.77,126.35
2023-11-14,S003,P0066,Clothing,East,111,136.27,147.16
2023-11-15,S003,P0066,Clothing,South,159,205.16,130.17
2023-11-16,S003,P0066,Clothing,West,165,165.93,124.72
2023-11-17,S003,P0066,Clothing,North,48,56.96,130.24
2023-11-18,S003,P0066,Clothing,North,98,90.5,142.72
2023-11-19,S003,P0066,Clothing,South,50,67.12,127.83
2023-11-20,S003,P0066,Clothing,North,111,136.61,125.95
2023-11-21,S003,P0066,Clothing,North,146,157.35,125.32
2023-11-22,S003,P0066,Clothing,East,160,181.29,124.55
2023-11-23,S003,P0066,Clothing,West,164,172.26,123.65
2023-11-24,S003,P0066,Clothing,South,156,162.48,127.12
2023-11-25,S003,P0066,Clothing,North,207,198.84,125.46
2023-11-26,S003,P0066,Clothing,East,81,112.68,123.34
2023-11-27,S003,P0066,Clothing,West,100,120.83,126.57
2023-11-28,S003,P0066,Clothing,East,148,174.09,142.18
2023-11-29,S003,P0066,Clothing,North,142,154.15,124.01
2023-11-30,S003,P0066,Clothing,North,106,145.6,123.57
2023-12-01,S003,P0066,Clothing,East,96,99.11,126.39
2023-12-02,S003,P0066,Clothing,North,99,119.02,126.97
2023-12-03,S003,P0066,Clothing,North,156,188.99,131.19
2023-12-04,S003,P0066,Clothing,East,146,169.77,126.74
2023-12-05,S003,P0066,Clothing,East,147,160.78,129.45
2023-12-06,S003,P0066,Clothing,North,85,97.03,156.56
2023-12-07,S003,P0066,Clothing,North,88,121.23,123.33
2023-12-08,S003,P0066,Clothing,South,72,87.58,127.6
2023-12-09,S003,P0066,Clothing,East,101,111.43,121.36
2023-12-10,S003,P0066,Clothing,West,129,141.87,130.41
2023-12-11,S003,P0066,Clothing,West,144,133.5,121.71
2023-12-12,S003,P0066,Clothing,West,167,171.63,123.78
2023-12-13,S003,P0066,Clothing,North,91,124.03,149.0
2023-12-14,S003,P0066,Clothing,South,102,97.74,122.28
2023-12-15,S003,P0066,Clothing,North,203,203.19,138.04
2023-12-16,S003,P0066,Clothing,West,106,99.91,126.36
2023-12-17,S003,P0066,Clothing,North,114,132.49,126.65
2023-12-18,S003,P0066,Clothing,North,66,76.88,125.88
2023-12-19,S003,P0066,Clothing,North,114,135.59,128.91
2023-12-20,S003,P0066,Clothing,South,105,118.54,129.38
2023-12-21,S003,P0066,Clothing,West,98,120.45,121.07
2023-12-22,S003,P0066,Clothing,West,124,132.04,142.25
2023-12-23,S003,P0066,Clothing,North,133,178.79,126.3
2023-12-24,S003,P0066,Clothing,North,81,103.12,118.4
2023-12-25,S003,P0066,Clothing,South,138,159.29,121.06
2023-12-26,S003,P0066,Clothing,West,42,57.47,121.08
2023-12-27,S003,P0066,Clothing,West,185,194.72,126.26
2023-12-28,S003,P0066,Clothing,South,137,127.64,138.18
2023-12-29,S003,P0066,Clothing,South,125,131.98,121.88
2023-12-30,S003,P0066,Clothing,North,254,249.65,144.95
2023-12-31,S003,P0066,Clothing,West,151,168.1,124.51
2023-10-01,S003,P0067,Furniture,West,51,70.4,91.42
2023-10-02,S003,P0067,Furniture,West,87,88.44,90.1
2023-10-03,S003,P0067,Furniture,West,104,103.57,90.88
2023-10-04,S003,P0067,Furniture,East,62,56.93,111.52
2023-10-05,S003,P0067,Furniture,East,50,52.23,90.72
2023-10-06,S003,P0067,Furniture,North,126,152.3,90.91
2023-10-07,S003,P0067,Furniture,South,163,172.96,90.31
2023-10-08,S003,P0067,Furniture,South,114,118.08,110.16
2023-10-09,S003,P0067,Furniture,South,59,64.73,89.68
2023-10-10,S003,P0067,Furniture,West,105,126.3,89.54
2023-10-11,S003,P0067,Furniture,South,92,84.94,89.98
2023-10-12,S003,P0067,Furniture,South,59,65.34,90.17
2023-10-13,S003,P0067,Furniture,South,83,104.18,89.61
2023-10-14,S003,P0067,Furniture,South,139,166.17,107.73
2023-10-15,S003,P0067,Furniture,North,103,124.46,90.69
2023-10-16,S003,P0067,Furniture,North,129,126.25,91.04
2023-10-17,S003,P0067,Furniture,West,138,138.12,89.96
2023-10-18,S003,P0067,Furniture,West,69,96.66,90.59
2023-10-19,S003,P0067,Furniture,West,94,100.41,89.69
2023-10-20,S003,P0067,Furniture,South,34,38.49,96.43
2023-10-21,S003,P0067,Furniture,West,56,58.18,90.87
2023-10-22,S003,P0067,Furniture,West,134,141.42,90.24
2023-10-23,S003,P0067,Furniture,South,140,165.27,109.76
2023-10-24,S003,P0067,Furniture,North,125,168.39,110.39
2023-10-25,S003,P0067,Furniture,South,60,85.81,90.6
2023-10-26,S003,P0067,Furniture,West,106,99.14,90.05
2023-10-27,S003,P0067,Furniture,North,108,111.55,90.49
2023-10-28,S003,P0067,Furniture,North,122,170.02,90.03
2023-10-29,S003,P0067,Furniture,East,127,145.89,89.51
2023-10-30,S003,P0067,Furniture,West,78,106.38,88.18
2023-10-31,S003,P0067,Furniture,South,58,62.93,90.0
2023-11-01,S003,P0067,Furniture,South,77,81.04,89.52
2023-11-02,S003,P0067,Furniture,West,66,91.73,88.26
2023-11-03,S003,P0067,Furniture,West,56,71.19,88.84
2023-11-04,S003,P0067,Furniture,West,78,96.07,88.13
2023-11-05,S003,P0067,Furniture,East,86,112.07,89.24
2023-11-06,S003,P0067,Furniture,South,69,76.45,89.04
2023-11-07,S003,P0067,Furniture,South,95,125.79,92.2
2023-11-08,S003,P0067,Furniture,West,71,95.28,88.88
2023-11-09,S003,P0067,Furniture,South,51,66.84,90.35
2023-11-10,S003,P0067,Furniture,East,111,121.47,87.02
2023-11-11,S003,P0067,Furniture,North,95,108.16,89.27
2023-11-12,S003,P0067,Furniture,East,68,79.94,89.75
2023-11-13,S003,P0067,Furniture,West,102,99.13,89.66
2023-11-14,S003,P0067,Furniture,West,103,141.29,105.97
2023-11-15,S003,P0067,Furniture,West,132,146.31,111.87
2023-11-16,S003,P0067,Furniture,West,78,94.19,90.85
2023-11-17,S003,P0067,Furniture,East,64,80.84,87.22
2023-11-18,S003,P0067,Furniture,West,102,133.01,87.9
2023-11-19,S003,P0067,Furniture,South,43,62.27,88.28
2023-11-20,S003,P0067,Furniture,West,17,23.62,91.7
2023-11-21,S003,P0067,Furniture,North,110,123.64,94.9
2023-11-22,S003,P0067,Furniture,North,178,165.94,110.59
2023-11-23,S003,P0067,Furniture,South,107,116.07,94.74
2023-11-24,S003,P0067,Furniture,North,88,86.05,89.06
2023-11-25,S003,P0067,Furniture,East,125,143.41,107.68
2023-11-26,S003,P0067,Furniture,South,25,30.02,89.05
2023-11-27,S003,P0067,Furniture,West,129,139.85,106.21
2023-11-28,S003,P0067,Furniture,South,95,115.16,94.1
2023-11-29,S003,P0067,Furniture,West,79,72.14,93.5
2023-11-30,S003,P0067,Furniture,East,150,142.96,109.31
2023-12-01,S003,P0067,Furniture,North,117,117.57,87.38
2023-12-02,S003,P0067,Furniture,West,150,171.41,110.7
2023-12-03,S003,P0067,Furniture,West,128,135.98,109.66
2023-12-04,S003,P0067,Furniture,West,72,67.12,106.77
2023-12-05,S003,P0067,Furniture,North,134,122.98,91.08
2023-12-06,S003,P0067,Furniture,East,97,89.35,97.02
2023-12-07,S003,P0067,Furniture,South,140,174.22,84.85
2023-12-08,S003,P0067,Furniture,West,44,54.53,92.65
2023-12-09,S003,P0067,Furniture,East,45,48.52,92.42
2023-12-10,S003,P0067,Furniture,North,187,183.01,89.4
2023-12-11,S003,P0067,Furniture,North,99,140.7,111.14
2023-12-12,S003,P0067,Furniture,East,82,87.83,93.86
2023-12-13,S003,P0067,Furniture,South,59,56.03,107.72
2023-12-14,S003,P0067,Furniture,South,103,109.12,90.63
2023-12-15,S003,P0067,Furniture,East,128,165.32,87.48
2023-12-16,S003,P0067,Furniture,South,84,77.21,86.5
2023-12-17,S003,P0067,Furniture,East,73,89.17,85.48
2023-12-18,S003,P0067,Furniture,East,64,79.48,90.6
2023-12-19,S003,P0067,Furniture,East,196,180.57,89.23
2023-12-20,S003,P0067,Furniture,North,26,29.91,88.6
2023-12-21,S003,P0067,Furniture,North,61,71.78,106.52
2023-12-22,S003,P0067,Furniture,North,9,13.72,88.25
2023-12-23,S003,P0067,Furniture,South,114,124.01,114.09
2023-12-24,S003,P0067,Furniture,East,95,105.63,88.57
2023-12-25,S003,P0067,Furniture,East,150,139.39,89.64
2023-12-26,S003,P0067,Furniture,South,109,118.78,89.99
2023-12-27,S003,P0067,Furniture,South,114,160.55,89.0
2023-12-28,S003,P0067,Furniture,South,126,122.04,91.19
2023-12-29,S003,P0067,Furniture,South,54,76.57,88.0
2023-12-30,S003,P0067,Furniture,West,100,113.35,104.43
2023-12-31,S003,P0067,Furniture,East,81,98.84,88.71
2023-10-01,S003,P0068,Electronics,East,41,50.87,69.22
2023-10-02,S003,P0068,Electronics,East,111,116.78,71.9
2023-10-03,S003,P0068,Electronics,South,87,86.32,73.02
2023-10-04,S003,P0068,Electronics,East,117,140.76,89.54
2023-10-05,S003,P0068,Electronics,East,93,96.38,71.73
2023-10-06,S003,P0068,Electronics,West,56,65.22,73.74
2023-10-07,S003,P0068,Electronics,North,56,55.33,90.1
2023-10-08,S003,P0068,Electronics,North,78,92.11,89.0
2023-10-09,S003,P0068,Electronics,West,60,61.22,72.48
2023-10-10,S003,P0068,Electronics,East,152,165.06,88.53
2023-10-11,S003,P0068,Electronics,North,46,65.97,68.85
2023-10-12,S003,P0068,Electronics,South,132,132.01,88.33
2023-10-13,S003,P0068,Electronics,West,160,148.55,88.95
2023-10-14,S003,P0068,Electronics,South,108,134.81,90.57
2023-10-15,S003,P0068,Electronics,South,86,98.21,90.42
2023-10-16,S003,P0068,Electronics,North,150,145.27,90.01
2023-10-17,S003,P0068,Electronics,South,113,108.64,85.23
2023-10-18,S003,P0068,Electronics,North,82,107.12,104.6
2023-10-19,S003,P0068,Electronics,South,48,68.07,87.17
2023-10-20,S003,P0068,Electronics,West,62,70.33,90.93
2023-10-21,S003,P0068,Electronics,East,74,69.3,90.11
2023-10-22,S003,P0068,Electronics,North,97,132.85,89.72
2023-10-23,S003,P0068,Electronics,North,128,125.54,90.2
2023-10-24,S003,P0068,Electronics,East,66,73.08,90.44
2023-10-25,S003,P0068,Electronics,South,108,116.27,88.96
2023-10-26,S003,P0068,Electronics,North,147,136.25,106.05
2023-10-27,S003,P0068,Electronics,West,121,111.7,89.97
2023-10-28,S003,P0068,Electronics,North,88,85.15,91.31
2023-10-29,S003,P0068,Electronics,West,159,189.24,105.74
2023-10-30,S003,P0068,Electronics,East,120,143.46,74.08
2023-10-31,S003,P0068,Electronics,East,119,131.63,91.81
2023-11-01,S003,P0068,Electronics,East,50,62.47,79.96
2023-11-02,S003,P0068,Electronics,East,87,104.66,71.0
2023-11-03,S003,P0068,Electronics,South,42,60.52,72.91
2023-11-04,S003,P0068,Electronics,North,52,73.67,72.48
2023-11-05,S003,P0068,Electronics,South,88,114.22,92.38
2023-11-06,S003,P0068,Electronics,West,60,82.89,106.51
2023-11-07,S003,P0068,Electronics,East,70,80.82,68.92
2023-11-08,S003,P0068,Electronics,East,119,116.37,87.62
2023-11-09,S003,P0068,Electronics,West,50,67.46,90.49
2023-11-10,S003,P0068,Electronics,West,102,118.0,86.91
2023-11-11,S003,P0068,Electronics,North,54,73.28,91.63
2023-11-12,S003,P0068,Electronics,South,41,48.35,90.02
2023-11-13,S003,P0068,Electronics,West,91,86.58,107.08
2023-11-14,S003,P0068,Electronics,East,46,58.46,72.35
2023-11-15,S003,P0068,Electronics,West,185,186.28,105.42
2023-11-16,S003,P0068,Electronics,East,88,109.96,103.11
2023-11-17,S003,P0068,Electronics,West,98,92.52,87.66
2023-11-18,S003,P0068,Electronics,East,110,109.68,89.37
2023-11-19,S003,P0068,Electronics,South,62,79.12,88.95
2023-11-20,S003,P0068,Electronics,East,51,61.93,88.87
2023-11-21,S003,P0068,Electronics,North,91,117.79,89.47
2023-11-22,S003,P0068,Electronics,North,72,96.45,72.59
2023-11-23,S003,P0068,Electronics,East,40,54.25,89.65
2023-11-24,S003,P0068,Electronics,North,46,66.56,107.93
2023-11-25,S003,P0068,Electronics,North,96,92.44,89.97
2023-11-26,S003,P0068,Electronics,West,64,87.97,72.34
2023-11-27,S003,P0068,Electronics,East,70,64.6,89.66
2023-11-28,S003,P0068,Electronics,South,120,112.92,87.58
2023-11-29,S003,P0068,Electronics,East,41,43.16,91.03
2023-11-30,S003,P0068,Electronics,South,145,195.03,99.04
2023-12-01,S003,P0068,Electronics,North,54,72.06,92.02
2023-12-02,S003,P0068,Electronics,South,67,93.52,90.95
2023-12-03,S003,P0068,Electronics,East,154,179.65,109.07
2023-12-04,S003,P0068,Electronics,East,59,77.92,72.64
2023-12-05,S003,P0068,Electronics,North,96,117.29,90.95
2023-12-06,S003,P0068,Electronics,North,145,145.17,86.63
2023-12-07,S003,P0068,Electronics,South,50,49.38,91.69
2023-12-08,S003,P0068,Electronics,West,88,96.87,74.03
2023-12-09,S003,P0068,Electronics,South,83,88.02,73.19
2023-12-10,S003,P0068,Electronics,East,72,101.76,87.97
2023-12-11,S003,P0068,Electronics,North,59,55.17,88.26
2023-12-12,S003,P0068,Electronics,West,143,153.56,89.08
2023-12-13,S003,P0068,Electronics,East,168,164.97,89.52
2023-12-14,S003,P0068,Electronics,North,106,121.9,88.84
2023-12-15,S003,P0068,Electronics,South,60,78.03,89.12
2023-12-16,S003,P0068,Electronics,West,116,120.97,88.11
2023-12-17,S003,P0068,Electronics,South,90,107.7,89.18
2023-12-18,S003,P0068,Electronics,West,62,70.37,87.43
2023-12-19,S003,P0068,Electronics,South,95,96.46,92.12
2023-12-20,S003,P0068,Electronics,West,112,103.39,88.38
2023-12-21,S003,P0068,Electronics,West,109,105.26,89.98
2023-12-22,S003,P0068,Electronics,North,88,88.26,92.42
2023-12-23,S003,P0068,Electronics,East,49,55.66,89.6
2023-12-24,S003,P0068,Electronics,West,110,145.49,85.4
2023-12-25,S003,P0068,Electronics,North,153,149.82,90.61
2023-12-26,S003,P0068,Electronics,South,163,172.75,106.02
2023-12-27,S003,P0068,Electronics,West,98,124.24,89.36
2023-12-28,S003,P0068,Electronics,South,58,68.89,81.66
2023-12-29,S003,P0068,Electronics,West,96,112.77,83.32
2023-12-30,S003,P0068,Electronics,South,105,96.21,73.11
2023-12-31,S003,P0068,Electronics,West,34,42.96,87.54
2023-10-01,S003,P0069,Clothing,West,33,38.22,89.56
2023-10-02,S003,P0069,Clothing,South,97,117.55,89.74
2023-10-03,S003,P0069,Clothing,West,94,99.65,89.8
2023-10-04,S003,P0069,Clothing,West,82,86.75,90.52
2023-10-05,S003,P0069,Clothing,West,69,77.53,107.11
2023-10-06,S003,P0069,Clothing,East,41,46.12,91.14
2023-10-07,S003,P0069,Clothing,West,103,99.38,89.78
2023-10-08,S003,P0069,Clothing,South,147,139.73,90.01
2023-10-09,S003,P0069,Clothing,East,63,72.24,92.1
2023-10-10,S003,P0069,Clothing,South,146,180.82,106.58
2023-10-11,S003,P0069,Clothing,North,83,91.56,90.36
2023-10-12,S003,P0069,Clothing,North,63,78.64,89.82
2023-10-13,S003,P0069,Clothing,North,91,112.34,90.6
2023-10-14,S003,P0069,Clothing,East,115,126.81,89.39
2023-10-15,S003,P0069,Clothing,North,77,96.83,90.05
2023-10-16,S003,P0069,Clothing,West,114,159.55,105.46
2023-10-17,S003,P0069,Clothing,East,35,49.35,89.68
2023-10-18,S003,P0069,Clothing,East,98,112.6,110.42
2023-10-19,S003,P0069,Clothing,East,75,99.51,89.67
2023-10-20,S003,P0069,Clothing,South,101,107.1,89.62
2023-10-21,S003,P0069,Clothing,East,32,31.19,90.47
2023-10-22,S003,P0069,Clothing,West,72,73.57,91.29
2023-10-23,S003,P0069,Clothing,North,85,79.54,90.31
2023-10-24,S003,P0069,Clothing,West,145,163.51,90.3
2023-10-25,S003,P0069,Clothing,North,88,105.87,90.72
2023-10-26,S003,P0069,Clothing,South,68,78.4,91.81
2023-10-27,S003,P0069,Clothing,West,53,65.92,90.92
2023-10-28,S003,P0069,Clothing,West,111,102.82,90.63
2023-10-29,S003,P0069,Clothing,North,65,88.42,106.58
2023-10-30,S003,P0069,Clothing,West,89,97.27,90.4
2023-10-31,S003,P0069,Clothing,North,146,137.48,90.13
2023-11-01,S003,P0069,Clothing,West,236,240.31,131.78
2023-11-02,S003,P0069,Clothing,West,251,237.6,122.8
2023-11-03,S003,P0069,Clothing,West,97,136.51,134.15
2023-11-04,S003,P0069,Clothing,East,74,104.46,128.6
2023-11-05,S003,P0069,Clothing,South,96,128.41,159.74
2023-11-06,S003,P0069,Clothing,North,125,127.73,126.84
2023-11-07,S003,P0069,Clothing,North,157,195.46,130.14
2023-11-08,S003,P0069,Clothing,West,162,191.08,124.94
2023-11-09,S003,P0069,Clothing,East,98,109.46,124.37
2023-11-10,S003,P0069,Clothing,North,114,148.35,127.73
2023-11-11,S003,P0069,Clothing,West,134,131.91,129.56
2023-11-12,S003,P0069,Clothing,South,190,186.04,125.04
2023-11-13,S003,P0069,Clothing,North,198,180.7,123.58
2023-11-14,S003,P0069,Clothing,West,34,43.24,126.81
2023-11-15,S003,P0069,Clothing,West,110,109.33,126.49
2023-11-16,S003,P0069,Clothing,South,141,149.48,126.78
2023-11-17,S003,P0069,Clothing,South,98,119.97,126.22
2023-11-18,S003,P0069,Clothing,North,118,114.61,125.47
2023-11-19,S003,P0069,Clothing,East,94,130.38,155.36
2023-11-20,S003,P0069,Clothing,North,82,95.79,122.2
2023-11-21,S003,P0069,Clothing,West,96,119.65,121.27
2023-11-22,S003,P0069,Clothing,South,95,125.76,129.84
2023-11-23,S003,P0069,Clothing,North,158,224.05,120.81
2023-11-24,S003,P0069,Clothing,South,221,245.6,121.63
2023-11-25,S003,P0069,Clothing,North,113,154.07,124.41
2023-11-26,S003,P0069,Clothing,West,138,137.16,125.09
2023-11-27,S003,P0069,Clothing,South,145,140.68,126.04
2023-11-28,S003,P0069,Clothing,East,158,160.65,128.89
2023-11-29,S003,P0069,Clothing,North,155,212.51,149.26
2023-11-30,S003,P0069,Clothing,West,99,109.23,123.14
2023-12-01,S003,P0069,Clothing,South,123,146.65,126.72
2023-12-02,S003,P0069,Clothing,West,101,114.21,124.42
2023-12-03,S003,P0069,Clothing,North,115,112.37,125.83
2023-12-04,S003,P0069,Clothing,East,134,125.08,125.7
2023-12-05,S003,P0069,Clothing,North,82,97.64,128.88
2023-12-06,S003,P0069,Clothing,South,180,185.39,125.77
2023-12-07,S003,P0069,Clothing,East,133,159.48,129.61
2023-12-08,S003,P0069,Clothing,South,71,68.5,128.23
2023-12-09,S003,P0069,Clothing,North,133,163.3,121.79
2023-12-10,S003,P0069,Clothing,East,105,111.86,130.04
2023-12-11,S003,P0069,Clothing,West,86,95.08,131.84
2023-12-12,S003,P0069,Clothing,East,81,104.82,122.6
2023-12-13,S003,P0069,Clothing,South,69,79.16,139.08
2023-12-14,S003,P0069,Clothing,West,132,132.11,119.82
2023-12-15,S003,P0069,Clothing,East,166,159.95,120.43
2023-12-16,S003,P0069,Clothing,East,195,177.79,137.88
2023-12-17,S003,P0069,Clothing,East,91,95.07,131.09
2023-12-18,S003,P0069,Clothing,West,136,164.37,125.47
2023-12-19,S003,P0069,Clothing,East,125,128.36,125.03
2023-12-20,S003,P0069,Clothing,North,141,177.63,122.06
2023-12-21,S003,P0069,Clothing,South,167,173.68,123.59
2023-12-22,S003,P0069,Clothing,East,72,94.08,123.25
2023-12-23,S003,P0069,Clothing,North,249,234.52,127.29
2023-12-24,S003,P0069,Clothing,West,149,207.72,122.98
2023-12-25,S003,P0069,Clothing,North,68,94.25,131.1
2023-12-26,S003,P0069,Clothing,East,157,210.04,154.3
2023-12-27,S003,P0069,Clothing,East,61,57.17,127.94
2023-12-28,S003,P0069,Clothing,South,159,190.58,124.46
2023-12-29,S003,P0069,Clothing,South,88,124.56,123.26
2023-12-30,S003,P0069,Clothing,West,157,196.74,124.54
2023-12-31,S003,P0069,Clothing,North,79,85.61,127.29
2023-10-01,S003,P0070,Electronics,East,121,114.6,90.03
2023-10-02,S003,P0070,Electronics,East,129,174.38,108.53
2023-10-03,S003,P0070,Electronics,South,80,74.67,89.64
2023-10-04,S003,P0070,Electronics,South,152,142.27,89.78
2023-10-05,S003,P0070,Electronics,West,57,72.33,89.1
2023-10-06,S003,P0070,Electronics,South,67,92.57,89.29
2023-10-07,S003,P0070,Electronics,East,116,111.13,89.33
2023-10-08,S003,P0070,Electronics,East,74,70.77,89.63
2023-10-09,S003,P0070,Electronics,East,205,213.4,108.75
2023-10-10,S003,P0070,Electronics,North,108,137.04,104.97
2023-10-11,S003,P0070,Electronics,East,115,114.36,73.32
2023-10-12,S003,P0070,Electronics,West,68,82.14,70.46
2023-10-13,S003,P0070,Electronics,West,48,51.9,70.53
2023-10-14,S003,P0070,Electronics,North,95,101.27,90.69
2023-10-15,S003,P0070,Electronics,West,107,103.09,91.5
2023-10-16,S003,P0070,Electronics,East,46,61.23,91.72
2023-10-17,S003,P0070,Electronics,West,55,57.83,89.45
2023-10-18,S003,P0070,Electronics,West,100,103.85,89.17
2023-10-19,S003,P0070,Electronics,South,123,116.27,88.4
2023-10-20,S003,P0070,Electronics,North,173,182.07,108.63
2023-10-21,S003,P0070,Electronics,East,98,106.64,89.17
2023-10-22,S003,P0070,Electronics,South,154,156.18,90.65
2023-10-23,S003,P0070,Electronics,East,60,56.36,73.18
2023-10-24,S003,P0070,Electronics,North,76,104.34,90.75
2023-10-25,S003,P0070,Electronics,East,92,118.38,90.42
2023-10-26,S003,P0070,Electronics,East,71,79.69,68.52
2023-10-27,S003,P0070,Electronics,South,176,169.51,89.32
2023-10-28,S003,P0070,Electronics,West,112,155.68,107.38
2023-10-29,S003,P0070,Electronics,West,132,147.51,71.56
2023-10-30,S003,P0070,Electronics,East,21,24.95,88.83
2023-10-31,S003,P0070,Electronics,East,114,106.65,89.11
2023-11-01,S003,P0070,Electronics,East,64,81.09,70.47
2023-11-02,S003,P0070,Electronics,East,93,111.11,90.94
2023-11-03,S003,P0070,Electronics,South,59,67.78,89.57
2023-11-04,S003,P0070,Electronics,West,71,83.03,89.47
2023-11-05,S003,P0070,Electronics,South,134,137.42,87.81
2023-11-06,S003,P0070,Electronics,South,77,90.85,89.17
2023-11-07,S003,P0070,Electronics,North,78,77.73,72.17
2023-11-08,S003,P0070,Electronics,South,107,143.84,90.47
2023-11-09,S003,P0070,Electronics,North,155,153.78,90.23
2023-11-10,S003,P0070,Electronics,South,80,81.22,83.73
2023-11-11,S003,P0070,Electronics,North,94,96.05,88.52
2023-11-12,S003,P0070,Electronics,South,85,95.93,90.76
2023-11-13,S003,P0070,Electronics,South,127,155.84,89.98
2023-11-14,S003,P0070,Electronics,East,40,50.71,89.83
2023-11-15,S003,P0070,Electronics,East,44,45.02,69.7
2023-11-16,S003,P0070,Electronics,East,132,162.99,104.45
2023-11-17,S003,P0070,Electronics,South,78,84.19,89.63
2023-11-18,S003,P0070,Electronics,West,112,135.06,88.78
2023-11-19,S003,P0070,Electronics,South,91,111.09,89.27
2023-11-20,S003,P0070,Electronics,West,171,157.1,89.66
2023-11-21,S003,P0070,Electronics,South,129,135.12,72.84
2023-11-22,S003,P0070,Electronics,West,94,108.96,79.3
2023-11-23,S003,P0070,Electronics,South,48,56.56,90.35
2023-11-24,S003,P0070,Electronics,East,114,159.16,90.31
2023-11-25,S003,P0070,Electronics,South,81,94.72,72.15
2023-11-26,S003,P0070,Electronics,West,43,45.95,70.23
2023-11-27,S003,P0070,Electronics,South,16,16.93,88.73
2023-11-28,S003,P0070,Electronics,East,85,95.2,88.89
2023-11-29,S003,P0070,Electronics,East,136,124.96,88.98
2023-11-30,S003,P0070,Electronics,North,47,67.8,70.6
2023-12-01,S003,P0070,Electronics,East,122,138.24,88.84
2023-12-02,S003,P0070,Electronics,East,89,112.13,107.27
2023-12-03,S003,P0070,Electronics,North,113,115.81,87.25
2023-12-04,S003,P0070,Electronics,West,70,83.95,108.6
2023-12-05,S003,P0070,Electronics,South,86,122.42,89.42
2023-12-06,S003,P0070,Electronics,North,102,103.54,89.11
2023-12-07,S003,P0070,Electronics,East,48,53.47,89.62
2023-12-08,S003,P0070,Electronics,West,112,113.55,89.32
2023-12-09,S003,P0070,Electronics,East,74,99.83,88.76
2023-12-10,S003,P0070,Electronics,North,101,132.22,71.2
2023-12-11,S003,P0070,Electronics,East,139,153.01,89.04
2023-12-12,S003,P0070,Electronics,West,121,110.47,74.13
2023-12-13,S003,P0070,Electronics,East,88,112.08,88.44
2023-12-14,S003,P0070,Electronics,South,24,30.08,89.02
2023-12-15,S003,P0070,Electronics,West,159,178.82,86.38
2023-12-16,S003,P0070,Electronics,West,51,59.52,90.23
2023-12-17,S003,P0070,Electronics,South,70,96.73,88.75
2023-12-18,S003,P0070,Electronics,South,101,115.18,89.14
2023-12-19,S003,P0070,Electronics,East,57,56.39,71.02
2023-12-20,S003,P0070,Electronics,South,45,64.58,88.72
2023-12-21,S003,P0070,Electronics,West,136,131.66,108.58
2023-12-22,S003,P0070,Electronics,West,46,65.7,71.34
2023-12-23,S003,P0070,Electronics,East,90,90.15,91.59
2023-12-24,S003,P0070,Electronics,West,42,47.42,74.55
2023-12-25,S003,P0070,Electronics,West,70,82.66,72.36
2023-12-26,S003,P0070,Electronics,West,137,137.63,88.69
2023-12-27,S003,P0070,Electronics,South,82,115.45,89.42
2023-12-28,S003,P0070,Electronics,East,174,165.73,88.29
2023-12-29,S003,P0070,Electronics,South,82,80.39,88.71
2023-12-30,S003,P0070,Electronics,East,97,97.4,89.55
2023-12-31,S003,P0070,Electronics,West,89,112.57,106.22
2023-10-01,S003,P0079,Furniture,North,70,93.8,91.02
2023-10-02,S003,P0079,Furniture,South,88,86.92,90.15
2023-10-03,S003,P0079,Furniture,North,28,39.09,90.67
2023-10-04,S003,P0079,Furniture,North,77,101.3,91.37
2023-10-05,S003,P0079,Furniture,West,81,82.62,90.31
2023-10-06,S003,P0079,Furniture,East,107,132.51,90.48
2023-10-07,S003,P0079,Furniture,West,137,138.2,89.96
2023-10-08,S003,P0079,Furniture,North,52,74.82,90.18
2023-10-09,S003,P0079,Furniture,South,70,79.35,89.66
2023-10-10,S003,P0079,Furniture,South,73,74.48,89.91
2023-10-11,S003,P0079,Furniture,East,81,105.22,90.25
2023-10-12,S003,P0079,Furniture,West,92,109.42,90.48
2023-10-13,S003,P0079,Furniture,South,96,112.11,91.71
2023-10-14,S003,P0079,Furniture,North,97,91.93,106.49
2023-10-15,S003,P0079,Furniture,North,56,71.14,90.86
2023-10-16,S003,P0079,Furniture,North,94,121.78,90.61
2023-10-17,S003,P0079,Furniture,South,120,137.53,90.54
2023-10-18,S003,P0079,Furniture,East,59,64.85,90.39
2023-10-19,S003,P0079,Furniture,South,142,132.19,90.86
2023-10-20,S003,P0079,Furniture,West,140,149.96,90.93
2023-10-21,S003,P0079,Furniture,East,105,137.04,108.26
2023-10-22,S003,P0079,Furniture,North,99,96.79,90.92
2023-10-23,S003,P0079,Furniture,North,124,123.56,94.44
2023-10-24,S003,P0079,Furniture,West,97,106.23,92.02
2023-10-25,S003,P0079,Furniture,North,95,115.21,107.02
2023-10-26,S003,P0079,Furniture,North,85,106.3,90.82
2023-10-27,S003,P0079,Furniture,North,141,130.83,90.24
2023-10-28,S003,P0079,Furniture,South,71,99.03,88.88
2023-10-29,S003,P0079,Furniture,East,57,66.25,89.87
2023-10-30,S003,P0079,Furniture,East,61,72.23,90.34
2023-10-31,S003,P0079,Furniture,West,74,87.67,89.98
2023-11-01,S003,P0079,Furniture,North,141,180.69,89.97
2023-11-02,S003,P0079,Furniture,West,102,110.49,88.86
2023-11-03,S003,P0079,Furniture,East,60,77.18,87.43
2023-11-04,S003,P0079,Furniture,South,109,107.7,88.15
2023-11-05,S003,P0079,Furniture,West,107,111.48,89.86
2023-11-06,S003,P0079,Furniture,South,109,127.15,91.45
2023-11-07,S003,P0079,Furniture,East,98,127.93,90.75
2023-11-08,S003,P0079,Furniture,South,58,66.73,90.65
2023-11-09,S003,P0079,Furniture,East,69,77.05,90.81
2023-11-10,S003,P0079,Furniture,North,47,62.51,87.68
2023-11-11,S003,P0079,Furniture,South,73,71.81,87.69
2023-11-12,S003,P0079,Furniture,East,88,95.86,89.51
2023-11-13,S003,P0079,Furniture,West,80,112.48,103.49
2023-11-14,S003,P0079,Furniture,South,114,106.41,89.53
2023-11-15,S003,P0079,Furniture,North,47,58.51,89.11
2023-11-16,S003,P0079,Furniture,South,88,115.77,89.01
2023-11-17,S003,P0079,Furniture,West,47,55.49,87.99
2023-11-18,S003,P0079,Furniture,East,104,116.35,87.21
2023-11-19,S003,P0079,Furniture,East,54,63.89,88.64
2023-11-20,S003,P0079,Furniture,West,66,65.94,108.05
2023-11-21,S003,P0079,Furniture,East,122,115.19,88.05
2023-11-22,S003,P0079,Furniture,East,64,88.78,88.55
2023-11-23,S003,P0079,Furniture,East,90,87.27,88.76
2023-11-24,S003,P0079,Furniture,East,57,69.57,88.26
2023-11-25,S003,P0079,Furniture,South,48,51.45,88.04
2023-11-26,S003,P0079,Furniture,North,93,117.56,91.5
2023-11-27,S003,P0079,Furniture,North,105,128.73,89.38
2023-11-28,S003,P0079,Furniture,West,108,122.93,89.5
2023-11-29,S003,P0079,Furniture,East,103,110.94,89.48
2023-11-30,S003,P0079,Furniture,South,93,124.41,89.81
2023-12-01,S003,P0079,Furniture,South,104,130.43,88.2
2023-12-02,S003,P0079,Furniture,West,57,67.8,88.28
2023-12-03,S003,P0079,Furniture,West,36,43.89,88.08
2023-12-04,S003,P0079,Furniture,South,100,103.34,90.17
2023-12-05,S003,P0079,Furniture,South,126,131.85,90.64
2023-12-06,S003,P0079,Furniture,East,155,147.49,89.57
2023-12-07,S003,P0079,Furniture,West,168,170.81,90.78
2023-12-08,S003,P0079,Furniture,West,123,115.66,90.26
2023-12-09,S003,P0079,Furniture,North,76,88.79,92.63
2023-12-10,S003,P0079,Furniture,West,115,116.92,80.22
2023-12-11,S003,P0079,Furniture,East,89,89.98,93.35
2023-12-12,S003,P0079,Furniture,North,100,131.54,92.93
2023-12-13,S003,P0079,Furniture,North,127,130.24,90.17
2023-12-14,S003,P0079,Furniture,North,109,129.77,89.78
2023-12-15,S003,P0079,Furniture,South,65,93.8,87.1
2023-12-16,S003,P0079,Furniture,East,84,78.15,88.15
2023-12-17,S003,P0079,Furniture,North,77,77.61,88.86
2023-12-18,S003,P0079,Furniture,North,54,63.08,91.59
2023-12-19,S003,P0079,Furniture,West,122,150.16,91.24
2023-12-20,S003,P0079,Furniture,West,73,99.14,90.68
2023-12-21,S003,P0079,Furniture,South,64,80.95,91.53
2023-12-22,S003,P0079,Furniture,South,72,81.45,88.21
2023-12-23,S003,P0079,Furniture,South,105,117.44,103.57
2023-12-24,S003,P0079,Furniture,West,138,127.16,89.66
2023-12-25,S003,P0079,Furniture,North,96,103.26,92.08
2023-12-26,S003,P0079,Furniture,West,97,131.78,90.35
2023-12-27,S003,P0079,Furniture,East,74,79.27,91.58
2023-12-28,S003,P0079,Furniture,North,44,44.8,91.57
2023-12-29,S003,P0079,Furniture,East,167,159.32,87.44
2023-12-30,S003,P0079,Furniture,West,32,45.6,86.38
2023-12-31,S003,P0079,Furniture,West,64,68.98,88.96
2023-10-01,S003,P0083,Toys,East,91,91.03,90.53
2023-10-02,S003,P0083,Toys,West,5,7.11,90.2
2023-10-03,S003,P0083,Toys,East,77,71.59,91.1
2023-10-04,S003,P0083,Toys,West,99,111.49,89.84
2023-10-05,S003,P0083,Toys,North,127,125.23,90.33
2023-10-06,S003,P0083,Toys,East,96,112.35,89.83
2023-10-07,S003,P0083,Toys,South,86,118.14,90.65
2023-10-08,S003,P0083,Toys,East,91,87.52,90.38
2023-10-09,S003,P0083,Toys,North,89,93.82,107.87
2023-10-10,S003,P0083,Toys,East,116,114.75,90.4
2023-10-11,S003,P0083,Toys,West,192,175.13,107.91
2023-10-12,S003,P0083,Toys,South,101,118.94,110.86
2023-10-13,S003,P0083,Toys,South,83,83.57,88.74
2023-10-14,S003,P0083,Toys,West,85,118.31,90.88
2023-10-15,S003,P0083,Toys,South,97,118.0,108.81
2023-10-16,S003,P0083,Toys,South,48,66.01,91.96
2023-10-17,S003,P0083,Toys,East,41,51.37,109.07
2023-10-18,S003,P0083,Toys,North,116,123.99,108.09
2023-10-19,S003,P0083,Toys,South,64,83.84,90.0
2023-10-20,S003,P0083,Toys,West,93,122.84,109.05
2023-10-21,S003,P0083,Toys,South,64,61.23,89.85
2023-10-22,S003,P0083,Toys,East,100,103.81,89.54
2023-10-23,S003,P0083,Toys,West,205,188.28,90.72
2023-10-24,S003,P0083,Toys,West,98,91.47,90.07
2023-10-25,S003,P0083,Toys,East,93,96.81,91.52
2023-10-26,S003,P0083,Toys,North,98,122.98,90.42
2023-10-27,S003,P0083,Toys,East,110,116.52,96.18
2023-10-28,S003,P0083,Toys,West,47,47.56,92.29
2023-10-29,S003,P0083,Toys,North,104,133.79,91.22
2023-10-30,S003,P0083,Toys,West,65,90.99,110.92
2023-10-31,S003,P0083,Toys,South,84,114.81,90.06
2023-11-01,S003,P0083,Toys,West,101,127.12,88.77
2023-11-02,S003,P0083,Toys,East,117,142.53,88.74
2023-11-03,S003,P0083,Toys,West,137,126.82,106.84
2023-11-04,S003,P0083,Toys,North,102,106.28,89.28
2023-11-05,S003,P0083,Toys,West,39,37.63,88.19
2023-11-06,S003,P0083,Toys,North,123,131.87,90.19
2023-11-07,S003,P0083,Toys,East,114,124.96,89.84
2023-11-08,S003,P0083,Toys,East,65,74.33,91.54
2023-11-09,S003,P0083,Toys,West,84,118.35,90.58
2023-11-10,S003,P0083,Toys,South,26,37.13,86.75
2023-11-11,S003,P0083,Toys,South,106,132.39,87.77
2023-11-12,S003,P0083,Toys,South,108,112.12,88.74
2023-11-13,S003,P0083,Toys,East,129,121.42,89.61
2023-11-14,S003,P0083,Toys,West,129,139.06,89.44
2023-11-15,S003,P0083,Toys,North,137,132.49,88.76
2023-11-16,S003,P0083,Toys,West,108,130.3,108.35
2023-11-17,S003,P0083,Toys,West,92,122.02,90.52
2023-11-18,S003,P0083,Toys,East,34,42.33,91.65
2023-11-19,S003,P0083,Toys,North,121,149.01,87.15
2023-11-20,S003,P0083,Toys,West,31,34.5,93.33
2023-11-21,S003,P0083,Toys,South,123,133.66,105.91
2023-11-22,S003,P0083,Toys,South,76,69.85,90.52
2023-11-23,S003,P0083,Toys,North,68,88.3,89.39
2023-11-24,S003,P0083,Toys,South,67,89.85,86.81
2023-11-25,S003,P0083,Toys,West,107,110.13,108.9
2023-11-26,S003,P0083,Toys,South,66,61.64,88.13
2023-11-27,S003,P0083,Toys,East,72,93.22,107.65
2023-11-28,S003,P0083,Toys,North,52,49.79,90.4
2023-11-29,S003,P0083,Toys,West,85,100.93,89.53
2023-11-30,S003,P0083,Toys,West,108,126.12,90.01
2023-12-01,S003,P0083,Toys,West,46,45.79,87.19
2023-12-02,S003,P0083,Toys,West,139,185.4,106.81
2023-12-03,S003,P0083,Toys,North,44,44.42,89.6
2023-12-04,S003,P0083,Toys,East,203,191.27,87.16
2023-12-05,S003,P0083,Toys,North,105,116.72,90.58
2023-12-06,S003,P0083,Toys,West,155,157.21,91.15
2023-12-07,S003,P0083,Toys,South,91,94.71,89.26
2023-12-08,S003,P0083,Toys,North,62,73.79,94.52
2023-12-09,S003,P0083,Toys,South,79,84.62,87.37
2023-12-10,S003,P0083,Toys,South,128,152.79,110.34
2023-12-11,S003,P0083,Toys,North,24,22.33,79.95
2023-12-12,S003,P0083,Toys,East,105,113.97,88.76
2023-12-13,S003,P0083,Toys,North,80,81.37,90.94
2023-12-14,S003,P0083,Toys,West,39,45.56,92.11
2023-12-15,S003,P0083,Toys,North,112,129.56,86.43
2023-12-16,S003,P0083,Toys,South,123,119.44,88.45
2023-12-17,S003,P0083,Toys,South,53,72.43,108.11
2023-12-18,S003,P0083,Toys,East,152,149.78,89.04
2023-12-19,S003,P0083,Toys,South,89,115.31,91.4
2023-12-20,S003,P0083,Toys,North,121,112.93,91.04
2023-12-21,S003,P0083,Toys,East,73,77.67,89.99
2023-12-22,S003,P0083,Toys,North,79,107.82,84.85
2023-12-23,S003,P0083,Toys,North,145,147.54,87.28
2023-12-24,S003,P0083,Toys,South,60,64.1,86.63
2023-12-25,S003,P0083,Toys,South,103,113.1,89.84
2023-12-26,S003,P0083,Toys,West,27,32.57,91.52
2023-12-27,S003,P0083,Toys,North,62,75.12,91.57
2023-12-28,S003,P0083,Toys,East,113,155.08,88.71
2023-12-29,S003,P0083,Toys,East,81,76.54,87.62
2023-12-30,S003,P0083,Toys,South,69,90.14,87.92
2023-12-31,S003,P0083,Toys,West,100,115.37,88.96
2023-10-01,S003,P0085,Electronics,North,87,109.75,88.53
2023-10-02,S003,P0085,Electronics,North,45,63.06,73.5
2023-10-03,S003,P0085,Electronics,South,106,122.92,89.41
2023-10-04,S003,P0085,Electronics,East,105,106.35,89.62
2023-10-05,S003,P0085,Electronics,South,57,71.66,90.31
2023-10-06,S003,P0085,Electronics,East,154,158.88,89.67
2023-10-07,S003,P0085,Electronics,South,60,64.25,89.93
2023-10-08,S003,P0085,Electronics,North,65,69.66,83.43
2023-10-09,S003,P0085,Electronics,South,80,90.61,88.55
2023-10-10,S003,P0085,Electronics,East,40,36.84,74.05
2023-10-11,S003,P0085,Electronics,West,62,81.69,90.0
2023-10-12,S003,P0085,Electronics,West,51,56.45,72.12
2023-10-13,S003,P0085,Electronics,North,97,97.91,88.73
2023-10-14,S003,P0085,Electronics,South,88,85.19,71.25
2023-10-15,S003,P0085,Electronics,South,84,115.25,87.69
2023-10-16,S003,P0085,Electronics,North,84,118.34,90.42
2023-10-17,S003,P0085,Electronics,North,103,116.26,89.01
2023-10-18,S003,P0085,Electronics,South,129,126.39,89.5
2023-10-19,S003,P0085,Electronics,West,65,90.58,90.48
2023-10-20,S003,P0085,Electronics,East,63,63.93,89.91
2023-10-21,S003,P0085,Electronics,West,41,42.25,74.38
2023-10-22,S003,P0085,Electronics,North,52,53.87,90.01
2023-10-23,S003,P0085,Electronics,South,95,135.84,89.33
2023-10-24,S003,P0085,Electronics,East,126,119.65,89.88
2023-10-25,S003,P0085,Electronics,West,85,103.3,89.36
2023-10-26,S003,P0085,Electronics,South,127,122.2,88.57
2023-10-27,S003,P0085,Electronics,North,145,180.8,107.84
2023-10-28,S003,P0085,Electronics,North,93,96.48,71.76
2023-10-29,S003,P0085,Electronics,North,81,111.59,88.83
2023-10-30,S003,P0085,Electronics,East,78,108.96,91.57
2023-10-31,S003,P0085,Electronics,North,158,147.28,90.11
2023-11-01,S003,P0085,Electronics,North,115,114.84,90.02
2023-11-02,S003,P0085,Electronics,South,82,80.79,72.81
2023-11-03,S003,P0085,Electronics,East,50,61.56,93.86
2023-11-04,S003,P0085,Electronics,West,89,114.21,89.71
2023-11-05,S003,P0085,Electronics,South,73,102.97,89.54
2023-11-06,S003,P0085,Electronics,North,98,122.4,77.11
2023-11-07,S003,P0085,Electronics,West,53,72.68,71.39
2023-11-08,S003,P0085,Electronics,West,98,134.68,89.99
2023-11-09,S003,P0085,Electronics,North,84,80.33,66.99
2023-11-10,S003,P0085,Electronics,South,117,127.88,89.76
2023-11-11,S003,P0085,Electronics,West,178,170.89,91.08
2023-11-12,S003,P0085,Electronics,West,133,168.08,88.73
2023-11-13,S003,P0085,Electronics,South,142,169.25,109.13
2023-11-14,S003,P0085,Electronics,South,62,71.35,90.96
2023-11-15,S003,P0085,Electronics,East,57,73.37,63.27
2023-11-16,S003,P0085,Electronics,South,49,54.38,89.66
2023-11-17,S003,P0085,Electronics,East,135,150.95,89.66
2023-11-18,S003,P0085,Electronics,South,88,87.09,90.05
2023-11-19,S003,P0085,Electronics,North,80,102.07,90.19
2023-11-20,S003,P0085,Electronics,North,83,111.66,89.52
2023-11-21,S003,P0085,Electronics,South,106,103.81,89.32
2023-11-22,S003,P0085,Electronics,East,75,76.06,90.63
2023-11-23,S003,P0085,Electronics,East,68,73.86,89.98
2023-11-24,S003,P0085,Electronics,North,63,77.81,89.68
2023-11-25,S003,P0085,Electronics,East,60,80.49,89.16
2023-11-26,S003,P0085,Electronics,West,161,150.5,73.15
2023-11-27,S003,P0085,Electronics,East,84,89.89,103.2
2023-11-28,S003,P0085,Electronics,South,160,165.57,106.41
2023-11-29,S003,P0085,Electronics,South,40,49.92,90.03
2023-11-30,S003,P0085,Electronics,East,44,54.36,71.01
2023-12-01,S003,P0085,Electronics,East,98,101.95,90.77
2023-12-02,S003,P0085,Electronics,North,90,84.94,110.62
2023-12-03,S003,P0085,Electronics,East,108,104.8,89.23
2023-12-04,S003,P0085,Electronics,West,63,58.84,88.88
2023-12-05,S003,P0085,Electronics,South,64,73.74,89.37
2023-12-06,S003,P0085,Electronics,West,55,52.34,90.55
2023-12-07,S003,P0085,Electronics,North,33,39.81,105.43
2023-12-08,S003,P0085,Electronics,West,93,102.26,89.55
2023-12-09,S003,P0085,Electronics,West,103,144.25,89.94
2023-12-10,S003,P0085,Electronics,South,98,112.99,89.35
2023-12-11,S003,P0085,Electronics,East,110,132.08,90.91
2023-12-12,S003,P0085,Electronics,North,81,86.59,88.93
2023-12-13,S003,P0085,Electronics,North,72,99.87,88.72
2023-12-14,S003,P0085,Electronics,West,117,130.02,92.77
2023-12-15,S003,P0085,Electronics,East,80,74.8,88.91
2023-12-16,S003,P0085,Electronics,East,94,130.16,89.42
2023-12-17,S003,P0085,Electronics,West,96,125.26,89.27
2023-12-18,S003,P0085,Electronics,North,28,32.1,109.72
2023-12-19,S003,P0085,Electronics,East,47,57.82,71.74
2023-12-20,S003,P0085,Electronics,North,153,140.61,90.94
2023-12-21,S003,P0085,Electronics,South,47,62.25,91.41
2023-12-22,S003,P0085,Electronics,South,71,78.09,68.08
2023-12-23,S003,P0085,Electronics,North,89,92.33,94.46
2023-12-24,S003,P0085,Electronics,South,71,98.57,91.26
2023-12-25,S003,P0085,Electronics,South,27,31.42,70.14
2023-12-26,S003,P0085,Electronics,North,99,126.22,89.46
2023-12-27,S003,P0085,Electronics,South,77,74.4,89.23
2023-12-28,S003,P0085,Electronics,West,49,63.44,64.42
2023-12-29,S003,P0085,Electronics,West,61,56.56,88.5
2023-12-30,S003,P0085,Electronics,West,111,126.59,104.86
2023-12-31,S003,P0085,Electronics,East,97,95.38,88.56
2023-10-01,S003,P0094,Groceries,East,75,101.81,92.86
2023-10-02,S003,P0094,Groceries,North,123,160.69,88.65
2023-10-03,S003,P0094,Groceries,East,86,81.29,108.92
2023-10-04,S003,P0094,Groceries,North,50,51.48,94.15
2023-10-05,S003,P0094,Groceries,South,107,145.93,91.57
2023-10-06,S003,P0094,Groceries,East,100,91.99,109.49
2023-10-07,S003,P0094,Groceries,West,44,47.56,89.0
2023-10-08,S003,P0094,Groceries,North,92,110.32,89.94
2023-10-09,S003,P0094,Groceries,South,81,102.4,88.06
2023-10-10,S003,P0094,Groceries,North,94,96.32,89.54
2023-10-11,S003,P0094,Groceries,West,118,128.38,108.88
2023-10-12,S003,P0094,Groceries,West,148,164.28,88.97
2023-10-13,S003,P0094,Groceries,South,51,53.03,85.0
2023-10-14,S003,P0094,Groceries,South,94,117.94,91.77
2023-10-15,S003,P0094,Groceries,East,72,74.64,89.95
2023-10-16,S003,P0094,Groceries,North,77,106.6,107.52
2023-10-17,S003,P0094,Groceries,West,78,74.81,92.23
2023-10-18,S003,P0094,Groceries,East,150,139.23,107.89
2023-10-19,S003,P0094,Groceries,North,105,122.19,91.29
2023-10-20,S003,P0094,Groceries,North,105,126.75,87.72
2023-10-21,S003,P0094,Groceries,West,93,106.98,91.52
2023-10-22,S003,P0094,Groceries,South,114,141.88,106.83
2023-10-23,S003,P0094,Groceries,East,70,98.79,94.36
2023-10-24,S003,P0094,Groceries,South,142,163.46,93.69
2023-10-25,S003,P0094,Groceries,East,61,64.32,86.71
2023-10-26,S003,P0094,Groceries,East,65,73.83,87.19
2023-10-27,S003,P0094,Groceries,West,91,92.67,89.63
2023-10-28,S003,P0094,Groceries,North,98,128.37,92.42
2023-10-29,S003,P0094,Groceries,North,141,169.91,107.06
2023-10-30,S003,P0094,Groceries,West,58,80.99,89.47
2023-10-31,S003,P0094,Groceries,North,61,69.61,85.29
2023-11-01,S003,P0094,Groceries,West,104,106.87,91.37
2023-11-02,S003,P0094,Groceries,West,35,44.27,93.25
2023-11-03,S003,P0094,Groceries,North,88,107.12,87.93
2023-11-04,S003,P0094,Groceries,East,15,14.49,87.8
2023-11-05,S003,P0094,Groceries,East,60,83.89,113.69
2023-11-06,S003,P0094,Groceries,East,135,130.41,108.78
2023-11-07,S003,P0094,Groceries,West,120,138.9,101.68
2023-11-08,S003,P0094,Groceries,East,123,126.25,91.78
2023-11-09,S003,P0094,Groceries,South,106,104.42,90.3
2023-11-10,S003,P0094,Groceries,South,109,104.02,88.11
2023-11-11,S003,P0094,Groceries,West,62,82.92,87.81
2023-11-12,S003,P0094,Groceries,West,83,105.28,88.65
2023-11-13,S003,P0094,Groceries,West,50,50.98,107.19
2023-11-14,S003,P0094,Groceries,West,132,130.11,91.68
2023-11-15,S003,P0094,Groceries,South,151,163.05,92.64
2023-11-16,S003,P0094,Groceries,North,64,75.96,88.27
2023-11-17,S003,P0094,Groceries,West,86,120.3,87.35
2023-11-18,S003,P0094,Groceries,South,66,67.9,87.82
2023-11-19,S003,P0094,Groceries,South,132,140.23,89.36
2023-11-20,S003,P0094,Groceries,South,64,83.57,88.62
2023-11-21,S003,P0094,Groceries,South,141,148.91,87.9
2023-11-22,S003,P0094,Groceries,South,71,74.96,90.52
2023-11-23,S003,P0094,Groceries,East,86,86.39,88.24
2023-11-24,S003,P0094,Groceries,South,98,136.9,89.41
2023-11-25,S003,P0094,Groceries,South,71,71.05,87.93
2023-11-26,S003,P0094,Groceries,West,95,100.25,89.2
2023-11-27,S003,P0094,Groceries,West,116,130.41,89.17
2023-11-28,S003,P0094,Groceries,South,68,93.89,90.75
2023-11-29,S003,P0094,Groceries,North,108,106.48,90.0
2023-11-30,S003,P0094,Groceries,North,71,98.48,88.33
2023-12-01,S003,P0094,Groceries,West,163,182.35,106.49
2023-12-02,S003,P0094,Groceries,South,181,239.4,111.48
2023-12-03,S003,P0094,Groceries,East,103,109.18,85.09
2023-12-04,S003,P0094,Groceries,North,76,77.55,90.58
2023-12-05,S003,P0094,Groceries,West,85,119.33,87.5
2023-12-06,S003,P0094,Groceries,West,65,72.89,91.04
2023-12-07,S003,P0094,Groceries,North,149,137.67,92.14
2023-12-08,S003,P0094,Groceries,East,138,127.72,85.72
2023-12-09,S003,P0094,Groceries,South,42,44.98,88.63
2023-12-10,S003,P0094,Groceries,South,110,137.15,107.09
2023-12-11,S003,P0094,Groceries,South,75,86.9,89.51
2023-12-12,S003,P0094,Groceries,North,23,29.06,89.15
2023-12-13,S003,P0094,Groceries,West,32,40.4,92.03
2023-12-14,S003,P0094,Groceries,South,58,65.45,106.14
2023-12-15,S003,P0094,Groceries,West,71,92.32,93.6
2023-12-16,S003,P0094,Groceries,South,99,100.46,90.72
2023-12-17,S003,P0094,Groceries,West,129,145.78,111.24
2023-12-18,S003,P0094,Groceries,East,121,132.86,89.33
2023-12-19,S003,P0094,Groceries,North,98,112.01,89.89
2023-12-20,S003,P0094,Groceries,East,67,63.09,91.02
2023-12-21,S003,P0094,Groceries,South,74,87.28,97.66
2023-12-22,S003,P0094,Groceries,East,122,114.09,88.11
2023-12-23,S003,P0094,Groceries,South,111,132.31,86.63
2023-12-24,S003,P0094,Groceries,East,111,104.81,89.75
2023-12-25,S003,P0094,Groceries,West,105,136.68,91.23
2023-12-26,S003,P0094,Groceries,South,90,112.23,88.94
2023-12-27,S003,P0094,Groceries,North,65,66.2,89.04
2023-12-28,S003,P0094,Groceries,North,103,108.87,110.75
2023-12-29,S003,P0094,Groceries,North,106,139.32,90.49
2023-12-30,S003,P0094,Groceries,East,52,69.31,89.88
2023-12-31,S003,P0094,Groceries,East,86,116.74,89.27
2023-10-01,S003,P0096,Toys,West,41,47.36,89.9
2023-10-02,S003,P0096,Toys,West,50,64.1,91.54
2023-10-03,S003,P0096,Toys,North,134,128.51,90.96
2023-10-04,S003,P0096,Toys,East,55,62.98,90.62
2023-10-05,S003,P0096,Toys,West,117,128.53,89.83
2023-10-06,S003,P0096,Toys,East,105,112.79,90.57
2023-10-07,S003,P0096,Toys,West,136,137.03,90.94
2023-10-08,S003,P0096,Toys,South,77,74.12,90.17
2023-10-09,S003,P0096,Toys,West,156,195.58,108.35
2023-10-10,S003,P0096,Toys,East,103,127.25,88.47
2023-10-11,S003,P0096,Toys,West,74,106.12,90.65
2023-10-12,S003,P0096,Toys,West,120,111.56,89.94
2023-10-13,S003,P0096,Toys,West,91,91.16,91.28
2023-10-14,S003,P0096,Toys,East,135,149.84,91.48
2023-10-15,S003,P0096,Toys,West,93,110.88,90.71
2023-10-16,S003,P0096,Toys,North,83,114.69,90.05
2023-10-17,S003,P0096,Toys,North,25,25.22,90.12
2023-10-18,S003,P0096,Toys,North,105,145.3,91.05
2023-10-19,S003,P0096,Toys,South,62,80.62,90.6
2023-10-20,S003,P0096,Toys,East,65,63.83,90.96
2023-10-21,S003,P0096,Toys,East,87,96.95,90.36
2023-10-22,S003,P0096,Toys,East,120,166.39,109.71
2023-10-23,S003,P0096,Toys,North,100,133.81,90.72
2023-10-24,S003,P0096,Toys,North,52,66.64,90.06
2023-10-25,S003,P0096,Toys,East,102,105.38,110.81
2023-10-26,S003,P0096,Toys,West,160,149.98,107.52
2023-10-27,S003,P0096,Toys,East,49,70.38,90.32
2023-10-28,S003,P0096,Toys,West,138,137.67,90.43
2023-10-29,S003,P0096,Toys,North,55,66.3,90.33
2023-10-30,S003,P0096,Toys,South,77,95.01,110.09
2023-10-31,S003,P0096,Toys,South,61,71.43,90.87
2023-11-01,S003,P0096,Toys,East,149,151.26,105.82
2023-11-02,S003,P0096,Toys,North,68,90.7,91.99
2023-11-03,S003,P0096,Toys,North,61,81.09,88.32
2023-11-04,S003,P0096,Toys,West,79,77.3,87.23
2023-11-05,S003,P0096,Toys,South,104,141.62,89.48
2023-11-06,S003,P0096,Toys,North,108,141.01,89.99
2023-11-07,S003,P0096,Toys,East,93,106.71,89.36
2023-11-08,S003,P0096,Toys,East,115,134.73,89.13
2023-11-09,S003,P0096,Toys,East,111,152.96,88.75
2023-11-10,S003,P0096,Toys,West,100,110.77,87.02
2023-11-11,S003,P0096,Toys,North,110,146.32,86.55
2023-11-12,S003,P0096,Toys,North,159,150.04,86.29
2023-11-13,S003,P0096,Toys,West,32,41.8,111.48
2023-11-14,S003,P0096,Toys,West,96,112.47,91.32
2023-11-15,S003,P0096,Toys,West,55,74.98,90.61
2023-11-16,S003,P0096,Toys,South,79,89.97,91.01
2023-11-17,S003,P0096,Toys,South,120,111.16,86.74
2023-11-18,S003,P0096,Toys,North,141,141.32,87.58
2023-11-19,S003,P0096,Toys,South,180,177.36,84.91
2023-11-20,S003,P0096,Toys,East,54,73.16,90.17
2023-11-21,S003,P0096,Toys,South,99,113.91,110.35
2023-11-22,S003,P0096,Toys,West,89,85.7,88.81
2023-11-23,S003,P0096,Toys,North,103,114.92,94.81
2023-11-24,S003,P0096,Toys,South,93,91.78,92.21
2023-11-25,S003,P0096,Toys,South,133,165.97,110.25
2023-11-26,S003,P0096,Toys,North,172,172.59,94.02
2023-11-27,S003,P0096,Toys,South,41,53.69,96.68
2023-11-28,S003,P0096,Toys,North,71,96.52,90.73
2023-11-29,S003,P0096,Toys,North,69,90.71,91.99
2023-11-30,S003,P0096,Toys,East,88,111.13,91.09
2023-12-01,S003,P0096,Toys,East,94,93.34,89.19
2023-12-02,S003,P0096,Toys,South,139,127.03,87.84
2023-12-03,S003,P0096,Toys,North,77,94.09,86.59
2023-12-04,S003,P0096,Toys,South,116,138.89,91.01
2023-12-05,S003,P0096,Toys,North,64,78.18,92.07
2023-12-06,S003,P0096,Toys,West,83,102.79,94.38
2023-12-07,S003,P0096,Toys,West,130,123.92,91.47
2023-12-08,S003,P0096,Toys,North,135,167.61,88.23
2023-12-09,S003,P0096,Toys,South,70,81.76,92.57
2023-12-10,S003,P0096,Toys,South,120,135.07,109.42
2023-12-11,S003,P0096,Toys,South,102,132.99,91.17
2023-12-12,S003,P0096,Toys,East,89,91.51,90.21
2023-12-13,S003,P0096,Toys,North,85,92.52,90.4
2023-12-14,S003,P0096,Toys,North,36,39.99,90.61
2023-12-15,S003,P0096,Toys,North,83,115.66,87.56
2023-12-16,S003,P0096,Toys,South,139,132.79,88.51
2023-12-17,S003,P0096,Toys,South,98,117.49,92.08
2023-12-18,S003,P0096,Toys,North,59,81.2,91.49
2023-12-19,S003,P0096,Toys,North,17,17.87,92.1
2023-12-20,S003,P0096,Toys,South,131,128.7,91.45
2023-12-21,S003,P0096,Toys,North,116,131.48,90.58
2023-12-22,S003,P0096,Toys,West,125,123.88,87.03
2023-12-23,S003,P0096,Toys,South,98,127.7,87.13
2023-12-24,S003,P0096,Toys,East,92,117.39,91.56
2023-12-25,S003,P0096,Toys,East,52,55.11,91.62
2023-12-26,S003,P0096,Toys,South,150,143.93,91.64
2023-12-27,S003,P0096,Toys,South,90,111.71,89.79
2023-12-28,S003,P0096,Toys,West,1,1.02,89.99
2023-12-29,S003,P0096,Toys,South,76,92.53,87.98
2023-12-30,S003,P0096,Toys,North,93,99.24,88.18
2023-12-31,S003,P0096,Toys,North,101,94.86,87.67
2023-10-01,S003,P0116,Furniture,South,66,65.0,89.84
2023-10-02,S003,P0116,Furniture,West,72,70.11,90.66
2023-10-03,S003,P0116,Furniture,East,53,66.02,89.68
2023-10-04,S003,P0116,Furniture,West,80,78.64,90.33
2023-10-05,S003,P0116,Furniture,East,47,47.84,91.27
2023-10-06,S003,P0116,Furniture,East,125,174.89,107.18
2023-10-07,S003,P0116,Furniture,South,72,79.14,90.69
2023-10-08,S003,P0116,Furniture,South,129,124.08,108.05
2023-10-09,S003,P0116,Furniture,East,64,83.88,90.57
2023-10-10,S003,P0116,Furniture,North,169,168.72,108.18
2023-10-11,S003,P0116,Furniture,West,36,45.6,89.44
2023-10-12,S003,P0116,Furniture,East,170,178.53,89.63
2023-10-13,S003,P0116,Furniture,South,102,97.0,91.11
2023-10-14,S003,P0116,Furniture,North,69,89.44,89.71
2023-10-15,S003,P0116,Furniture,East,111,110.01,90.58
2023-10-16,S003,P0116,Furniture,West,22,31.66,89.66
2023-10-17,S003,P0116,Furniture,East,132,142.26,89.3
2023-10-18,S003,P0116,Furniture,North,65,64.34,90.27
2023-10-19,S003,P0116,Furniture,West,85,92.09,89.26
2023-10-20,S003,P0116,Furniture,North,79,82.8,106.89
2023-10-21,S003,P0116,Furniture,East,122,114.2,90.69
2023-10-22,S003,P0116,Furniture,South,86,115.13,106.37
2023-10-23,S003,P0116,Furniture,West,104,99.16,90.24
2023-10-24,S003,P0116,Furniture,East,68,73.23,89.57
2023-10-25,S003,P0116,Furniture,West,104,131.22,90.1
2023-10-26,S003,P0116,Furniture,North,33,32.79,90.36
2023-10-27,S003,P0116,Furniture,West,96,100.19,89.76
2023-10-28,S003,P0116,Furniture,East,74,89.85,89.93
2023-10-29,S003,P0116,Furniture,South,100,133.79,90.75
2023-10-30,S003,P0116,Furniture,North,54,76.98,89.92
2023-10-31,S003,P0116,Furniture,South,85,101.43,91.08
2023-11-01,S003,P0116,Furniture,South,29,29.17,90.74
2023-11-02,S003,P0116,Furniture,West,94,126.17,104.82
2023-11-03,S003,P0116,Furniture,North,79,94.25,87.69
2023-11-04,S003,P0116,Furniture,North,131,121.1,87.14
2023-11-05,S003,P0116,Furniture,West,105,116.47,90.21
2023-11-06,S003,P0116,Furniture,East,82,94.19,90.93
2023-11-07,S003,P0116,Furniture,West,116,143.72,92.79
2023-11-08,S003,P0116,Furniture,East,63,84.31,93.61
2023-11-09,S003,P0116,Furniture,East,120,117.31,108.02
2023-11-10,S003,P0116,Furniture,West,129,118.39,88.09
2023-11-11,S003,P0116,Furniture,West,125,115.39,105.44
2023-11-12,S003,P0116,Furniture,East,76,92.66,88.01
2023-11-13,S003,P0116,Furniture,North,102,108.19,90.23
2023-11-14,S003,P0116,Furniture,North,42,57.81,91.49
2023-11-15,S003,P0116,Furniture,South,59,74.27,89.38
2023-11-16,S003,P0116,Furniture,North,100,129.16,91.92
2023-11-17,S003,P0116,Furniture,South,147,133.83,90.14
2023-11-18,S003,P0116,Furniture,East,171,159.87,88.07
2023-11-19,S003,P0116,Furniture,North,168,154.92,88.76
2023-11-20,S003,P0116,Furniture,South,128,128.85,84.1
2023-11-21,S003,P0116,Furniture,East,124,164.76,124.43
2023-11-22,S003,P0116,Furniture,East,117,132.52,85.7
2023-11-23,S003,P0116,Furniture,North,93,120.86,123.78
2023-11-24,S003,P0116,Furniture,West,87,91.14,110.01
2023-11-25,S003,P0116,Furniture,East,138,144.05,85.31
2023-11-26,S003,P0116,Furniture,North,72,95.98,127.48
2023-11-27,S003,P0116,Furniture,North,66,65.7,95.32
2023-11-28,S003,P0116,Furniture,West,98,94.76,90.21
2023-11-29,S003,P0116,Furniture,East,98,91.65,91.18
2023-11-30,S003,P0116,Furniture,West,47,64.53,89.46
2023-12-01,S003,P0116,Furniture,East,68,90.81,88.52
2023-12-02,S003,P0116,Furniture,North,137,145.4,88.26
2023-12-03,S003,P0116,Furniture,South,117,109.71,88.27
2023-12-04,S003,P0116,Furniture,East,82,83.15,91.54
2023-12-05,S003,P0116,Furniture,East,119,110.46,92.13
2023-12-06,S003,P0116,Furniture,North,165,193.03,91.61
2023-12-07,S003,P0116,Furniture,North,101,111.83,106.15
2023-12-08,S003,P0116,Furniture,East,77,90.68,90.8
2023-12-09,S003,P0116,Furniture,East,110,117.49,87.86
2023-12-10,S003,P0116,Furniture,East,121,119.86,87.94
2023-12-11,S003,P0116,Furniture,East,127,134.64,85.5
2023-12-12,S003,P0116,Furniture,East,13,16.09,92.75
2023-12-13,S003,P0116,Furniture,North,156,144.73,109.15
2023-12-14,S003,P0116,Furniture,South,103,100.21,89.93
2023-12-15,S003,P0116,Furniture,East,60,85.89,87.75
2023-12-16,S003,P0116,Furniture,South,126,123.07,89.47
2023-12-17,S003,P0116,Furniture,South,66,67.36,108.19
2023-12-18,S003,P0116,Furniture,North,47,54.41,92.06
2023-12-19,S003,P0116,Furniture,East,90,87.07,105.25
2023-12-20,S003,P0116,Furniture,North,74,88.97,91.42
2023-12-21,S003,P0116,Furniture,South,43,61.72,90.81
2023-12-22,S003,P0116,Furniture,North,133,152.9,88.18
2023-12-23,S003,P0116,Furniture,West,109,124.12,89.55
2023-12-24,S003,P0116,Furniture,West,147,197.29,89.11
2023-12-25,S003,P0116,Furniture,West,75,85.58,90.78
2023-12-26,S003,P0116,Furniture,West,49,68.94,92.0
2023-12-27,S003,P0116,Furniture,West,99,132.05,94.58
2023-12-28,S003,P0116,Furniture,South,80,103.75,91.09
2023-12-29,S003,P0116,Furniture,South,103,95.05,107.71
2023-12-30,S003,P0116,Furniture,South,99,111.83,88.09
2023-12-31,S003,P0116,Furniture,North,65,72.08,112.11
2023-10-01,S003,P0125,Clothing,West,34,38.34,91.46
2023-10-02,S003,P0125,Clothing,South,95,124.37,90.21
2023-10-03,S003,P0125,Clothing,North,120,151.79,105.57
2023-10-04,S003,P0125,Clothing,North,30,29.75,90.52
2023-10-05,S003,P0125,Clothing,West,58,54.33,109.1
2023-10-06,S003,P0125,Clothing,East,50,59.83,90.96
2023-10-07,S003,P0125,Clothing,West,81,104.03,89.68
2023-10-08,S003,P0125,Clothing,East,78,79.27,89.74
2023-10-09,S003,P0125,Clothing,West,145,134.02,90.82
2023-10-10,S003,P0125,Clothing,South,80,82.15,90.71
2023-10-11,S003,P0125,Clothing,South,116,112.59,91.58
2023-10-12,S003,P0125,Clothing,West,106,101.02,89.88
2023-10-13,S003,P0125,Clothing,West,79,91.71,90.22
2023-10-14,S003,P0125,Clothing,East,83,104.41,89.32
2023-10-15,S003,P0125,Clothing,North,101,127.0,89.98
2023-10-16,S003,P0125,Clothing,North,92,131.7,91.17
2023-10-17,S003,P0125,Clothing,East,89,115.89,90.04
2023-10-18,S003,P0125,Clothing,North,133,138.53,107.39
2023-10-19,S003,P0125,Clothing,East,135,126.41,89.76
2023-10-20,S003,P0125,Clothing,South,43,51.25,89.56
2023-10-21,S003,P0125,Clothing,West,127,150.5,106.1
2023-10-22,S003,P0125,Clothing,South,114,151.71,89.35
2023-10-23,S003,P0125,Clothing,North,71,72.58,89.72
2023-10-24,S003,P0125,Clothing,East,95,120.78,89.46
2023-10-25,S003,P0125,Clothing,North,109,122.73,89.74
2023-10-26,S003,P0125,Clothing,North,49,68.19,90.99
2023-10-27,S003,P0125,Clothing,West,73,101.04,90.39
2023-10-28,S003,P0125,Clothing,South,97,118.55,89.84
2023-10-29,S003,P0125,Clothing,South,133,136.88,89.71
2023-10-30,S003,P0125,Clothing,North,115,122.96,91.35
2023-10-31,S003,P0125,Clothing,East,64,73.87,89.73
2023-11-01,S003,P0125,Clothing,West,68,74.73,118.77
2023-11-02,S003,P0125,Clothing,East,108,146.21,114.93
2023-11-03,S003,P0125,Clothing,North,94,126.26,124.57
2023-11-04,S003,P0125,Clothing,East,235,238.47,159.12
2023-11-05,S003,P0125,Clothing,North,105,120.44,129.15
2023-11-06,S003,P0125,Clothing,East,138,133.93,140.07
2023-11-07,S003,P0125,Clothing,South,92,109.49,136.95
2023-11-08,S003,P0125,Clothing,West,147,158.48,153.88
2023-11-09,S003,P0125,Clothing,East,90,107.77,123.81
2023-11-10,S003,P0125,Clothing,East,142,185.09,150.04
2023-11-11,S003,P0125,Clothing,North,126,142.96,124.64
2023-11-12,S003,P0125,Clothing,West,172,198.72,127.86
2023-11-13,S003,P0125,Clothing,West,193,223.25,127.19
2023-11-14,S003,P0125,Clothing,East,127,116.33,124.74
2023-11-15,S003,P0125,Clothing,East,154,196.79,128.28
2023-11-16,S003,P0125,Clothing,North,181,174.7,122.4
2023-11-17,S003,P0125,Clothing,North,159,192.44,122.42
2023-11-18,S003,P0125,Clothing,East,173,171.47,125.84
2023-11-19,S003,P0125,Clothing,West,158,167.74,121.16
2023-11-20,S003,P0125,Clothing,West,226,252.73,155.79
2023-11-21,S003,P0125,Clothing,East,134,185.58,125.56
2023-11-22,S003,P0125,Clothing,West,166,199.67,129.73
2023-11-23,S003,P0125,Clothing,West,202,279.76,127.3
2023-11-24,S003,P0125,Clothing,East,234,225.36,126.43
2023-11-25,S003,P0125,Clothing,South,115,144.05,116.52
2023-11-26,S003,P0125,Clothing,South,140,171.99,155.33
2023-11-27,S003,P0125,Clothing,North,118,127.38,119.72
2023-11-28,S003,P0125,Clothing,North,167,169.23,128.45
2023-11-29,S003,P0125,Clothing,South,99,130.62,125.0
2023-11-30,S003,P0125,Clothing,North,184,185.4,125.23
2023-12-01,S003,P0125,Clothing,East,175,180.51,126.7
2023-12-02,S003,P0125,Clothing,North,149,143.53,125.1
2023-12-03,S003,P0125,Clothing,South,129,133.81,125.44
2023-12-04,S003,P0125,Clothing,East,130,134.37,127.77
2023-12-05,S003,P0125,Clothing,West,253,236.35,127.03
2023-12-06,S003,P0125,Clothing,South,100,134.17,124.06
2023-12-07,S003,P0125,Clothing,South,172,164.13,124.26
2023-12-08,S003,P0125,Clothing,South,106,138.96,125.32
2023-12-09,S003,P0125,Clothing,South,100,116.07,125.71
2023-12-10,S003,P0125,Clothing,North,132,153.6,124.5
2023-12-11,S003,P0125,Clothing,South,135,191.95,132.25
2023-12-12,S003,P0125,Clothing,South,77,76.16,118.88
2023-12-13,S003,P0125,Clothing,North,133,145.79,130.64
2023-12-14,S003,P0125,Clothing,East,262,240.47,127.2
2023-12-15,S003,P0125,Clothing,West,120,130.56,151.97
2023-12-16,S003,P0125,Clothing,East,176,198.38,123.44
2023-12-17,S003,P0125,Clothing,West,120,153.41,126.52
2023-12-18,S003,P0125,Clothing,East,110,132.44,125.99
2023-12-19,S003,P0125,Clothing,East,149,199.67,124.6
2023-12-20,S003,P0125,Clothing,North,144,137.08,123.61
2023-12-21,S003,P0125,Clothing,West,95,110.56,122.88
2023-12-22,S003,P0125,Clothing,South,84,109.51,126.08
2023-12-23,S003,P0125,Clothing,East,144,166.84,125.59
2023-12-24,S003,P0125,Clothing,East,86,95.3,124.79
2023-12-25,S003,P0125,Clothing,East,143,134.65,119.57
2023-12-26,S003,P0125,Clothing,South,109,117.33,123.64
2023-12-27,S003,P0125,Clothing,North,150,192.48,130.37
2023-12-28,S003,P0125,Clothing,South,103,126.4,124.8
2023-12-29,S003,P0125,Clothing,East,159,167.9,125.0
2023-12-30,S003,P0125,Clothing,West,89,84.4,146.71
2023-12-31,S003,P0125,Clothing,West,141,154.6,130.83
2023-10-01,S003,P0126,Clothing,North,118,134.51,92.1
2023-10-02,S003,P0126,Clothing,East,134,160.08,90.44
2023-10-03,S003,P0126,Clothing,North,97,135.51,75.87
2023-10-04,S003,P0126,Clothing,East,130,141.79,88.66
2023-10-05,S003,P0126,Clothing,South,104,109.72,99.2
2023-10-06,S003,P0126,Clothing,East,170,162.43,89.28
2023-10-07,S003,P0126,Clothing,South,91,111.24,87.47
2023-10-08,S003,P0126,Clothing,North,79,76.04,85.32
2023-10-09,S003,P0126,Clothing,East,48,54.23,89.22
2023-10-10,S003,P0126,Clothing,West,107,138.46,89.04
2023-10-11,S003,P0126,Clothing,North,80,94.64,90.03
2023-10-12,S003,P0126,Clothing,West,141,155.99,89.53
2023-10-13,S003,P0126,Clothing,East,76,72.61,89.37
2023-10-14,S003,P0126,Clothing,North,79,95.45,89.79
2023-10-15,S003,P0126,Clothing,North,73,90.62,106.76
2023-10-16,S003,P0126,Clothing,West,109,140.43,89.27
2023-10-17,S003,P0126,Clothing,South,125,154.43,106.07
2023-10-18,S003,P0126,Clothing,East,77,78.05,89.62
2023-10-19,S003,P0126,Clothing,East,95,130.16,106.63
2023-10-20,S003,P0126,Clothing,North,60,79.6,90.08
2023-10-21,S003,P0126,Clothing,West,151,161.36,89.54
2023-10-22,S003,P0126,Clothing,West,73,87.32,89.56
2023-10-23,S003,P0126,Clothing,South,108,123.45,88.91
2023-10-24,S003,P0126,Clothing,East,65,78.34,89.39
2023-10-25,S003,P0126,Clothing,East,147,151.91,89.79
2023-10-26,S003,P0126,Clothing,South,53,71.37,89.67
2023-10-27,S003,P0126,Clothing,North,127,133.27,106.09
2023-10-28,S003,P0126,Clothing,North,167,157.19,90.12
2023-10-29,S003,P0126,Clothing,East,96,109.03,89.59
2023-10-30,S003,P0126,Clothing,North,103,94.6,91.35
2023-10-31,S003,P0126,Clothing,West,96,122.99,110.61
2023-11-01,S003,P0126,Clothing,East,133,139.43,123.58
2023-11-02,S003,P0126,Clothing,East,132,148.73,126.96
2023-11-03,S003,P0126,Clothing,East,172,205.6,120.31
2023-11-04,S003,P0126,Clothing,East,109,127.31,123.83
2023-11-05,S003,P0126,Clothing,North,171,185.18,128.71
2023-11-06,S003,P0126,Clothing,East,79,105.17,123.32
2023-11-07,S003,P0126,Clothing,South,163,197.88,160.53
2023-11-08,S003,P0126,Clothing,West,131,177.77,122.08
2023-11-09,S003,P0126,Clothing,North,81,103.75,150.8
2023-11-10,S003,P0126,Clothing,South,178,195.72,125.65
2023-11-11,S003,P0126,Clothing,North,108,134.06,127.59
2023-11-12,S003,P0126,Clothing,North,117,114.54,126.61
2023-11-13,S003,P0126,Clothing,East,128,153.47,115.75
2023-11-14,S003,P0126,Clothing,East,92,96.49,122.62
2023-11-15,S003,P0126,Clothing,North,130,136.74,126.64
2023-11-16,S003,P0126,Clothing,North,103,121.79,128.67
2023-11-17,S003,P0126,Clothing,West,137,146.44,125.69
2023-11-18,S003,P0126,Clothing,East,108,152.22,166.76
2023-11-19,S003,P0126,Clothing,North,150,161.69,128.0
2023-11-20,S003,P0126,Clothing,South,93,109.22,125.55
2023-11-21,S003,P0126,Clothing,North,156,151.32,123.67
2023-11-22,S003,P0126,Clothing,South,118,133.1,123.72
2023-11-23,S003,P0126,Clothing,North,75,68.36,130.83
2023-11-24,S003,P0126,Clothing,East,128,136.58,122.8
2023-11-25,S003,P0126,Clothing,South,52,64.07,129.86
2023-11-26,S003,P0126,Clothing,North,102,136.29,127.56
2023-11-27,S003,P0126,Clothing,West,110,121.83,123.57
2023-11-28,S003,P0126,Clothing,West,124,171.48,132.44
2023-11-29,S003,P0126,Clothing,North,122,130.29,130.36
2023-11-30,S003,P0126,Clothing,South,94,126.85,126.41
2023-12-01,S003,P0126,Clothing,South,240,233.65,119.82
2023-12-02,S003,P0126,Clothing,North,123,159.3,124.15
2023-12-03,S003,P0126,Clothing,South,94,131.96,123.13
2023-12-04,S003,P0126,Clothing,West,68,74.05,118.73
2023-12-05,S003,P0126,Clothing,West,90,114.29,121.72
2023-12-06,S003,P0126,Clothing,East,127,144.77,131.58
2023-12-07,S003,P0126,Clothing,North,111,153.21,120.46
2023-12-08,S003,P0126,Clothing,West,141,189.28,126.04
2023-12-09,S003,P0126,Clothing,South,175,162.91,131.93
2023-12-10,S003,P0126,Clothing,West,158,210.38,152.56
2023-12-11,S003,P0126,Clothing,North,202,220.92,122.82
2023-12-12,S003,P0126,Clothing,East,149,149.07,127.71
2023-12-13,S003,P0126,Clothing,South,133,163.16,148.43
2023-12-14,S003,P0126,Clothing,East,73,95.68,120.13
2023-12-15,S003,P0126,Clothing,South,103,132.97,121.73
2023-12-16,S003,P0126,Clothing,East,78,106.0,124.13
2023-12-17,S003,P0126,Clothing,East,103,118.12,126.21
2023-12-18,S003,P0126,Clothing,North,222,203.77,158.46
2023-12-19,S003,P0126,Clothing,West,112,118.36,121.03
2023-12-20,S003,P0126,Clothing,South,212,241.4,130.76
2023-12-21,S003,P0126,Clothing,South,108,118.77,134.54
2023-12-22,S003,P0126,Clothing,East,143,139.21,156.31
2023-12-23,S003,P0126,Clothing,East,183,191.85,122.48
2023-12-24,S003,P0126,Clothing,North,70,77.29,136.21
2023-12-25,S003,P0126,Clothing,South,100,108.51,126.82
2023-12-26,S003,P0126,Clothing,South,172,199.38,153.6
2023-12-27,S003,P0126,Clothing,North,96,96.08,146.74
2023-12-28,S003,P0126,Clothing,East,176,172.45,123.34
2023-12-29,S003,P0126,Clothing,South,113,128.27,120.16
2023-12-30,S003,P0126,Clothing,North,169,167.47,121.3
2023-12-31,S003,P0126,Clothing,North,176,228.41,126.22
2023-10-01,S003,P0129,Furniture,North,88,96.76,91.3
2023-10-02,S003,P0129,Furniture,North,81,97.11,89.63
2023-10-03,S003,P0129,Furniture,North,116,151.53,90.26
2023-10-04,S003,P0129,Furniture,West,60,74.4,88.53
2023-10-05,S003,P0129,Furniture,West,73,70.67,90.28
2023-10-06,S003,P0129,Furniture,North,71,84.67,90.64
2023-10-07,S003,P0129,Furniture,South,120,138.63,90.68
2023-10-08,S003,P0129,Furniture,South,78,83.32,90.18
2023-10-09,S003,P0129,Furniture,North,68,66.27,90.48
2023-10-10,S003,P0129,Furniture,East,89,96.88,91.14
2023-10-11,S003,P0129,Furniture,East,58,74.72,108.79
2023-10-12,S003,P0129,Furniture,East,60,57.09,91.63
2023-10-13,S003,P0129,Furniture,North,87,111.61,108.01
2023-10-14,S003,P0129,Furniture,East,34,34.35,90.23
2023-10-15,S003,P0129,Furniture,North,69,68.61,89.5
2023-10-16,S003,P0129,Furniture,East,105,105.84,90.92
2023-10-17,S003,P0129,Furniture,East,111,127.83,89.54
2023-10-18,S003,P0129,Furniture,South,59,80.39,104.83
2023-10-19,S003,P0129,Furniture,North,89,94.89,90.11
2023-10-20,S003,P0129,Furniture,West,56,64.29,107.88
2023-10-21,S003,P0129,Furniture,West,129,171.13,105.58
2023-10-22,S003,P0129,Furniture,North,61,85.21,90.24
2023-10-23,S003,P0129,Furniture,North,74,88.7,89.9
2023-10-24,S003,P0129,Furniture,South,160,157.6,106.83
2023-10-25,S003,P0129,Furniture,West,92,107.24,90.03
2023-10-26,S003,P0129,Furniture,West,105,96.17,89.43
2023-10-27,S003,P0129,Furniture,North,50,46.64,90.38
2023-10-28,S003,P0129,Furniture,West,66,91.75,90.01
2023-10-29,S003,P0129,Furniture,South,40,57.54,90.62
2023-10-30,S003,P0129,Furniture,East,112,122.04,90.6
2023-10-31,S003,P0129,Furniture,North,104,99.68,90.65
2023-11-01,S003,P0129,Furniture,South,75,102.68,89.88
2023-11-02,S003,P0129,Furniture,East,55,76.47,89.16
2023-11-03,S003,P0129,Furniture,South,87,116.92,107.25
2023-11-04,S003,P0129,Furniture,South,101,105.28,86.91
2023-11-05,S003,P0129,Furniture,South,108,143.28,106.7
2023-11-06,S003,P0129,Furniture,South,68,90.76,91.16
2023-11-07,S003,P0129,Furniture,North,160,153.27,89.99
2023-11-08,S003,P0129,Furniture,North,43,46.32,92.25
2023-11-09,S003,P0129,Furniture,North,106,107.46,108.77
2023-11-10,S003,P0129,Furniture,South,22,23.41,87.27
2023-11-11,S003,P0129,Furniture,North,97,92.09,86.5
2023-11-12,S003,P0129,Furniture,East,65,78.72,88.87
2023-11-13,S003,P0129,Furniture,West,109,117.55,106.05
2023-11-14,S003,P0129,Furniture,West,74,100.85,107.59
2023-11-15,S003,P0129,Furniture,East,115,112.18,109.78
2023-11-16,S003,P0129,Furniture,West,144,178.0,108.54
2023-11-17,S003,P0129,Furniture,North,97,106.45,87.67
2023-11-18,S003,P0129,Furniture,West,119,130.44,89.21
2023-11-19,S003,P0129,Furniture,South,42,38.81,88.04
2023-11-20,S003,P0129,Furniture,North,57,77.86,90.81
2023-11-21,S003,P0129,Furniture,South,122,157.88,107.98
2023-11-22,S003,P0129,Furniture,North,111,120.24,91.17
2023-11-23,S003,P0129,Furniture,West,103,102.71,87.73
2023-11-24,S003,P0129,Furniture,North,68,90.74,87.56
2023-11-25,S003,P0129,Furniture,East,51,57.93,87.42
2023-11-26,S003,P0129,Furniture,East,79,86.83,88.06
2023-11-27,S003,P0129,Furniture,South,97,110.4,108.14
2023-11-28,S003,P0129,Furniture,West,102,112.85,88.54
2023-11-29,S003,P0129,Furniture,West,45,56.29,89.72
2023-11-30,S003,P0129,Furniture,West,55,74.83,89.33
2023-12-01,S003,P0129,Furniture,South,138,146.06,109.25
2023-12-02,S003,P0129,Furniture,East,129,124.11,88.66
2023-12-03,S003,P0129,Furniture,South,157,179.82,110.57
2023-12-04,S003,P0129,Furniture,East,61,68.71,90.44
2023-12-05,S003,P0129,Furniture,West,34,49.46,89.27
2023-12-06,S003,P0129,Furniture,North,82,96.2,90.75
2023-12-07,S003,P0129,Furniture,South,95,101.64,88.75
2023-12-08,S003,P0129,Furniture,North,166,180.85,108.26
2023-12-09,S003,P0129,Furniture,West,69,64.68,85.67
2023-12-10,S003,P0129,Furniture,West,62,65.06,88.94
2023-12-11,S003,P0129,Furniture,South,62,60.13,92.12
2023-12-12,S003,P0129,Furniture,South,76,78.71,90.83
2023-12-13,S003,P0129,Furniture,North,52,61.8,89.96
2023-12-14,S003,P0129,Furniture,North,103,98.16,91.15
2023-12-15,S003,P0129,Furniture,West,94,89.29,89.56
2023-12-16,S003,P0129,Furniture,South,110,135.56,90.65
2023-12-17,S003,P0129,Furniture,West,64,66.81,88.88
2023-12-18,S003,P0129,Furniture,East,103,142.16,87.89
2023-12-19,S003,P0129,Furniture,East,98,113.54,91.9
2023-12-20,S003,P0129,Furniture,North,116,142.88,107.03
2023-12-21,S003,P0129,Furniture,East,99,113.25,88.33
2023-12-22,S003,P0129,Furniture,South,88,101.65,87.29
2023-12-23,S003,P0129,Furniture,East,64,61.57,86.82
2023-12-24,S003,P0129,Furniture,West,98,91.84,88.28
2023-12-25,S003,P0129,Furniture,East,86,85.27,92.5
2023-12-26,S003,P0129,Furniture,South,108,108.19,88.68
2023-12-27,S003,P0129,Furniture,East,92,102.86,91.47
2023-12-28,S003,P0129,Furniture,East,140,129.24,90.22
2023-12-29,S003,P0129,Furniture,North,121,136.37,87.47
2023-12-30,S003,P0129,Furniture,West,92,97.99,86.88
2023-12-31,S003,P0129,Furniture,South,101,102.66,86.62
2023-10-01,S003,P0133,Clothing,South,34,44.92,91.14
2023-10-02,S003,P0133,Clothing,South,120,118.54,111.19
2023-10-03,S003,P0133,Clothing,West,82,93.06,110.2
2023-10-04,S003,P0133,Clothing,South,135,126.2,89.77
2023-10-05,S003,P0133,Clothing,East,81,95.2,90.64
2023-10-06,S003,P0133,Clothing,West,46,59.47,89.73
2023-10-07,S003,P0133,Clothing,North,119,119.68,90.97
2023-10-08,S003,P0133,Clothing,South,53,62.74,92.62
2023-10-09,S003,P0133,Clothing,South,93,87.32,89.9
2023-10-10,S003,P0133,Clothing,East,189,180.55,108.74
2023-10-11,S003,P0133,Clothing,East,87,85.3,89.47
2023-10-12,S003,P0133,Clothing,North,45,55.94,90.3
2023-10-13,S003,P0133,Clothing,North,89,112.06,89.75
2023-10-14,S003,P0133,Clothing,South,59,55.01,90.15
2023-10-15,S003,P0133,Clothing,West,100,99.32,90.42
2023-10-16,S003,P0133,Clothing,West,87,98.8,91.05
2023-10-17,S003,P0133,Clothing,South,92,123.54,89.84
2023-10-18,S003,P0133,Clothing,West,30,32.81,89.69
2023-10-19,S003,P0133,Clothing,South,103,116.91,89.84
2023-10-20,S003,P0133,Clothing,South,99,103.9,90.21
2023-10-21,S003,P0133,Clothing,East,56,56.46,90.48
2023-10-22,S003,P0133,Clothing,West,96,105.75,90.55
2023-10-23,S003,P0133,Clothing,East,117,163.25,90.65
2023-10-24,S003,P0133,Clothing,North,124,132.32,90.8
2023-10-25,S003,P0133,Clothing,South,75,89.44,90.38
2023-10-26,S003,P0133,Clothing,East,50,63.48,89.53
2023-10-27,S003,P0133,Clothing,South,90,90.33,90.5
2023-10-28,S003,P0133,Clothing,South,100,105.7,90.25
2023-10-29,S003,P0133,Clothing,East,67,72.34,110.99
2023-10-30,S003,P0133,Clothing,North,105,109.68,90.48
2023-10-31,S003,P0133,Clothing,South,76,102.68,92.05
2023-11-01,S003,P0133,Clothing,East,195,216.53,121.39
2023-11-02,S003,P0133,Clothing,East,158,173.64,120.51
2023-11-03,S003,P0133,Clothing,West,84,118.57,127.05
2023-11-04,S003,P0133,Clothing,North,237,222.61,143.75
2023-11-05,S003,P0133,Clothing,South,102,125.32,127.11
2023-11-06,S003,P0133,Clothing,West,142,163.06,156.26
2023-11-07,S003,P0133,Clothing,East,128,160.97,130.58
2023-11-08,S003,P0133,Clothing,West,123,159.86,122.97
2023-11-09,S003,P0133,Clothing,South,178,172.26,122.4
2023-11-10,S003,P0133,Clothing,West,186,173.56,156.26
2023-11-11,S003,P0133,Clothing,West,84,83.6,125.05
2023-11-12,S003,P0133,Clothing,North,123,153.81,121.99
2023-11-13,S003,P0133,Clothing,West,60,76.99,125.37
2023-11-14,S003,P0133,Clothing,North,85,116.45,127.29
2023-11-15,S003,P0133,Clothing,West,135,145.85,127.45
2023-11-16,S003,P0133,Clothing,West,104,124.22,123.97
2023-11-17,S003,P0133,Clothing,South,23,30.88,130.07
2023-11-18,S003,P0133,Clothing,South,142,197.92,120.86
2023-11-19,S003,P0133,Clothing,North,130,162.32,137.87
2023-11-20,S003,P0133,Clothing,West,140,166.37,118.79
2023-11-21,S003,P0133,Clothing,North,118,139.74,132.26
2023-11-22,S003,P0133,Clothing,North,156,144.99,127.64
2023-11-23,S003,P0133,Clothing,North,94,87.93,126.65
2023-11-24,S003,P0133,Clothing,East,89,115.25,136.46
2023-11-25,S003,P0133,Clothing,East,56,68.87,125.59
2023-11-26,S003,P0133,Clothing,North,136,162.68,121.55
2023-11-27,S003,P0133,Clothing,East,167,232.19,123.78
2023-11-28,S003,P0133,Clothing,West,158,155.9,123.19
2023-11-29,S003,P0133,Clothing,East,112,160.22,121.29
2023-11-30,S003,P0133,Clothing,South,118,127.43,124.34
2023-12-01,S003,P0133,Clothing,South,179,183.86,155.51
2023-12-02,S003,P0133,Clothing,West,155,189.07,124.11
2023-12-03,S003,P0133,Clothing,South,42,43.04,121.9
2023-12-04,S003,P0133,Clothing,East,77,96.7,127.6
2023-12-05,S003,P0133,Clothing,South,153,152.64,125.36
2023-12-06,S003,P0133,Clothing,South,137,156.65,126.31
2023-12-07,S003,P0133,Clothing,South,93,111.46,144.19
2023-12-08,S003,P0133,Clothing,West,74,85.86,121.28
2023-12-09,S003,P0133,Clothing,East,98,108.65,125.0
2023-12-10,S003,P0133,Clothing,North,199,181.77,124.76
2023-12-11,S003,P0133,Clothing,North,116,133.7,132.8
2023-12-12,S003,P0133,Clothing,West,167,184.25,124.63
2023-12-13,S003,P0133,Clothing,South,109,121.1,124.22
2023-12-14,S003,P0133,Clothing,North,169,157.71,125.47
2023-12-15,S003,P0133,Clothing,South,158,169.83,126.34
2023-12-16,S003,P0133,Clothing,North,250,239.82,137.76
2023-12-17,S003,P0133,Clothing,West,200,255.59,127.62
2023-12-18,S003,P0133,Clothing,East,147,157.75,164.55
2023-12-19,S003,P0133,Clothing,South,101,136.17,155.65
2023-12-20,S003,P0133,Clothing,South,165,192.56,123.92
2023-12-21,S003,P0133,Clothing,North,167,188.09,119.85
2023-12-22,S003,P0133,Clothing,South,94,125.56,111.89
2023-12-23,S003,P0133,Clothing,West,139,185.07,136.28
2023-12-24,S003,P0133,Clothing,South,98,93.39,123.46
2023-12-25,S003,P0133,Clothing,West,122,143.08,124.89
2023-12-26,S003,P0133,Clothing,East,147,146.63,126.12
2023-12-27,S003,P0133,Clothing,North,119,144.29,129.41
2023-12-28,S003,P0133,Clothing,West,72,88.28,126.46
2023-12-29,S003,P0133,Clothing,West,169,170.26,123.46
2023-12-30,S003,P0133,Clothing,South,145,137.9,127.34
2023-12-31,S003,P0133,Clothing,West,109,119.83,127.8
2023-10-01,S003,P0149,Furniture,East,77,99.66,90.42
2023-10-02,S003,P0149,Furniture,North,80,74.75,90.63
2023-10-03,S003,P0149,Furniture,South,72,98.38,90.61
2023-10-04,S003,P0149,Furniture,West,10,10.84,90.28
2023-10-05,S003,P0149,Furniture,East,101,108.16,91.37
2023-10-06,S003,P0149,Furniture,East,108,111.99,90.2
2023-10-07,S003,P0149,Furniture,North,83,97.24,90.1
2023-10-08,S003,P0149,Furniture,South,45,55.64,90.64
2023-10-09,S003,P0149,Furniture,South,116,106.87,90.45
2023-10-10,S003,P0149,Furniture,West,140,138.36,91.58
2023-10-11,S003,P0149,Furniture,North,74,76.84,89.76
2023-10-12,S003,P0149,Furniture,West,58,66.16,89.22
2023-10-13,S003,P0149,Furniture,North,88,110.34,89.65
2023-10-14,S003,P0149,Furniture,South,169,165.53,89.19
2023-10-15,S003,P0149,Furniture,West,119,130.09,88.88
2023-10-16,S003,P0149,Furniture,West,48,46.89,100.41
2023-10-17,S003,P0149,Furniture,West,107,122.0,89.0
2023-10-18,S003,P0149,Furniture,North,69,70.34,89.88
2023-10-19,S003,P0149,Furniture,East,85,93.02,89.0
2023-10-20,S003,P0149,Furniture,West,117,127.22,105.14
2023-10-21,S003,P0149,Furniture,North,108,104.4,89.77
2023-10-22,S003,P0149,Furniture,South,118,132.15,88.52
2023-10-23,S003,P0149,Furniture,South,77,81.8,88.18
2023-10-24,S003,P0149,Furniture,West,48,63.92,89.21
2023-10-25,S003,P0149,Furniture,West,153,161.58,90.65
2023-10-26,S003,P0149,Furniture,North,113,114.22,89.51
2023-10-27,S003,P0149,Furniture,North,84,119.16,109.0
2023-10-28,S003,P0149,Furniture,East,70,89.36,89.51
2023-10-29,S003,P0149,Furniture,West,48,66.48,89.33
2023-10-30,S003,P0149,Furniture,West,106,105.29,89.93
2023-10-31,S003,P0149,Furniture,West,72,74.72,90.91
2023-11-01,S003,P0149,Furniture,North,129,135.2,88.38
2023-11-02,S003,P0149,Furniture,West,50,55.13,88.77
2023-11-03,S003,P0149,Furniture,West,72,96.09,88.42
2023-11-04,S003,P0149,Furniture,North,142,153.33,87.8
2023-11-05,S003,P0149,Furniture,North,123,166.51,106.97
2023-11-06,S003,P0149,Furniture,East,41,45.94,91.12
2023-11-07,S003,P0149,Furniture,West,108,120.38,115.05
2023-11-08,S003,P0149,Furniture,West,81,97.81,91.83
2023-11-09,S003,P0149,Furniture,North,64,81.15,91.12
2023-11-10,S003,P0149,Furniture,South,143,143.83,87.5
2023-11-11,S003,P0149,Furniture,East,61,68.25,87.83
2023-11-12,S003,P0149,Furniture,South,96,123.17,88.1
2023-11-13,S003,P0149,Furniture,West,103,110.68,90.76
2023-11-14,S003,P0149,Furniture,South,143,131.55,98.35
2023-11-15,S003,P0149,Furniture,South,69,83.09,90.93
2023-11-16,S003,P0149,Furniture,West,67,78.95,91.07
2023-11-17,S003,P0149,Furniture,East,79,79.12,88.6
2023-11-18,S003,P0149,Furniture,East,152,145.0,107.5
2023-11-19,S003,P0149,Furniture,South,124,114.87,88.78
2023-11-20,S003,P0149,Furniture,West,105,137.16,103.84
2023-11-21,S003,P0149,Furniture,East,116,112.16,93.98
2023-11-22,S003,P0149,Furniture,South,117,146.7,91.44
2023-11-23,S003,P0149,Furniture,East,92,115.78,94.37
2023-11-24,S003,P0149,Furniture,West,134,123.1,92.02
2023-11-25,S003,P0149,Furniture,South,87,108.43,80.15
2023-11-26,S003,P0149,Furniture,West,50,63.41,87.84
2023-11-27,S003,P0149,Furniture,North,75,93.58,109.23
2023-11-28,S003,P0149,Furniture,West,67,75.69,91.98
2023-11-29,S003,P0149,Furniture,South,124,131.48,107.09
2023-11-30,S003,P0149,Furniture,West,97,88.59,89.37
2023-12-01,S003,P0149,Furniture,South,61,56.46,87.78
2023-12-02,S003,P0149,Furniture,East,115,115.17,89.04
2023-12-03,S003,P0149,Furniture,South,117,113.91,89.39
2023-12-04,S003,P0149,Furniture,East,91,130.66,107.12
2023-12-05,S003,P0149,Furniture,North,72,68.74,89.23
2023-12-06,S003,P0149,Furniture,East,103,116.23,107.44
2023-12-07,S003,P0149,Furniture,North,50,60.48,90.61
2023-12-08,S003,P0149,Furniture,North,75,100.57,88.49
2023-12-09,S003,P0149,Furniture,East,65,70.42,87.59
2023-12-10,S003,P0149,Furniture,North,85,107.18,89.56
2023-12-11,S003,P0149,Furniture,West,95,94.66,93.76
2023-12-12,S003,P0149,Furniture,South,73,104.42,89.89
2023-12-13,S003,P0149,Furniture,East,91,122.06,89.72
2023-12-14,S003,P0149,Furniture,East,113,131.28,88.86
2023-12-15,S003,P0149,Furniture,West,96,89.23,108.78
2023-12-16,S003,P0149,Furniture,West,57,77.44,109.11
2023-12-17,S003,P0149,Furniture,North,154,151.11,90.06
2023-12-18,S003,P0149,Furniture,South,101,114.11,89.98
2023-12-19,S003,P0149,Furniture,East,136,134.88,87.72
2023-12-20,S003,P0149,Furniture,North,129,119.15,91.48
2023-12-21,S003,P0149,Furniture,West,69,80.45,91.74
2023-12-22,S003,P0149,Furniture,East,95,101.44,83.94
2023-12-23,S003,P0149,Furniture,West,144,191.73,112.21
2023-12-24,S003,P0149,Furniture,North,155,144.65,89.02
2023-12-25,S003,P0149,Furniture,East,76,100.1,101.84
2023-12-26,S003,P0149,Furniture,West,59,59.68,87.44
2023-12-27,S003,P0149,Furniture,South,108,101.76,92.82
2023-12-28,S003,P0149,Furniture,West,141,129.83,89.75
2023-12-29,S003,P0149,Furniture,West,110,105.25,91.95
2023-12-30,S003,P0149,Furniture,South,30,42.77,93.39
2023-12-31,S003,P0149,Furniture,West,58,67.79,89.01
2023-10-01,S003,P0153,Furniture,West,85,103.99,87.49
2023-10-02,S003,P0153,Furniture,South,125,122.2,89.93
2023-10-03,S003,P0153,Furniture,South,49,68.56,90.88
2023-10-04,S003,P0153,Furniture,South,35,47.16,89.17
2023-10-05,S003,P0153,Furniture,East,62,67.61,110.07
2023-10-06,S003,P0153,Furniture,West,81,82.65,90.07
2023-10-07,S003,P0153,Furniture,South,95,99.67,89.85
2023-10-08,S003,P0153,Furniture,South,63,82.01,90.03
2023-10-09,S003,P0153,Furniture,West,100,128.71,108.01
2023-10-10,S003,P0153,Furniture,North,104,143.55,88.79
2023-10-11,S003,P0153,Furniture,North,90,111.7,89.92
2023-10-12,S003,P0153,Furniture,North,106,105.92,90.64
2023-10-13,S003,P0153,Furniture,West,103,109.75,90.74
2023-10-14,S003,P0153,Furniture,South,187,176.83,109.03
2023-10-15,S003,P0153,Furniture,South,8,11.77,110.64
2023-10-16,S003,P0153,Furniture,West,93,95.35,88.82
2023-10-17,S003,P0153,Furniture,South,38,53.33,90.06
2023-10-18,S003,P0153,Furniture,East,80,87.68,90.77
2023-10-19,S003,P0153,Furniture,East,90,102.85,90.35
2023-10-20,S003,P0153,Furniture,North,61,72.47,90.16
2023-10-21,S003,P0153,Furniture,South,111,135.94,110.06
2023-10-22,S003,P0153,Furniture,East,95,109.24,86.61
2023-10-23,S003,P0153,Furniture,East,76,76.06,111.18
2023-10-24,S003,P0153,Furniture,East,59,76.02,89.62
2023-10-25,S003,P0153,Furniture,East,44,47.37,89.55
2023-10-26,S003,P0153,Furniture,North,37,39.87,90.79
2023-10-27,S003,P0153,Furniture,North,95,113.87,108.67
2023-10-28,S003,P0153,Furniture,West,29,34.32,90.17
2023-10-29,S003,P0153,Furniture,East,152,155.95,110.43
2023-10-30,S003,P0153,Furniture,South,109,140.18,89.67
2023-10-31,S003,P0153,Furniture,North,113,114.99,89.66
2023-11-01,S003,P0153,Furniture,South,43,56.46,89.75
2023-11-02,S003,P0153,Furniture,West,111,119.29,89.41
2023-11-03,S003,P0153,Furniture,South,96,118.98,87.56
2023-11-04,S003,P0153,Furniture,East,94,98.94,87.48
2023-11-05,S003,P0153,Furniture,South,128,123.82,83.85
2023-11-06,S003,P0153,Furniture,North,159,157.09,89.39
2023-11-07,S003,P0153,Furniture,East,131,139.98,109.96
2023-11-08,S003,P0153,Furniture,East,88,117.76,84.41
2023-11-09,S003,P0153,Furniture,North,96,99.57,88.93
2023-11-10,S003,P0153,Furniture,South,45,41.78,90.08
2023-11-11,S003,P0153,Furniture,South,105,145.48,88.34
2023-11-12,S003,P0153,Furniture,North,108,121.52,109.07
2023-11-13,S003,P0153,Furniture,West,73,103.38,90.04
2023-11-14,S003,P0153,Furniture,East,63,84.09,91.53
2023-11-15,S003,P0153,Furniture,East,70,92.94,89.34
2023-11-16,S003,P0153,Furniture,South,99,99.53,90.42
2023-11-17,S003,P0153,Furniture,East,138,170.79,107.96
2023-11-18,S003,P0153,Furniture,East,12,13.38,88.31
2023-11-19,S003,P0153,Furniture,East,65,74.36,89.19
2023-11-20,S003,P0153,Furniture,South,72,77.79,89.23
2023-11-21,S003,P0153,Furniture,North,37,46.56,92.43
2023-11-22,S003,P0153,Furniture,North,81,93.94,91.18
2023-11-23,S003,P0153,Furniture,West,58,78.18,111.55
2023-11-24,S003,P0153,Furniture,South,119,109.27,88.54
2023-11-25,S003,P0153,Furniture,North,251,229.95,105.97
2023-11-26,S003,P0153,Furniture,North,70,68.02,88.75
2023-11-27,S003,P0153,Furniture,South,80,103.05,91.22
2023-11-28,S003,P0153,Furniture,East,116,132.07,92.27
2023-11-29,S003,P0153,Furniture,West,103,139.59,89.64
2023-11-30,S003,P0153,Furniture,East,106,101.73,90.59
2023-12-01,S003,P0153,Furniture,North,134,125.25,98.22
2023-12-02,S003,P0153,Furniture,East,62,70.83,89.35
2023-12-03,S003,P0153,Furniture,West,110,104.16,88.4
2023-12-04,S003,P0153,Furniture,North,81,98.71,89.31
2023-12-05,S003,P0153,Furniture,West,78,79.63,89.16
2023-12-06,S003,P0153,Furniture,West,93,132.29,88.63
2023-12-07,S003,P0153,Furniture,East,105,110.77,88.47
2023-12-08,S003,P0153,Furniture,West,98,121.7,87.79
2023-12-09,S003,P0153,Furniture,South,113,108.56,87.62
2023-12-10,S003,P0153,Furniture,North,39,44.9,89.12
2023-12-11,S003,P0153,Furniture,South,29,32.03,89.83
2023-12-12,S003,P0153,Furniture,North,98,91.4,91.9
2023-12-13,S003,P0153,Furniture,South,119,128.23,107.38
2023-12-14,S003,P0153,Furniture,North,83,87.32,108.91
2023-12-15,S003,P0153,Furniture,South,120,128.27,109.6
2023-12-16,S003,P0153,Furniture,East,161,157.41,110.15
2023-12-17,S003,P0153,Furniture,North,109,128.68,110.88
2023-12-18,S003,P0153,Furniture,West,69,73.69,91.51
2023-12-19,S003,P0153,Furniture,South,88,120.2,95.6
2023-12-20,S003,P0153,Furniture,West,131,131.92,95.04
2023-12-21,S003,P0153,Furniture,North,77,79.57,94.09
2023-12-22,S003,P0153,Furniture,South,58,82.15,99.34
2023-12-23,S003,P0153,Furniture,West,139,128.35,86.34
2023-12-24,S003,P0153,Furniture,East,64,58.76,88.76
2023-12-25,S003,P0153,Furniture,South,55,59.75,89.24
2023-12-26,S003,P0153,Furniture,North,72,86.46,89.75
2023-12-27,S003,P0153,Furniture,West,102,118.74,111.13
2023-12-28,S003,P0153,Furniture,East,126,121.67,109.81
2023-12-29,S003,P0153,Furniture,North,120,147.96,87.71
2023-12-30,S003,P0153,Furniture,West,87,106.72,88.67
2023-12-31,S003,P0153,Furniture,North,53,73.98,92.08
2023-10-01,S003,P0159,Electronics,North,69,81.29,90.41
2023-10-02,S003,P0159,Electronics,East,121,114.7,89.92
2023-10-03,S003,P0159,Electronics,East,121,113.0,89.84
2023-10-04,S003,P0159,Electronics,South,128,118.2,90.68
2023-10-05,S003,P0159,Electronics,West,168,166.71,109.62
2023-10-06,S003,P0159,Electronics,South,62,83.46,92.99
2023-10-07,S003,P0159,Electronics,North,76,72.06,67.83
2023-10-08,S003,P0159,Electronics,South,82,102.53,108.41
2023-10-09,S003,P0159,Electronics,South,68,79.96,71.82
2023-10-10,S003,P0159,Electronics,South,121,121.07,90.25
2023-10-11,S003,P0159,Electronics,North,72,71.73,91.28
2023-10-12,S003,P0159,Electronics,South,128,126.63,93.61
2023-10-13,S003,P0159,Electronics,South,99,110.5,104.53
2023-10-14,S003,P0159,Electronics,South,107,116.13,91.53
2023-10-15,S003,P0159,Electronics,West,33,44.26,90.23
2023-10-16,S003,P0159,Electronics,East,30,41.33,69.99
2023-10-17,S003,P0159,Electronics,North,73,79.87,71.24
2023-10-18,S003,P0159,Electronics,South,61,74.67,87.86
2023-10-19,S003,P0159,Electronics,South,61,84.7,90.78
2023-10-20,S003,P0159,Electronics,West,183,169.23,102.81
2023-10-21,S003,P0159,Electronics,West,77,102.68,71.86
2023-10-22,S003,P0159,Electronics,West,126,158.65,105.15
2023-10-23,S003,P0159,Electronics,East,84,88.03,67.27
2023-10-24,S003,P0159,Electronics,West,115,150.34,91.32
2023-10-25,S003,P0159,Electronics,South,121,113.65,91.08
2023-10-26,S003,P0159,Electronics,East,124,133.41,92.58
2023-10-27,S003,P0159,Electronics,North,35,46.94,86.96
2023-10-28,S003,P0159,Electronics,North,71,64.98,70.3
2023-10-29,S003,P0159,Electronics,North,91,107.84,93.35
2023-10-30,S003,P0159,Electronics,South,99,116.46,89.99
2023-10-31,S003,P0159,Electronics,South,58,81.45,70.49
2023-11-01,S003,P0159,Electronics,North,69,64.84,70.59
2023-11-02,S003,P0159,Electronics,East,75,77.9,89.97
2023-11-03,S003,P0159,Electronics,West,110,153.19,83.54
2023-11-04,S003,P0159,Electronics,West,49,67.13,70.08
2023-11-05,S003,P0159,Electronics,East,105,97.33,88.67
2023-11-06,S003,P0159,Electronics,East,74,79.69,91.54
2023-11-07,S003,P0159,Electronics,South,138,171.02,88.66
2023-11-08,S003,P0159,Electronics,South,104,123.69,90.18
2023-11-09,S003,P0159,Electronics,North,66,70.37,70.35
2023-11-10,S003,P0159,Electronics,West,63,87.78,90.49
2023-11-11,S003,P0159,Electronics,East,85,89.92,93.76
2023-11-12,S003,P0159,Electronics,East,142,136.67,90.61
2023-11-13,S003,P0159,Electronics,East,110,125.5,90.75
2023-11-14,S003,P0159,Electronics,West,33,39.95,93.09
2023-11-15,S003,P0159,Electronics,North,62,81.62,98.32
2023-11-16,S003,P0159,Electronics,West,127,153.02,69.28
2023-11-17,S003,P0159,Electronics,North,91,122.07,90.91
2023-11-18,S003,P0159,Electronics,East,60,65.96,108.27
2023-11-19,S003,P0159,Electronics,East,48,67.02,90.81
2023-11-20,S003,P0159,Electronics,North,39,43.73,89.4
2023-11-21,S003,P0159,Electronics,West,42,52.82,88.64
2023-11-22,S003,P0159,Electronics,East,72,78.0,89.87
2023-11-23,S003,P0159,Electronics,East,130,140.26,89.68
2023-11-24,S003,P0159,Electronics,West,117,121.7,89.64
2023-11-25,S003,P0159,Electronics,East,101,119.96,90.93
2023-11-26,S003,P0159,Electronics,West,93,110.64,90.48
2023-11-27,S003,P0159,Electronics,South,114,108.73,89.36
2023-11-28,S003,P0159,Electronics,West,86,90.72,71.05
2023-11-29,S003,P0159,Electronics,South,55,71.78,92.86
2023-11-30,S003,P0159,Electronics,West,118,126.09,105.03
2023-12-01,S003,P0159,Electronics,North,156,143.08,89.49
2023-12-02,S003,P0159,Electronics,East,85,116.93,68.43
2023-12-03,S003,P0159,Electronics,West,73,79.37,69.24
2023-12-04,S003,P0159,Electronics,East,46,50.44,90.03
2023-12-05,S003,P0159,Electronics,East,74,76.47,71.81
2023-12-06,S003,P0159,Electronics,West,73,72.47,90.45
2023-12-07,S003,P0159,Electronics,East,40,57.91,70.11
2023-12-08,S003,P0159,Electronics,East,44,49.03,89.46
2023-12-09,S003,P0159,Electronics,West,89,118.35,106.83
2023-12-10,S003,P0159,Electronics,East,131,122.33,100.64
2023-12-11,S003,P0159,Electronics,North,120,135.65,91.06
2023-12-12,S003,P0159,Electronics,East,90,93.26,89.99
2023-12-13,S003,P0159,Electronics,East,106,141.34,90.68
2023-12-14,S003,P0159,Electronics,East,71,83.8,91.01
2023-12-15,S003,P0159,Electronics,West,90,89.74,92.29
2023-12-16,S003,P0159,Electronics,South,108,125.31,88.33
2023-12-17,S003,P0159,Electronics,East,57,71.35,69.41
2023-12-18,S003,P0159,Electronics,West,145,161.55,88.97
2023-12-19,S003,P0159,Electronics,North,126,119.48,91.12
2023-12-20,S003,P0159,Electronics,West,68,91.14,85.44
2023-12-21,S003,P0159,Electronics,North,63,83.95,90.89
2023-12-22,S003,P0159,Electronics,East,114,107.89,85.15
2023-12-23,S003,P0159,Electronics,West,30,37.72,68.4
2023-12-24,S003,P0159,Electronics,West,74,88.63,71.14
2023-12-25,S003,P0159,Electronics,West,91,99.59,72.58
2023-12-26,S003,P0159,Electronics,North,141,160.16,92.82
2023-12-27,S003,P0159,Electronics,East,19,19.24,71.51
2023-12-28,S003,P0159,Electronics,North,87,98.87,88.85
2023-12-29,S003,P0159,Electronics,West,108,131.9,90.28
2023-12-30,S003,P0159,Electronics,East,85,111.42,90.5
2023-12-31,S003,P0159,Electronics,West,129,124.82,89.48
2023-10-01,S003,P0166,Groceries,East,136,131.4,90.02
2023-10-02,S003,P0166,Groceries,North,104,121.02,104.17
2023-10-03,S003,P0166,Groceries,North,67,92.2,97.99
2023-10-04,S003,P0166,Groceries,North,95,122.33,89.54
2023-10-05,S003,P0166,Groceries,West,92,105.7,90.28
2023-10-06,S003,P0166,Groceries,West,140,160.72,109.57
2023-10-07,S003,P0166,Groceries,West,70,64.31,96.96
2023-10-08,S003,P0166,Groceries,West,86,81.82,95.54
2023-10-09,S003,P0166,Groceries,East,107,142.52,87.3
2023-10-10,S003,P0166,Groceries,East,90,87.62,87.56
2023-10-11,S003,P0166,Groceries,East,99,96.15,89.05
2023-10-12,S003,P0166,Groceries,East,57,70.03,86.61
2023-10-13,S003,P0166,Groceries,West,96,98.34,89.92
2023-10-14,S003,P0166,Groceries,North,121,119.94,105.12
2023-10-15,S003,P0166,Groceries,South,107,134.15,87.43
2023-10-16,S003,P0166,Groceries,North,104,107.64,88.13
2023-10-17,S003,P0166,Groceries,West,28,26.57,85.69
2023-10-18,S003,P0166,Groceries,West,172,171.72,108.94
2023-10-19,S003,P0166,Groceries,East,79,73.21,85.25
2023-10-20,S003,P0166,Groceries,South,90,100.64,94.75
2023-10-21,S003,P0166,Groceries,South,129,142.24,94.11
2023-10-22,S003,P0166,Groceries,West,144,141.12,97.44
2023-10-23,S003,P0166,Groceries,West,72,98.51,92.12
2023-10-24,S003,P0166,Groceries,South,116,150.5,89.97
2023-10-25,S003,P0166,Groceries,West,101,109.7,84.4
2023-10-26,S003,P0166,Groceries,East,107,119.27,87.0
2023-10-27,S003,P0166,Groceries,North,154,148.46,86.62
2023-10-28,S003,P0166,Groceries,West,143,153.99,83.12
2023-10-29,S003,P0166,Groceries,East,112,129.9,132.37
2023-10-30,S003,P0166,Groceries,East,132,143.32,81.01
2023-10-31,S003,P0166,Groceries,South,119,109.55,84.18
2023-11-01,S003,P0166,Groceries,West,94,98.76,101.03
2023-11-02,S003,P0166,Groceries,West,35,48.82,91.42
2023-11-03,S003,P0166,Groceries,West,108,102.48,91.73
2023-11-04,S003,P0166,Groceries,South,64,75.29,90.16
2023-11-05,S003,P0166,Groceries,East,91,116.25,88.74
2023-11-06,S003,P0166,Groceries,West,88,84.54,91.59
2023-11-07,S003,P0166,Groceries,West,130,154.22,90.33
2023-11-08,S003,P0166,Groceries,West,66,75.53,91.38
2023-11-09,S003,P0166,Groceries,West,83,93.18,90.62
2023-11-10,S003,P0166,Groceries,West,179,179.94,88.5
2023-11-11,S003,P0166,Groceries,West,75,83.03,91.52
2023-11-12,S003,P0166,Groceries,West,85,81.16,89.25
2023-11-13,S003,P0166,Groceries,South,85,102.66,91.86
2023-11-14,S003,P0166,Groceries,North,64,71.89,93.26
2023-11-15,S003,P0166,Groceries,West,108,113.93,89.43
2023-11-16,S003,P0166,Groceries,East,117,109.21,92.42
2023-11-17,S003,P0166,Groceries,West,23,25.24,88.14
2023-11-18,S003,P0166,Groceries,South,127,158.35,86.89
2023-11-19,S003,P0166,Groceries,West,110,108.88,89.27
2023-11-20,S003,P0166,Groceries,South,100,125.69,108.24
2023-11-21,S003,P0166,Groceries,West,72,102.37,90.89
2023-11-22,S003,P0166,Groceries,East,134,147.22,91.1
2023-11-23,S003,P0166,Groceries,South,105,135.03,89.94
2023-11-24,S003,P0166,Groceries,North,111,141.08,88.09
2023-11-25,S003,P0166,Groceries,West,124,120.97,91.01
2023-11-26,S003,P0166,Groceries,West,148,140.72,90.17
2023-11-27,S003,P0166,Groceries,North,112,121.24,91.03
2023-11-28,S003,P0166,Groceries,North,116,142.11,90.27
2023-11-29,S003,P0166,Groceries,West,83,79.36,85.5
2023-11-30,S003,P0166,Groceries,East,117,113.34,88.16
2023-12-01,S003,P0166,Groceries,South,87,97.97,94.08
2023-12-02,S003,P0166,Groceries,East,83,114.51,90.89
2023-12-03,S003,P0166,Groceries,South,73,102.22,89.67
2023-12-04,S003,P0166,Groceries,East,67,64.02,90.93
2023-12-05,S003,P0166,Groceries,West,96,113.45,106.01
2023-12-06,S003,P0166,Groceries,East,62,66.73,91.33
2023-12-07,S003,P0166,Groceries,West,108,132.57,91.16
2023-12-08,S003,P0166,Groceries,West,111,141.34,105.16
2023-12-09,S003,P0166,Groceries,South,38,49.14,86.91
2023-12-10,S003,P0166,Groceries,North,57,60.31,92.25
2023-12-11,S003,P0166,Groceries,East,158,157.51,90.61
2023-12-12,S003,P0166,Groceries,North,142,134.82,93.67
2023-12-13,S003,P0166,Groceries,North,92,107.54,94.45
2023-12-14,S003,P0166,Groceries,North,102,137.24,108.84
2023-12-15,S003,P0166,Groceries,South,59,69.55,87.83
2023-12-16,S003,P0166,Groceries,North,91,115.53,90.44
2023-12-17,S003,P0166,Groceries,West,48,55.49,89.51
2023-12-18,S003,P0166,Groceries,West,104,104.86,89.46
2023-12-19,S003,P0166,Groceries,South,143,140.87,89.15
2023-12-20,S003,P0166,Groceries,South,155,150.03,89.2
2023-12-21,S003,P0166,Groceries,North,99,133.68,88.34
2023-12-22,S003,P0166,Groceries,East,71,98.7,87.16
2023-12-23,S003,P0166,Groceries,West,64,73.17,110.98
2023-12-24,S003,P0166,Groceries,West,25,28.71,92.22
2023-12-25,S003,P0166,Groceries,East,77,104.08,106.77
2023-12-26,S003,P0166,Groceries,South,91,101.48,90.88
2023-12-27,S003,P0166,Groceries,South,40,37.9,90.54
2023-12-28,S003,P0166,Groceries,East,70,95.89,90.34
2023-12-29,S003,P0166,Groceries,South,101,138.12,93.51
2023-12-30,S003,P0166,Groceries,West,125,140.96,89.3
2023-12-31,S003,P0166,Groceries,West,30,28.46,89.91
2023-10-01,S003,P0171,Electronics,West,103,96.98,91.35
2023-10-02,S003,P0171,Electronics,South,101,93.06,89.66
2023-10-03,S003,P0171,Electronics,North,45,56.5,71.97
2023-10-04,S003,P0171,Electronics,West,59,67.78,72.62
2023-10-05,S003,P0171,Electronics,South,111,136.36,90.26
2023-10-06,S003,P0171,Electronics,North,61,83.76,90.58
2023-10-07,S003,P0171,Electronics,East,58,74.85,89.37
2023-10-08,S003,P0171,Electronics,North,106,106.63,89.76
2023-10-09,S003,P0171,Electronics,East,120,126.29,90.4
2023-10-10,S003,P0171,Electronics,South,78,90.04,71.0
2023-10-11,S003,P0171,Electronics,West,78,82.64,91.16
2023-10-12,S003,P0171,Electronics,West,115,119.75,72.47
2023-10-13,S003,P0171,Electronics,East,128,117.31,106.64
2023-10-14,S003,P0171,Electronics,West,61,73.03,90.33
2023-10-15,S003,P0171,Electronics,West,120,125.06,89.97
2023-10-16,S003,P0171,Electronics,West,33,42.05,90.0
2023-10-17,S003,P0171,Electronics,South,107,129.23,106.24
2023-10-18,S003,P0171,Electronics,North,56,63.45,90.84
2023-10-19,S003,P0171,Electronics,West,103,96.38,89.32
2023-10-20,S003,P0171,Electronics,West,108,115.17,91.1
2023-10-21,S003,P0171,Electronics,South,111,124.34,73.99
2023-10-22,S003,P0171,Electronics,West,59,57.65,89.84
2023-10-23,S003,P0171,Electronics,East,99,90.59,91.68
2023-10-24,S003,P0171,Electronics,West,120,122.27,90.79
2023-10-25,S003,P0171,Electronics,South,67,84.01,90.17
2023-10-26,S003,P0171,Electronics,West,130,143.31,90.18
2023-10-27,S003,P0171,Electronics,North,43,53.07,70.84
2023-10-28,S003,P0171,Electronics,South,25,32.55,90.56
2023-10-29,S003,P0171,Electronics,West,102,100.48,74.03
2023-10-30,S003,P0171,Electronics,North,61,80.86,94.35
2023-10-31,S003,P0171,Electronics,South,102,107.51,89.81
2023-11-01,S003,P0171,Electronics,West,48,54.09,71.97
2023-11-02,S003,P0171,Electronics,West,95,117.51,90.26
2023-11-03,S003,P0171,Electronics,North,94,106.04,89.36
2023-11-04,S003,P0171,Electronics,South,98,125.47,106.78
2023-11-05,S003,P0171,Electronics,North,89,88.28,89.92
2023-11-06,S003,P0171,Electronics,South,40,38.16,90.19
2023-11-07,S003,P0171,Electronics,North,46,65.26,90.24
2023-11-08,S003,P0171,Electronics,East,112,103.8,89.69
2023-11-09,S003,P0171,Electronics,North,72,72.1,72.06
2023-11-10,S003,P0171,Electronics,South,101,96.8,89.64
2023-11-11,S003,P0171,Electronics,West,42,50.11,90.14
2023-11-12,S003,P0171,Electronics,South,71,80.79,89.61
2023-11-13,S003,P0171,Electronics,North,79,101.43,88.7
2023-11-14,S003,P0171,Electronics,South,98,121.07,83.25
2023-11-15,S003,P0171,Electronics,North,126,118.66,88.59
2023-11-16,S003,P0171,Electronics,West,55,56.34,73.53
2023-11-17,S003,P0171,Electronics,North,100,96.77,108.01
2023-11-18,S003,P0171,Electronics,North,83,82.25,90.59
2023-11-19,S003,P0171,Electronics,North,94,116.23,89.26
2023-11-20,S003,P0171,Electronics,East,107,114.63,111.96
2023-11-21,S003,P0171,Electronics,West,53,55.05,88.49
2023-11-22,S003,P0171,Electronics,North,71,82.9,89.81
2023-11-23,S003,P0171,Electronics,West,87,101.59,90.13
2023-11-24,S003,P0171,Electronics,West,135,136.06,89.99
2023-11-25,S003,P0171,Electronics,North,108,116.44,70.24
2023-11-26,S003,P0171,Electronics,West,130,130.11,90.27
2023-11-27,S003,P0171,Electronics,East,32,30.73,89.52
2023-11-28,S003,P0171,Electronics,South,95,117.91,107.01
2023-11-29,S003,P0171,Electronics,East,106,111.07,72.85
2023-11-30,S003,P0171,Electronics,South,120,134.1,84.07
2023-12-01,S003,P0171,Electronics,North,34,32.51,89.33
2023-12-02,S003,P0171,Electronics,South,134,145.32,90.25
2023-12-03,S003,P0171,Electronics,East,39,56.76,72.57
2023-12-04,S003,P0171,Electronics,North,95,114.14,90.01
2023-12-05,S003,P0171,Electronics,South,78,94.3,89.08
2023-12-06,S003,P0171,Electronics,North,69,96.11,89.27
2023-12-07,S003,P0171,Electronics,South,75,69.27,89.47
2023-12-08,S003,P0171,Electronics,East,69,82.76,90.36
2023-12-09,S003,P0171,Electronics,West,116,116.51,89.93
2023-12-10,S003,P0171,Electronics,North,89,97.41,71.85
2023-12-11,S003,P0171,Electronics,North,156,165.53,90.02
2023-12-12,S003,P0171,Electronics,West,117,124.08,89.81
2023-12-13,S003,P0171,Electronics,West,85,110.31,88.95
2023-12-14,S003,P0171,Electronics,North,138,154.55,84.63
2023-12-15,S003,P0171,Electronics,East,74,103.92,89.49
2023-12-16,S003,P0171,Electronics,South,104,106.14,69.73
2023-12-17,S003,P0171,Electronics,East,125,157.01,86.61
2023-12-18,S003,P0171,Electronics,East,98,92.86,89.8
2023-12-19,S003,P0171,Electronics,South,90,97.26,89.91
2023-12-20,S003,P0171,Electronics,South,62,75.99,70.17
2023-12-21,S003,P0171,Electronics,South,74,90.39,88.53
2023-12-22,S003,P0171,Electronics,West,94,87.53,89.09
2023-12-23,S003,P0171,Electronics,North,134,127.11,111.1
2023-12-24,S003,P0171,Electronics,West,95,101.66,90.34
2023-12-25,S003,P0171,Electronics,North,99,134.6,90.05
2023-12-26,S003,P0171,Electronics,North,83,80.48,89.49
2023-12-27,S003,P0171,Electronics,North,86,103.87,72.36
2023-12-28,S003,P0171,Electronics,East,95,90.3,88.38
2023-12-29,S003,P0171,Electronics,West,72,75.59,89.6
2023-12-30,S003,P0171,Electronics,South,76,74.75,74.23
2023-12-31,S003,P0171,Electronics,South,63,67.34,89.69
2023-10-01,S003,P0175,Electronics,East,78,86.69,89.75
2023-10-02,S003,P0175,Electronics,East,120,113.57,90.21
2023-10-03,S003,P0175,Electronics,West,60,55.88,89.55
2023-10-04,S003,P0175,Electronics,West,180,165.08,107.12
2023-10-05,S003,P0175,Electronics,West,95,129.38,106.78
2023-10-06,S003,P0175,Electronics,East,94,94.01,108.43
2023-10-07,S003,P0175,Electronics,East,117,131.67,89.42
2023-10-08,S003,P0175,Electronics,North,130,152.48,89.12
2023-10-09,S003,P0175,Electronics,South,77,107.66,87.82
2023-10-10,S003,P0175,Electronics,South,167,163.89,109.67
2023-10-11,S003,P0175,Electronics,South,57,80.94,80.98
2023-10-12,S003,P0175,Electronics,East,81,102.64,90.71
2023-10-13,S003,P0175,Electronics,East,120,117.78,82.43
2023-10-14,S003,P0175,Electronics,West,76,96.01,71.8
2023-10-15,S003,P0175,Electronics,North,99,110.46,83.29
2023-10-16,S003,P0175,Electronics,South,83,101.18,89.9
2023-10-17,S003,P0175,Electronics,West,41,44.64,107.2
2023-10-18,S003,P0175,Electronics,West,115,115.38,89.68
2023-10-19,S003,P0175,Electronics,East,55,51.38,67.85
2023-10-20,S003,P0175,Electronics,North,104,144.86,108.59
2023-10-21,S003,P0175,Electronics,South,126,166.12,90.79
2023-10-22,S003,P0175,Electronics,West,115,106.07,91.59
2023-10-23,S003,P0175,Electronics,East,136,143.85,89.12
2023-10-24,S003,P0175,Electronics,West,122,115.82,89.44
2023-10-25,S003,P0175,Electronics,East,30,39.84,88.8
2023-10-26,S003,P0175,Electronics,East,92,89.93,88.15
2023-10-27,S003,P0175,Electronics,North,91,113.28,89.44
2023-10-28,S003,P0175,Electronics,West,117,111.48,89.56
2023-10-29,S003,P0175,Electronics,East,115,115.61,69.35
2023-10-30,S003,P0175,Electronics,South,177,167.96,72.5
2023-10-31,S003,P0175,Electronics,South,88,95.09,73.36
2023-11-01,S003,P0175,Electronics,East,135,128.77,90.23
2023-11-02,S003,P0175,Electronics,East,155,195.38,98.74
2023-11-03,S003,P0175,Electronics,West,76,105.55,89.44
2023-11-04,S003,P0175,Electronics,East,82,79.31,81.71
2023-11-05,S003,P0175,Electronics,North,86,94.87,71.57
2023-11-06,S003,P0175,Electronics,East,97,134.5,91.28
2023-11-07,S003,P0175,Electronics,West,161,159.11,107.18
2023-11-08,S003,P0175,Electronics,West,100,122.41,90.4
2023-11-09,S003,P0175,Electronics,South,82,87.28,110.38
2023-11-10,S003,P0175,Electronics,South,47,63.3,68.56
2023-11-11,S003,P0175,Electronics,East,166,172.78,112.78
2023-11-12,S003,P0175,Electronics,North,83,79.33,89.75
2023-11-13,S003,P0175,Electronics,North,96,123.4,90.37
2023-11-14,S003,P0175,Electronics,South,87,122.09,89.74
2023-11-15,S003,P0175,Electronics,West,57,68.77,69.67
2023-11-16,S003,P0175,Electronics,South,114,116.35,107.16
2023-11-17,S003,P0175,Electronics,West,81,91.63,107.54
2023-11-18,S003,P0175,Electronics,South,62,65.41,72.74
2023-11-19,S003,P0175,Electronics,West,73,90.03,73.69
2023-11-20,S003,P0175,Electronics,West,94,89.58,90.26
2023-11-21,S003,P0175,Electronics,North,60,75.59,90.54
2023-11-22,S003,P0175,Electronics,West,48,58.0,89.27
2023-11-23,S003,P0175,Electronics,East,69,97.32,71.85
2023-11-24,S003,P0175,Electronics,North,93,102.88,89.07
2023-11-25,S003,P0175,Electronics,South,74,78.98,68.68
2023-11-26,S003,P0175,Electronics,South,94,106.7,73.82
2023-11-27,S003,P0175,Electronics,South,72,67.06,89.2
2023-11-28,S003,P0175,Electronics,North,81,75.76,89.46
2023-11-29,S003,P0175,Electronics,North,74,81.14,89.62
2023-11-30,S003,P0175,Electronics,South,107,97.81,89.65
2023-12-01,S003,P0175,Electronics,North,132,127.18,89.3
2023-12-02,S003,P0175,Electronics,North,48,65.95,70.25
2023-12-03,S003,P0175,Electronics,South,79,77.04,89.71
2023-12-04,S003,P0175,Electronics,East,68,62.68,107.36
2023-12-05,S003,P0175,Electronics,North,105,99.3,89.44
2023-12-06,S003,P0175,Electronics,West,87,119.8,73.25
2023-12-07,S003,P0175,Electronics,South,110,126.75,90.07
2023-12-08,S003,P0175,Electronics,South,40,55.86,72.49
2023-12-09,S003,P0175,Electronics,North,101,103.72,69.45
2023-12-10,S003,P0175,Electronics,North,98,137.8,72.94
2023-12-11,S003,P0175,Electronics,East,89,118.36,91.05
2023-12-12,S003,P0175,Electronics,West,133,133.81,91.85
2023-12-13,S003,P0175,Electronics,West,38,37.68,116.08
2023-12-14,S003,P0175,Electronics,North,114,130.69,93.44
2023-12-15,S003,P0175,Electronics,North,65,83.21,91.51
2023-12-16,S003,P0175,Electronics,West,36,41.48,74.38
2023-12-17,S003,P0175,Electronics,South,38,39.94,72.85
2023-12-18,S003,P0175,Electronics,South,72,100.37,67.28
2023-12-19,S003,P0175,Electronics,West,151,146.71,111.21
2023-12-20,S003,P0175,Electronics,East,69,68.32,69.76
2023-12-21,S003,P0175,Electronics,South,27,29.05,89.46
2023-12-22,S003,P0175,Electronics,South,52,69.63,90.21
2023-12-23,S003,P0175,Electronics,North,99,94.17,89.23
2023-12-24,S003,P0175,Electronics,East,111,125.16,89.47
2023-12-25,S003,P0175,Electronics,West,76,106.54,89.93
2023-12-26,S003,P0175,Electronics,South,73,104.47,115.29
2023-12-27,S003,P0175,Electronics,East,61,87.4,90.02
2023-12-28,S003,P0175,Electronics,North,70,92.59,88.33
2023-12-29,S003,P0175,Electronics,East,60,55.92,71.37
2023-12-30,S003,P0175,Electronics,East,109,125.88,109.55
2023-12-31,S003,P0175,Electronics,East,51,72.17,89.89
2023-10-01,S003,P0178,Clothing,North,75,104.21,90.54
2023-10-02,S003,P0178,Clothing,West,117,114.07,106.69
2023-10-03,S003,P0178,Clothing,North,154,157.0,89.94
2023-10-04,S003,P0178,Clothing,East,64,89.59,90.65
2023-10-05,S003,P0178,Clothing,North,159,147.32,89.49
2023-10-06,S003,P0178,Clothing,East,58,61.38,90.7
2023-10-07,S003,P0178,Clothing,West,93,89.39,89.43
2023-10-08,S003,P0178,Clothing,West,87,117.77,110.4
2023-10-09,S003,P0178,Clothing,East,140,154.55,89.59
2023-10-10,S003,P0178,Clothing,East,159,150.6,93.02
2023-10-11,S003,P0178,Clothing,East,152,164.29,108.13
2023-10-12,S003,P0178,Clothing,West,153,150.01,106.19
2023-10-13,S003,P0178,Clothing,East,67,75.08,92.67
2023-10-14,S003,P0178,Clothing,North,91,104.31,80.41
2023-10-15,S003,P0178,Clothing,South,110,122.94,89.04
2023-10-16,S003,P0178,Clothing,East,71,86.36,83.85
2023-10-17,S003,P0178,Clothing,South,144,155.46,92.52
2023-10-18,S003,P0178,Clothing,East,117,131.25,86.19
2023-10-19,S003,P0178,Clothing,West,130,130.54,91.33
2023-10-20,S003,P0178,Clothing,West,66,77.9,89.74
2023-10-21,S003,P0178,Clothing,North,49,63.35,89.88
2023-10-22,S003,P0178,Clothing,South,129,140.13,90.53
2023-10-23,S003,P0178,Clothing,West,89,88.65,90.3
2023-10-24,S003,P0178,Clothing,North,112,133.59,90.0
2023-10-25,S003,P0178,Clothing,East,100,96.26,109.35
2023-10-26,S003,P0178,Clothing,East,91,85.72,106.71
2023-10-27,S003,P0178,Clothing,North,150,158.97,110.29
2023-10-28,S003,P0178,Clothing,East,74,67.62,87.26
2023-10-29,S003,P0178,Clothing,North,73,87.05,90.05
2023-10-30,S003,P0178,Clothing,South,101,93.77,89.5
2023-10-31,S003,P0178,Clothing,West,121,148.36,90.78
2023-11-01,S003,P0178,Clothing,East,152,177.59,139.2
2023-11-02,S003,P0178,Clothing,South,209,246.48,134.64
2023-11-03,S003,P0178,Clothing,East,178,187.33,151.54
2023-11-04,S003,P0178,Clothing,West,175,168.39,124.65
2023-11-05,S003,P0178,Clothing,South,87,92.15,129.6
2023-11-06,S003,P0178,Clothing,North,209,224.28,148.68
2023-11-07,S003,P0178,Clothing,West,123,122.15,124.29
2023-11-08,S003,P0178,Clothing,South,121,112.66,130.18
2023-11-09,S003,P0178,Clothing,North,187,171.73,122.08
2023-11-10,S003,P0178,Clothing,East,51,62.28,125.76
2023-11-11,S003,P0178,Clothing,West,98,116.12,124.95
2023-11-12,S003,P0178,Clothing,South,145,155.36,123.96
2023-11-13,S003,P0178,Clothing,South,165,155.83,128.55
2023-11-14,S003,P0178,Clothing,South,97,120.15,125.8
2023-11-15,S003,P0178,Clothing,East,106,121.01,156.26
2023-11-16,S003,P0178,Clothing,North,127,158.99,124.2
2023-11-17,S003,P0178,Clothing,North,104,121.41,149.25
2023-11-18,S003,P0178,Clothing,North,109,129.41,120.78
2023-11-19,S003,P0178,Clothing,North,121,112.93,149.29
2023-11-20,S003,P0178,Clothing,South,134,154.27,132.68
2023-11-21,S003,P0178,Clothing,North,237,233.06,125.52
2023-11-22,S003,P0178,Clothing,West,151,206.55,139.63
2023-11-23,S003,P0178,Clothing,West,223,228.81,151.99
2023-11-24,S003,P0178,Clothing,South,137,127.5,123.36
2023-11-25,S003,P0178,Clothing,South,127,136.65,124.87
2023-11-26,S003,P0178,Clothing,West,85,105.92,122.84
2023-11-27,S003,P0178,Clothing,North,118,132.24,121.09
2023-11-28,S003,P0178,Clothing,North,52,70.59,118.42
2023-11-29,S003,P0178,Clothing,South,158,192.78,128.28
2023-11-30,S003,P0178,Clothing,East,167,167.1,125.48
2023-12-01,S003,P0178,Clothing,West,102,135.69,126.45
2023-12-02,S003,P0178,Clothing,West,200,190.08,146.55
2023-12-03,S003,P0178,Clothing,South,139,166.63,127.15
2023-12-04,S003,P0178,Clothing,East,155,222.01,125.56
2023-12-05,S003,P0178,Clothing,North,188,218.83,123.22
2023-12-06,S003,P0178,Clothing,East,129,150.07,120.63
2023-12-07,S003,P0178,Clothing,South,82,96.53,122.63
2023-12-08,S003,P0178,Clothing,West,68,88.02,123.11
2023-12-09,S003,P0178,Clothing,South,76,102.84,125.3
2023-12-10,S003,P0178,Clothing,South,119,122.9,124.85
2023-12-11,S003,P0178,Clothing,West,141,131.01,125.77
2023-12-12,S003,P0178,Clothing,South,208,238.7,126.0
2023-12-13,S003,P0178,Clothing,West,148,184.09,124.54
2023-12-14,S003,P0178,Clothing,North,109,105.79,127.68
2023-12-15,S003,P0178,Clothing,South,129,147.98,125.53
2023-12-16,S003,P0178,Clothing,South,47,67.17,124.59
2023-12-17,S003,P0178,Clothing,North,79,81.55,125.01
2023-12-18,S003,P0178,Clothing,North,131,132.38,125.66
2023-12-19,S003,P0178,Clothing,East,135,166.78,124.73
2023-12-20,S003,P0178,Clothing,West,147,180.73,120.75
2023-12-21,S003,P0178,Clothing,North,113,135.36,121.31
2023-12-22,S003,P0178,Clothing,East,153,193.0,134.14
2023-12-23,S003,P0178,Clothing,South,154,190.2,123.17
2023-12-24,S003,P0178,Clothing,East,40,38.6,124.1
2023-12-25,S003,P0178,Clothing,North,82,78.72,114.33
2023-12-26,S003,P0178,Clothing,North,151,157.44,127.56
2023-12-27,S003,P0178,Clothing,North,135,132.51,129.76
2023-12-28,S003,P0178,Clothing,South,107,136.12,128.08
2023-12-29,S003,P0178,Clothing,East,155,165.39,125.11
2023-12-30,S003,P0178,Clothing,West,154,204.55,130.67
2023-12-31,S003,P0178,Clothing,South,77,72.23,135.18
2023-10-01,S003,P0183,Electronics,East,86,122.53,89.88
2023-10-02,S003,P0183,Electronics,South,100,121.82,88.82
2023-10-03,S003,P0183,Electronics,South,74,76.61,73.05
2023-10-04,S003,P0183,Electronics,East,57,81.5,69.67
2023-10-05,S003,P0183,Electronics,East,55,55.84,72.65
2023-10-06,S003,P0183,Electronics,North,131,136.93,90.7
2023-10-07,S003,P0183,Electronics,South,94,122.64,90.09
2023-10-08,S003,P0183,Electronics,East,49,48.07,89.64
2023-10-09,S003,P0183,Electronics,West,103,102.9,108.86
2023-10-10,S003,P0183,Electronics,South,87,124.32,89.9
2023-10-11,S003,P0183,Electronics,North,70,67.59,90.18
2023-10-12,S003,P0183,Electronics,North,53,69.4,71.95
2023-10-13,S003,P0183,Electronics,North,71,69.68,71.97
2023-10-14,S003,P0183,Electronics,West,158,157.2,110.12
2023-10-15,S003,P0183,Electronics,North,54,65.84,73.9
2023-10-16,S003,P0183,Electronics,North,81,94.75,90.56
2023-10-17,S003,P0183,Electronics,South,162,163.69,90.25
2023-10-18,S003,P0183,Electronics,South,56,76.7,86.81
2023-10-19,S003,P0183,Electronics,North,87,88.31,89.88
2023-10-20,S003,P0183,Electronics,East,88,108.61,88.54
2023-10-21,S003,P0183,Electronics,North,121,110.82,89.47
2023-10-22,S003,P0183,Electronics,West,125,123.28,90.33
2023-10-23,S003,P0183,Electronics,South,64,60.36,70.53
2023-10-24,S003,P0183,Electronics,East,57,56.82,89.84
2023-10-25,S003,P0183,Electronics,East,144,139.3,91.35
2023-10-26,S003,P0183,Electronics,East,125,119.62,90.16
2023-10-27,S003,P0183,Electronics,West,93,101.38,88.7
2023-10-28,S003,P0183,Electronics,West,97,93.7,113.98
2023-10-29,S003,P0183,Electronics,South,55,73.3,88.71
2023-10-30,S003,P0183,Electronics,North,86,80.46,90.18
2023-10-31,S003,P0183,Electronics,South,104,117.62,73.8
2023-11-01,S003,P0183,Electronics,North,76,88.3,89.74
2023-11-02,S003,P0183,Electronics,South,121,138.32,89.71
2023-11-03,S003,P0183,Electronics,West,127,126.28,89.82
2023-11-04,S003,P0183,Electronics,South,70,66.96,71.57
2023-11-05,S003,P0183,Electronics,East,64,76.98,71.52
2023-11-06,S003,P0183,Electronics,South,102,115.36,89.69
2023-11-07,S003,P0183,Electronics,East,94,132.76,90.96
2023-11-08,S003,P0183,Electronics,East,107,132.24,90.67
2023-11-09,S003,P0183,Electronics,South,111,125.31,90.15
2023-11-10,S003,P0183,Electronics,South,163,168.47,113.78
2023-11-11,S003,P0183,Electronics,East,100,93.47,88.31
2023-11-12,S003,P0183,Electronics,North,27,37.53,89.78
2023-11-13,S003,P0183,Electronics,North,85,80.5,89.41
2023-11-14,S003,P0183,Electronics,East,125,140.1,88.82
2023-11-15,S003,P0183,Electronics,North,63,87.22,88.66
2023-11-16,S003,P0183,Electronics,East,62,70.0,90.96
2023-11-17,S003,P0183,Electronics,North,87,80.77,72.99
2023-11-18,S003,P0183,Electronics,West,106,138.94,105.55
2023-11-19,S003,P0183,Electronics,North,53,56.73,90.4
2023-11-20,S003,P0183,Electronics,North,85,98.54,90.84
2023-11-21,S003,P0183,Electronics,North,129,133.64,90.98
2023-11-22,S003,P0183,Electronics,North,68,67.07,90.12
2023-11-23,S003,P0183,Electronics,North,142,148.62,90.52
2023-11-24,S003,P0183,Electronics,North,100,115.72,107.65
2023-11-25,S003,P0183,Electronics,South,105,122.3,90.07
2023-11-26,S003,P0183,Electronics,South,103,105.46,110.89
2023-11-27,S003,P0183,Electronics,North,63,85.0,89.46
2023-11-28,S003,P0183,Electronics,North,67,89.93,106.91
2023-11-29,S003,P0183,Electronics,East,108,103.61,90.95
2023-11-30,S003,P0183,Electronics,West,61,57.11,88.29
2023-12-01,S003,P0183,Electronics,North,53,64.63,104.58
2023-12-02,S003,P0183,Electronics,West,64,76.75,105.3
2023-12-03,S003,P0183,Electronics,North,113,117.64,88.13
2023-12-04,S003,P0183,Electronics,North,82,89.45,112.87
2023-12-05,S003,P0183,Electronics,North,86,81.48,73.56
2023-12-06,S003,P0183,Electronics,South,88,84.11,71.21
2023-12-07,S003,P0183,Electronics,East,97,93.68,89.39
2023-12-08,S003,P0183,Electronics,North,124,126.92,89.17
2023-12-09,S003,P0183,Electronics,North,82,104.84,74.85
2023-12-10,S003,P0183,Electronics,East,66,84.27,89.18
2023-12-11,S003,P0183,Electronics,West,121,112.88,73.84
2023-12-12,S003,P0183,Electronics,South,120,143.99,89.0
2023-12-13,S003,P0183,Electronics,East,78,90.66,88.55
2023-12-14,S003,P0183,Electronics,West,134,142.38,107.71
2023-12-15,S003,P0183,Electronics,North,120,111.34,88.53
2023-12-16,S003,P0183,Electronics,West,52,74.19,83.96
2023-12-17,S003,P0183,Electronics,South,147,143.11,109.68
2023-12-18,S003,P0183,Electronics,South,78,88.51,88.83
2023-12-19,S003,P0183,Electronics,North,144,146.28,88.89
2023-12-20,S003,P0183,Electronics,East,69,79.72,71.34
2023-12-21,S003,P0183,Electronics,South,61,69.3,88.03
2023-12-22,S003,P0183,Electronics,East,95,98.61,89.45
2023-12-23,S003,P0183,Electronics,West,55,53.09,90.04
2023-12-24,S003,P0183,Electronics,West,82,88.34,90.16
2023-12-25,S003,P0183,Electronics,South,54,52.1,90.0
2023-12-26,S003,P0183,Electronics,North,76,77.39,89.84
2023-12-27,S003,P0183,Electronics,South,101,115.22,89.19
2023-12-28,S003,P0183,Electronics,South,107,108.88,92.18
2023-12-29,S003,P0183,Electronics,East,176,218.16,105.91
2023-12-30,S003,P0183,Electronics,South,81,116.88,89.21
2023-12-31,S003,P0183,Electronics,East,95,114.81,89.14
2023-10-01,S003,P0187,Clothing,North,139,166.08,90.14
2023-10-02,S003,P0187,Clothing,West,53,67.07,90.46
2023-10-03,S003,P0187,Clothing,East,69,74.84,90.6
2023-10-04,S003,P0187,Clothing,South,99,102.47,90.32
2023-10-05,S003,P0187,Clothing,North,114,118.85,90.04
2023-10-06,S003,P0187,Clothing,North,68,78.15,106.91
2023-10-07,S003,P0187,Clothing,East,67,61.77,90.27
2023-10-08,S003,P0187,Clothing,West,92,106.09,90.11
2023-10-09,S003,P0187,Clothing,South,99,111.88,90.13
2023-10-10,S003,P0187,Clothing,West,120,142.66,108.43
2023-10-11,S003,P0187,Clothing,East,80,107.9,110.87
2023-10-12,S003,P0187,Clothing,South,78,105.85,90.67
2023-10-13,S003,P0187,Clothing,East,76,100.43,90.5
2023-10-14,S003,P0187,Clothing,North,103,132.97,110.48
2023-10-15,S003,P0187,Clothing,North,91,93.99,89.77
2023-10-16,S003,P0187,Clothing,West,87,106.14,91.08
2023-10-17,S003,P0187,Clothing,North,74,93.78,90.6
2023-10-18,S003,P0187,Clothing,North,115,118.34,90.98
2023-10-19,S003,P0187,Clothing,West,58,75.04,107.07
2023-10-20,S003,P0187,Clothing,North,120,162.89,110.51
2023-10-21,S003,P0187,Clothing,East,131,178.52,108.21
2023-10-22,S003,P0187,Clothing,East,100,122.9,90.54
2023-10-23,S003,P0187,Clothing,West,64,79.08,89.49
2023-10-24,S003,P0187,Clothing,South,93,86.98,90.5
2023-10-25,S003,P0187,Clothing,West,113,138.73,107.5
2023-10-26,S003,P0187,Clothing,North,134,131.68,90.06
2023-10-27,S003,P0187,Clothing,South,67,95.56,91.84
2023-10-28,S003,P0187,Clothing,East,97,119.74,89.61
2023-10-29,S003,P0187,Clothing,East,114,117.99,89.85
2023-10-30,S003,P0187,Clothing,North,149,168.1,91.26
2023-10-31,S003,P0187,Clothing,West,73,78.74,104.92
2023-11-01,S003,P0187,Clothing,West,102,104.51,121.26
2023-11-02,S003,P0187,Clothing,East,137,134.44,125.77
2023-11-03,S003,P0187,Clothing,West,131,149.18,126.24
2023-11-04,S003,P0187,Clothing,North,87,100.75,128.57
2023-11-05,S003,P0187,Clothing,South,91,95.47,122.49
2023-11-06,S003,P0187,Clothing,North,109,114.17,130.86
2023-11-07,S003,P0187,Clothing,West,158,217.49,125.03
2023-11-08,S003,P0187,Clothing,West,141,136.11,160.72
2023-11-09,S003,P0187,Clothing,North,59,64.32,126.64
2023-11-10,S003,P0187,Clothing,West,129,144.57,127.92
2023-11-11,S003,P0187,Clothing,North,266,249.84,132.19
2023-11-12,S003,P0187,Clothing,South,112,151.6,127.84
2023-11-13,S003,P0187,Clothing,East,120,119.44,128.09
2023-11-14,S003,P0187,Clothing,South,133,162.35,132.18
2023-11-15,S003,P0187,Clothing,South,210,207.86,125.4
2023-11-16,S003,P0187,Clothing,South,141,179.76,127.97
2023-11-17,S003,P0187,Clothing,South,159,159.35,121.14
2023-11-18,S003,P0187,Clothing,West,117,128.82,126.87
2023-11-19,S003,P0187,Clothing,West,157,145.02,122.7
2023-11-20,S003,P0187,Clothing,West,111,136.09,122.15
2023-11-21,S003,P0187,Clothing,West,140,158.8,126.15
2023-11-22,S003,P0187,Clothing,East,87,114.15,128.14
2023-11-23,S003,P0187,Clothing,East,149,148.01,128.87
2023-11-24,S003,P0187,Clothing,East,125,129.8,126.49
2023-11-25,S003,P0187,Clothing,East,114,112.8,124.37
2023-11-26,S003,P0187,Clothing,East,91,89.6,129.64
2023-11-27,S003,P0187,Clothing,South,108,107.27,131.95
2023-11-28,S003,P0187,Clothing,North,161,186.87,126.7
2023-11-29,S003,P0187,Clothing,South,130,155.11,126.19
2023-11-30,S003,P0187,Clothing,South,132,151.84,151.05
2023-12-01,S003,P0187,Clothing,East,100,92.04,124.78
2023-12-02,S003,P0187,Clothing,South,110,123.85,125.68
2023-12-03,S003,P0187,Clothing,South,165,200.04,129.01
2023-12-04,S003,P0187,Clothing,East,153,159.36,131.41
2023-12-05,S003,P0187,Clothing,North,153,152.88,127.49
2023-12-06,S003,P0187,Clothing,South,151,137.87,152.7
2023-12-07,S003,P0187,Clothing,North,115,131.51,140.64
2023-12-08,S003,P0187,Clothing,East,139,146.89,151.55
2023-12-09,S003,P0187,Clothing,East,147,167.61,125.02
2023-12-10,S003,P0187,Clothing,West,127,148.88,119.79
2023-12-11,S003,P0187,Clothing,West,79,103.66,119.64
2023-12-12,S003,P0187,Clothing,North,113,133.42,124.64
2023-12-13,S003,P0187,Clothing,North,128,146.47,129.71
2023-12-14,S003,P0187,Clothing,East,36,48.26,123.7
2023-12-15,S003,P0187,Clothing,West,233,220.32,128.7
2023-12-16,S003,P0187,Clothing,East,149,153.58,130.61
2023-12-17,S003,P0187,Clothing,East,68,85.66,126.9
2023-12-18,S003,P0187,Clothing,East,158,154.1,133.72
2023-12-19,S003,P0187,Clothing,North,109,124.3,119.54
2023-12-20,S003,P0187,Clothing,East,206,205.07,124.24
2023-12-21,S003,P0187,Clothing,East,188,186.49,125.76
2023-12-22,S003,P0187,Clothing,North,126,173.75,125.59
2023-12-23,S003,P0187,Clothing,East,95,127.76,125.98
2023-12-24,S003,P0187,Clothing,South,71,70.53,125.3
2023-12-25,S003,P0187,Clothing,South,139,148.17,124.09
2023-12-26,S003,P0187,Clothing,South,181,168.23,154.38
2023-12-27,S003,P0187,Clothing,West,124,169.79,125.67
2023-12-28,S003,P0187,Clothing,East,180,193.29,130.65
2023-12-29,S003,P0187,Clothing,North,98,119.38,124.13
2023-12-30,S003,P0187,Clothing,South,159,186.25,124.34
2023-12-31,S003,P0187,Clothing,West,182,181.48,125.03
2023-10-01,S004,P0016,Clothing,East,84,84.2,90.56
2023-10-02,S004,P0016,Clothing,South,67,94.39,90.22
2023-10-03,S004,P0016,Clothing,East,133,159.1,107.75
2023-10-04,S004,P0016,Clothing,North,98,125.7,90.52
2023-10-05,S004,P0016,Clothing,East,111,115.93,89.23
2023-10-06,S004,P0016,Clothing,West,110,130.74,89.45
2023-10-07,S004,P0016,Clothing,West,123,156.0,106.77
2023-10-08,S004,P0016,Clothing,West,115,139.57,90.29
2023-10-09,S004,P0016,Clothing,West,100,94.41,91.45
2023-10-10,S004,P0016,Clothing,West,92,84.19,91.17
2023-10-11,S004,P0016,Clothing,West,83,114.11,89.84
2023-10-12,S004,P0016,Clothing,South,111,120.12,107.05
2023-10-13,S004,P0016,Clothing,North,112,108.71,89.68
2023-10-14,S004,P0016,Clothing,East,111,123.99,89.69
2023-10-15,S004,P0016,Clothing,West,110,111.03,89.58
2023-10-16,S004,P0016,Clothing,South,135,144.8,89.25
2023-10-17,S004,P0016,Clothing,North,103,104.54,91.99
2023-10-18,S004,P0016,Clothing,North,139,131.73,103.93
2023-10-19,S004,P0016,Clothing,East,128,126.52,90.77
2023-10-20,S004,P0016,Clothing,West,139,141.68,87.79
2023-10-21,S004,P0016,Clothing,North,94,119.98,76.15
2023-10-22,S004,P0016,Clothing,South,53,69.82,90.72
2023-10-23,S004,P0016,Clothing,South,128,173.2,110.18
2023-10-24,S004,P0016,Clothing,North,82,77.79,88.3
2023-10-25,S004,P0016,Clothing,North,46,62.35,96.64
2023-10-26,S004,P0016,Clothing,North,89,96.99,110.33
2023-10-27,S004,P0016,Clothing,West,80,79.08,90.74
2023-10-28,S004,P0016,Clothing,East,66,82.74,90.64
2023-10-29,S004,P0016,Clothing,South,64,70.85,90.4
2023-10-30,S004,P0016,Clothing,North,131,152.0,89.68
2023-10-31,S004,P0016,Clothing,North,118,134.75,108.18
2023-11-01,S004,P0016,Clothing,East,124,159.01,115.49
2023-11-02,S004,P0016,Clothing,West,240,236.6,144.66
2023-11-03,S004,P0016,Clothing,West,111,141.18,118.17
2023-11-04,S004,P0016,Clothing,West,95,92.94,122.92
2023-11-05,S004,P0016,Clothing,West,137,155.54,122.07
2023-11-06,S004,P0016,Clothing,South,93,128.89,124.43
2023-11-07,S004,P0016,Clothing,North,96,101.17,126.58
2023-11-08,S004,P0016,Clothing,South,171,165.9,125.8
2023-11-09,S004,P0016,Clothing,West,161,164.65,127.19
2023-11-10,S004,P0016,Clothing,South,111,112.43,129.15
2023-11-11,S004,P0016,Clothing,East,136,129.7,143.31
2023-11-12,S004,P0016,Clothing,West,66,92.83,122.84
2023-11-13,S004,P0016,Clothing,West,214,208.25,174.44
2023-11-14,S004,P0016,Clothing,South,159,192.56,125.04
2023-11-15,S004,P0016,Clothing,North,88,109.15,125.99
2023-11-16,S004,P0016,Clothing,West,221,217.64,161.09
2023-11-17,S004,P0016,Clothing,West,110,124.96,122.68
2023-11-18,S004,P0016,Clothing,West,159,166.91,148.47
2023-11-19,S004,P0016,Clothing,South,92,124.03,119.56
2023-11-20,S004,P0016,Clothing,South,206,192.47,126.17
2023-11-21,S004,P0016,Clothing,South,101,140.87,124.16
2023-11-22,S004,P0016,Clothing,North,107,132.28,128.08
2023-11-23,S004,P0016,Clothing,South,64,81.58,123.22
2023-11-24,S004,P0016,Clothing,South,148,172.03,126.41
2023-11-25,S004,P0016,Clothing,North,120,149.29,128.23
2023-11-26,S004,P0016,Clothing,South,196,216.74,123.48
2023-11-27,S004,P0016,Clothing,East,200,223.43,127.67
2023-11-28,S004,P0016,Clothing,South,12,16.81,124.87
2023-11-29,S004,P0016,Clothing,West,169,226.17,124.86
2023-11-30,S004,P0016,Clothing,West,173,174.61,125.5
2023-12-01,S004,P0016,Clothing,East,135,131.65,121.43
2023-12-02,S004,P0016,Clothing,East,121,124.91,124.96
2023-12-03,S004,P0016,Clothing,West,253,234.86,123.69
2023-12-04,S004,P0016,Clothing,South,138,141.02,124.48
2023-12-05,S004,P0016,Clothing,West,113,135.62,122.05
2023-12-06,S004,P0016,Clothing,West,244,268.41,154.85
2023-12-07,S004,P0016,Clothing,South,101,112.24,153.88
2023-12-08,S004,P0016,Clothing,West,93,95.83,123.49
2023-12-09,S004,P0016,Clothing,North,160,166.36,124.32
2023-12-10,S004,P0016,Clothing,South,80,80.03,121.53
2023-12-11,S004,P0016,Clothing,South,107,142.13,124.0
2023-12-12,S004,P0016,Clothing,West,103,126.12,125.15
2023-12-13,S004,P0016,Clothing,South,117,107.9,125.04
2023-12-14,S004,P0016,Clothing,North,114,111.78,125.94
2023-12-15,S004,P0016,Clothing,West,161,163.77,122.32
2023-12-16,S004,P0016,Clothing,North,56,58.01,126.61
2023-12-17,S004,P0016,Clothing,North,144,166.4,133.44
2023-12-18,S004,P0016,Clothing,South,177,165.17,120.86
2023-12-19,S004,P0016,Clothing,West,18,21.76,125.66
2023-12-20,S004,P0016,Clothing,West,177,186.52,122.03
2023-12-21,S004,P0016,Clothing,South,83,99.21,123.86
2023-12-22,S004,P0016,Clothing,East,146,182.48,142.21
2023-12-23,S004,P0016,Clothing,South,154,171.89,130.31
2023-12-24,S004,P0016,Clothing,South,57,74.22,123.82
2023-12-25,S004,P0016,Clothing,West,156,164.98,117.47
2023-12-26,S004,P0016,Clothing,East,155,158.82,130.47
2023-12-27,S004,P0016,Clothing,South,182,233.04,125.14
2023-12-28,S004,P0016,Clothing,West,104,126.21,123.15
2023-12-29,S004,P0016,Clothing,East,55,67.85,126.42
2023-12-30,S004,P0016,Clothing,East,98,90.97,124.5
2023-12-31,S004,P0016,Clothing,North,145,179.53,132.18
2023-10-01,S004,P0017,Toys,South,98,138.48,89.61
2023-10-02,S004,P0017,Toys,West,47,59.17,88.67
2023-10-03,S004,P0017,Toys,East,77,94.99,89.62
2023-10-04,S004,P0017,Toys,West,72,99.24,91.34
2023-10-05,S004,P0017,Toys,West,94,93.61,90.75
2023-10-06,S004,P0017,Toys,South,182,168.14,90.41
2023-10-07,S004,P0017,Toys,South,153,169.52,89.75
2023-10-08,S004,P0017,Toys,East,137,145.21,90.12
2023-10-09,S004,P0017,Toys,West,144,132.1,91.35
2023-10-10,S004,P0017,Toys,North,76,101.11,98.29
2023-10-11,S004,P0017,Toys,East,183,171.64,101.13
2023-10-12,S004,P0017,Toys,North,103,118.88,83.77
2023-10-13,S004,P0017,Toys,East,106,151.83,90.06
2023-10-14,S004,P0017,Toys,North,69,78.43,81.72
2023-10-15,S004,P0017,Toys,North,138,151.84,111.9
2023-10-16,S004,P0017,Toys,South,82,113.5,90.86
2023-10-17,S004,P0017,Toys,North,114,149.06,90.17
2023-10-18,S004,P0017,Toys,West,119,138.68,90.12
2023-10-19,S004,P0017,Toys,North,78,98.79,90.14
2023-10-20,S004,P0017,Toys,South,50,58.26,90.18
2023-10-21,S004,P0017,Toys,East,123,124.89,89.6
2023-10-22,S004,P0017,Toys,North,70,67.06,91.08
2023-10-23,S004,P0017,Toys,North,124,140.22,89.62
2023-10-24,S004,P0017,Toys,South,116,138.87,89.73
2023-10-25,S004,P0017,Toys,North,78,91.55,89.39
2023-10-26,S004,P0017,Toys,South,55,69.4,89.23
2023-10-27,S004,P0017,Toys,East,68,76.0,90.81
2023-10-28,S004,P0017,Toys,West,139,148.81,106.89
2023-10-29,S004,P0017,Toys,North,136,154.93,108.7
2023-10-30,S004,P0017,Toys,North,114,127.52,109.48
2023-10-31,S004,P0017,Toys,West,61,76.78,90.02
2023-11-01,S004,P0017,Toys,West,58,73.48,91.11
2023-11-02,S004,P0017,Toys,South,92,99.81,90.9
2023-11-03,S004,P0017,Toys,West,38,35.59,87.37
2023-11-04,S004,P0017,Toys,North,53,57.69,87.29
2023-11-05,S004,P0017,Toys,East,86,80.76,88.18
2023-11-06,S004,P0017,Toys,North,117,143.13,90.2
2023-11-07,S004,P0017,Toys,South,98,129.5,91.84
2023-11-08,S004,P0017,Toys,South,102,135.2,108.57
2023-11-09,S004,P0017,Toys,East,52,59.64,88.75
2023-11-10,S004,P0017,Toys,North,140,141.37,90.03
2023-11-11,S004,P0017,Toys,South,92,94.07,88.37
2023-11-12,S004,P0017,Toys,North,119,130.52,87.97
2023-11-13,S004,P0017,Toys,East,101,116.63,90.14
2023-11-14,S004,P0017,Toys,South,73,81.91,90.99
2023-11-15,S004,P0017,Toys,North,77,88.62,89.7
2023-11-16,S004,P0017,Toys,East,110,122.76,88.28
2023-11-17,S004,P0017,Toys,East,114,113.32,87.59
2023-11-18,S004,P0017,Toys,South,116,108.59,86.62
2023-11-19,S004,P0017,Toys,South,63,60.24,88.03
2023-11-20,S004,P0017,Toys,East,48,52.98,88.33
2023-11-21,S004,P0017,Toys,South,87,112.45,88.92
2023-11-22,S004,P0017,Toys,West,115,111.68,89.33
2023-11-23,S004,P0017,Toys,West,97,125.14,91.08
2023-11-24,S004,P0017,Toys,East,86,78.96,89.26
2023-11-25,S004,P0017,Toys,East,119,113.56,87.6
2023-11-26,S004,P0017,Toys,North,65,73.94,88.68
2023-11-27,S004,P0017,Toys,North,94,124.27,108.83
2023-11-28,S004,P0017,Toys,East,128,122.23,90.31
2023-11-29,S004,P0017,Toys,South,94,106.35,88.99
2023-11-30,S004,P0017,Toys,West,45,43.4,89.45
2023-12-01,S004,P0017,Toys,South,113,109.64,87.07
2023-12-02,S004,P0017,Toys,West,103,99.49,106.94
2023-12-03,S004,P0017,Toys,South,55,79.08,88.63
2023-12-04,S004,P0017,Toys,North,102,128.52,91.01
2023-12-05,S004,P0017,Toys,South,126,119.82,90.31
2023-12-06,S004,P0017,Toys,East,99,102.22,89.88
2023-12-07,S004,P0017,Toys,West,121,142.94,90.42
2023-12-08,S004,P0017,Toys,West,63,79.99,85.88
2023-12-09,S004,P0017,Toys,East,60,64.75,88.39
2023-12-10,S004,P0017,Toys,East,92,87.17,89.3
2023-12-11,S004,P0017,Toys,West,98,121.99,89.67
2023-12-12,S004,P0017,Toys,South,139,134.21,110.7
2023-12-13,S004,P0017,Toys,North,131,143.48,88.22
2023-12-14,S004,P0017,Toys,West,91,126.53,86.98
2023-12-15,S004,P0017,Toys,West,72,93.59,87.39
2023-12-16,S004,P0017,Toys,South,49,62.06,87.07
2023-12-17,S004,P0017,Toys,North,49,55.87,88.28
2023-12-18,S004,P0017,Toys,North,176,198.26,108.3
2023-12-19,S004,P0017,Toys,East,106,142.84,91.02
2023-12-20,S004,P0017,Toys,West,53,70.14,90.83
2023-12-21,S004,P0017,Toys,North,64,68.64,91.74
2023-12-22,S004,P0017,Toys,West,98,125.9,87.96
2023-12-23,S004,P0017,Toys,East,121,124.71,87.63
2023-12-24,S004,P0017,Toys,North,69,68.86,88.71
2023-12-25,S004,P0017,Toys,East,73,79.7,112.64
2023-12-26,S004,P0017,Toys,South,128,144.83,108.13
2023-12-27,S004,P0017,Toys,South,115,115.66,88.5
2023-12-28,S004,P0017,Toys,South,117,157.68,89.43
2023-12-29,S004,P0017,Toys,East,92,87.74,86.9
2023-12-30,S004,P0017,Toys,East,76,79.45,86.7
2023-12-31,S004,P0017,Toys,North,77,108.55,90.33
2023-10-01,S004,P0031,Electronics,East,140,177.62,107.49
2023-10-02,S004,P0031,Electronics,East,79,97.4,90.54
2023-10-03,S004,P0031,Electronics,East,49,69.87,90.05
2023-10-04,S004,P0031,Electronics,West,61,81.2,97.3
2023-10-05,S004,P0031,Electronics,West,72,90.55,107.64
2023-10-06,S004,P0031,Electronics,East,43,54.51,72.84
2023-10-07,S004,P0031,Electronics,South,119,128.39,80.55
2023-10-08,S004,P0031,Electronics,West,103,145.5,72.76
2023-10-09,S004,P0031,Electronics,North,84,99.92,88.41
2023-10-10,S004,P0031,Electronics,North,122,123.14,69.96
2023-10-11,S004,P0031,Electronics,South,80,114.95,107.22
2023-10-12,S004,P0031,Electronics,South,96,94.26,105.36
2023-10-13,S004,P0031,Electronics,West,86,78.69,71.92
2023-10-14,S004,P0031,Electronics,North,81,82.49,89.39
2023-10-15,S004,P0031,Electronics,West,84,90.86,90.98
2023-10-16,S004,P0031,Electronics,South,47,57.17,91.76
2023-10-17,S004,P0031,Electronics,South,135,182.38,89.84
2023-10-18,S004,P0031,Electronics,East,121,164.64,89.51
2023-10-19,S004,P0031,Electronics,South,111,102.73,89.95
2023-10-20,S004,P0031,Electronics,West,117,153.98,109.8
2023-10-21,S004,P0031,Electronics,West,88,113.34,89.09
2023-10-22,S004,P0031,Electronics,East,131,161.62,87.97
2023-10-23,S004,P0031,Electronics,North,69,88.8,86.23
2023-10-24,S004,P0031,Electronics,East,59,55.86,91.13
2023-10-25,S004,P0031,Electronics,West,65,87.6,73.25
2023-10-26,S004,P0031,Electronics,South,126,117.82,89.06
2023-10-27,S004,P0031,Electronics,South,101,116.62,90.11
2023-10-28,S004,P0031,Electronics,East,61,65.27,70.93
2023-10-29,S004,P0031,Electronics,North,93,130.78,89.83
2023-10-30,S004,P0031,Electronics,East,89,106.75,71.17
2023-10-31,S004,P0031,Electronics,South,83,78.47,72.61
2023-11-01,S004,P0031,Electronics,West,36,39.58,89.46
2023-11-02,S004,P0031,Electronics,South,70,73.68,89.92
2023-11-03,S004,P0031,Electronics,South,52,60.7,72.28
2023-11-04,S004,P0031,Electronics,North,67,71.45,70.01
2023-11-05,S004,P0031,Electronics,North,80,84.25,89.57
2023-11-06,S004,P0031,Electronics,North,36,41.93,70.82
2023-11-07,S004,P0031,Electronics,West,171,176.08,95.5
2023-11-08,S004,P0031,Electronics,North,89,103.38,89.07
2023-11-09,S004,P0031,Electronics,West,77,84.99,89.54
2023-11-10,S004,P0031,Electronics,East,95,91.94,89.64
2023-11-11,S004,P0031,Electronics,East,106,101.27,89.93
2023-11-12,S004,P0031,Electronics,East,66,80.69,69.41
2023-11-13,S004,P0031,Electronics,South,74,102.92,90.31
2023-11-14,S004,P0031,Electronics,South,47,60.67,71.74
2023-11-15,S004,P0031,Electronics,North,80,81.76,89.25
2023-11-16,S004,P0031,Electronics,North,85,93.47,72.22
2023-11-17,S004,P0031,Electronics,East,116,157.6,113.27
2023-11-18,S004,P0031,Electronics,North,99,115.16,90.71
2023-11-19,S004,P0031,Electronics,West,122,113.41,89.95
2023-11-20,S004,P0031,Electronics,West,60,59.36,107.66
2023-11-21,S004,P0031,Electronics,North,98,90.41,72.07
2023-11-22,S004,P0031,Electronics,East,152,165.96,90.29
2023-11-23,S004,P0031,Electronics,East,22,24.8,69.82
2023-11-24,S004,P0031,Electronics,West,129,155.54,90.75
2023-11-25,S004,P0031,Electronics,South,100,120.58,90.56
2023-11-26,S004,P0031,Electronics,East,116,130.61,110.85
2023-11-27,S004,P0031,Electronics,North,116,111.89,91.76
2023-11-28,S004,P0031,Electronics,East,101,119.42,91.66
2023-11-29,S004,P0031,Electronics,South,44,52.11,70.82
2023-11-30,S004,P0031,Electronics,East,104,148.63,109.5
2023-12-01,S004,P0031,Electronics,South,40,52.24,87.17
2023-12-02,S004,P0031,Electronics,North,79,84.76,89.57
2023-12-03,S004,P0031,Electronics,South,88,98.77,107.94
2023-12-04,S004,P0031,Electronics,South,74,86.36,71.96
2023-12-05,S004,P0031,Electronics,West,119,145.59,87.92
2023-12-06,S004,P0031,Electronics,South,99,103.43,88.26
2023-12-07,S004,P0031,Electronics,South,106,103.29,73.24
2023-12-08,S004,P0031,Electronics,North,105,121.96,68.81
2023-12-09,S004,P0031,Electronics,East,72,82.83,91.35
2023-12-10,S004,P0031,Electronics,North,100,97.22,90.18
2023-12-11,S004,P0031,Electronics,South,145,132.18,89.47
2023-12-12,S004,P0031,Electronics,West,105,133.52,89.28
2023-12-13,S004,P0031,Electronics,East,70,89.6,89.35
2023-12-14,S004,P0031,Electronics,West,101,123.27,88.32
2023-12-15,S004,P0031,Electronics,South,67,67.33,74.05
2023-12-16,S004,P0031,Electronics,North,73,93.3,70.69
2023-12-17,S004,P0031,Electronics,South,116,119.76,89.69
2023-12-18,S004,P0031,Electronics,West,66,76.0,70.69
2023-12-19,S004,P0031,Electronics,West,47,44.46,70.39
2023-12-20,S004,P0031,Electronics,North,86,83.97,90.64
2023-12-21,S004,P0031,Electronics,West,73,90.23,90.68
2023-12-22,S004,P0031,Electronics,South,132,149.73,89.52
2023-12-23,S004,P0031,Electronics,North,55,76.37,68.95
2023-12-24,S004,P0031,Electronics,South,70,85.82,91.09
2023-12-25,S004,P0031,Electronics,West,60,83.54,90.91
2023-12-26,S004,P0031,Electronics,East,62,60.6,106.41
2023-12-27,S004,P0031,Electronics,West,57,75.97,90.36
2023-12-28,S004,P0031,Electronics,East,94,125.34,90.46
2023-12-29,S004,P0031,Electronics,North,133,131.75,90.34
2023-12-30,S004,P0031,Electronics,East,130,123.61,89.97
2023-12-31,S004,P0031,Electronics,North,120,142.79,112.3
2023-10-01,S004,P0046,Clothing,West,97,101.41,90.36
2023-10-02,S004,P0046,Clothing,East,140,164.34,89.86
2023-10-03,S004,P0046,Clothing,South,132,163.84,90.37
2023-10-04,S004,P0046,Clothing,South,63,87.48,89.88
2023-10-05,S004,P0046,Clothing,South,78,104.33,89.73
2023-10-06,S004,P0046,Clothing,North,52,71.15,90.84
2023-10-07,S004,P0046,Clothing,South,82,82.45,90.43
2023-10-08,S004,P0046,Clothing,West,95,108.15,89.49
2023-10-09,S004,P0046,Clothing,North,76,74.79,91.0
2023-10-10,S004,P0046,Clothing,North,116,109.58,94.76
2023-10-11,S004,P0046,Clothing,South,153,153.86,90.73
2023-10-12,S004,P0046,Clothing,North,69,97.22,90.55
2023-10-13,S004,P0046,Clothing,West,95,122.3,106.02
2023-10-14,S004,P0046,Clothing,West,93,87.52,90.32
2023-10-15,S004,P0046,Clothing,North,65,65.02,90.12
2023-10-16,S004,P0046,Clothing,East,65,91.35,90.28
2023-10-17,S004,P0046,Clothing,North,71,66.62,90.52
2023-10-18,S004,P0046,Clothing,East,100,110.45,90.5
2023-10-19,S004,P0046,Clothing,East,105,98.93,108.59
2023-10-20,S004,P0046,Clothing,West,61,80.44,90.48
2023-10-21,S004,P0046,Clothing,East,47,58.56,90.81
2023-10-22,S004,P0046,Clothing,North,60,60.24,90.21
2023-10-23,S004,P0046,Clothing,West,130,128.61,90.3
2023-10-24,S004,P0046,Clothing,North,100,141.62,91.05
2023-10-25,S004,P0046,Clothing,West,136,140.51,106.74
2023-10-26,S004,P0046,Clothing,East,63,84.96,90.97
2023-10-27,S004,P0046,Clothing,South,116,115.66,90.77
2023-10-28,S004,P0046,Clothing,West,136,137.88,90.92
2023-10-29,S004,P0046,Clothing,South,65,86.38,89.82
2023-10-30,S004,P0046,Clothing,West,126,150.97,91.13
2023-10-31,S004,P0046,Clothing,East,65,68.39,106.5
2023-11-01,S004,P0046,Clothing,West,200,201.14,121.6
2023-11-02,S004,P0046,Clothing,North,79,104.22,117.61
2023-11-03,S004,P0046,Clothing,West,127,125.08,132.7
2023-11-04,S004,P0046,Clothing,East,100,122.57,133.97
2023-11-05,S004,P0046,Clothing,South,106,150.59,124.88
2023-11-06,S004,P0046,Clothing,North,145,175.61,125.08
2023-11-07,S004,P0046,Clothing,East,139,189.73,124.05
2023-11-08,S004,P0046,Clothing,West,73,98.96,126.16
2023-11-09,S004,P0046,Clothing,East,97,113.48,125.93
2023-11-10,S004,P0046,Clothing,East,153,218.72,130.53
2023-11-11,S004,P0046,Clothing,South,35,45.83,123.62
2023-11-12,S004,P0046,Clothing,South,76,77.86,125.22
2023-11-13,S004,P0046,Clothing,North,119,122.46,124.36
2023-11-14,S004,P0046,Clothing,East,116,161.47,121.59
2023-11-15,S004,P0046,Clothing,West,163,168.33,114.37
2023-11-16,S004,P0046,Clothing,West,130,123.31,135.22
2023-11-17,S004,P0046,Clothing,West,66,68.39,120.48
2023-11-18,S004,P0046,Clothing,South,93,128.01,126.0
2023-11-19,S004,P0046,Clothing,East,69,73.32,141.46
2023-11-20,S004,P0046,Clothing,South,107,124.85,129.52
2023-11-21,S004,P0046,Clothing,South,191,205.4,127.83
2023-11-22,S004,P0046,Clothing,West,77,96.87,130.3
2023-11-23,S004,P0046,Clothing,West,113,103.68,144.82
2023-11-24,S004,P0046,Clothing,West,173,237.81,122.4
2023-11-25,S004,P0046,Clothing,East,130,179.28,129.27
2023-11-26,S004,P0046,Clothing,South,136,185.67,124.44
2023-11-27,S004,P0046,Clothing,West,77,86.84,126.81
2023-11-28,S004,P0046,Clothing,South,87,105.84,125.96
2023-11-29,S004,P0046,Clothing,West,171,184.49,147.36
2023-11-30,S004,P0046,Clothing,West,104,96.43,128.21
2023-12-01,S004,P0046,Clothing,North,84,115.47,126.7
2023-12-02,S004,P0046,Clothing,South,112,114.42,123.01
2023-12-03,S004,P0046,Clothing,West,133,149.12,120.12
2023-12-04,S004,P0046,Clothing,North,186,175.91,132.1
2023-12-05,S004,P0046,Clothing,South,132,162.79,125.07
2023-12-06,S004,P0046,Clothing,North,145,184.08,144.71
2023-12-07,S004,P0046,Clothing,South,105,149.87,127.6
2023-12-08,S004,P0046,Clothing,East,186,194.46,130.85
2023-12-09,S004,P0046,Clothing,South,81,100.58,123.46
2023-12-10,S004,P0046,Clothing,North,175,180.97,126.89
2023-12-11,S004,P0046,Clothing,West,165,172.25,123.83
2023-12-12,S004,P0046,Clothing,South,175,186.99,124.29
2023-12-13,S004,P0046,Clothing,East,157,174.35,128.25
2023-12-14,S004,P0046,Clothing,South,76,74.58,120.8
2023-12-15,S004,P0046,Clothing,East,96,104.57,121.83
2023-12-16,S004,P0046,Clothing,West,139,189.09,121.22
2023-12-17,S004,P0046,Clothing,South,175,167.3,127.94
2023-12-18,S004,P0046,Clothing,East,111,155.25,172.14
2023-12-19,S004,P0046,Clothing,North,189,174.53,123.99
2023-12-20,S004,P0046,Clothing,South,202,222.87,170.07
2023-12-21,S004,P0046,Clothing,West,150,169.4,129.05
2023-12-22,S004,P0046,Clothing,East,143,162.52,131.03
2023-12-23,S004,P0046,Clothing,East,140,184.16,129.09
2023-12-24,S004,P0046,Clothing,West,72,96.03,157.37
2023-12-25,S004,P0046,Clothing,West,76,103.97,122.33
2023-12-26,S004,P0046,Clothing,South,183,206.63,126.22
2023-12-27,S004,P0046,Clothing,South,137,181.45,126.3
2023-12-28,S004,P0046,Clothing,North,147,161.15,137.78
2023-12-29,S004,P0046,Clothing,West,114,147.62,125.16
2023-12-30,S004,P0046,Clothing,North,66,86.97,124.53
2023-12-31,S004,P0046,Clothing,South,174,177.41,131.48
2023-10-01,S004,P0057,Clothing,North,133,149.9,80.53
2023-10-02,S004,P0057,Clothing,North,93,86.29,79.4
2023-10-03,S004,P0057,Clothing,West,41,55.82,80.12
2023-10-04,S004,P0057,Clothing,South,93,113.81,89.18
2023-10-05,S004,P0057,Clothing,West,93,95.13,90.24
2023-10-06,S004,P0057,Clothing,North,60,83.27,90.93
2023-10-07,S004,P0057,Clothing,East,107,122.45,108.07
2023-10-08,S004,P0057,Clothing,East,62,68.19,90.64
2023-10-09,S004,P0057,Clothing,East,91,101.18,90.52
2023-10-10,S004,P0057,Clothing,North,142,160.55,112.81
2023-10-11,S004,P0057,Clothing,South,99,102.2,89.3
2023-10-12,S004,P0057,Clothing,South,64,91.02,90.22
2023-10-13,S004,P0057,Clothing,East,66,91.59,90.98
2023-10-14,S004,P0057,Clothing,West,132,146.85,90.89
2023-10-15,S004,P0057,Clothing,West,102,103.72,90.42
2023-10-16,S004,P0057,Clothing,West,107,124.64,89.46
2023-10-17,S004,P0057,Clothing,North,30,43.97,90.59
2023-10-18,S004,P0057,Clothing,West,80,98.58,90.17
2023-10-19,S004,P0057,Clothing,West,156,143.53,93.92
2023-10-20,S004,P0057,Clothing,West,137,136.26,90.16
2023-10-21,S004,P0057,Clothing,South,50,49.71,92.43
2023-10-22,S004,P0057,Clothing,South,82,95.0,90.76
2023-10-23,S004,P0057,Clothing,North,91,103.11,90.16
2023-10-24,S004,P0057,Clothing,North,89,98.44,90.14
2023-10-25,S004,P0057,Clothing,South,93,87.64,90.56
2023-10-26,S004,P0057,Clothing,West,56,63.23,90.65
2023-10-27,S004,P0057,Clothing,North,103,140.4,90.73
2023-10-28,S004,P0057,Clothing,South,95,116.15,90.86
2023-10-29,S004,P0057,Clothing,South,126,127.14,90.33
2023-10-30,S004,P0057,Clothing,West,89,91.47,89.68
2023-10-31,S004,P0057,Clothing,North,89,83.68,90.07
2023-11-01,S004,P0057,Clothing,East,95,90.13,127.55
2023-11-02,S004,P0057,Clothing,South,216,208.8,128.57
2023-11-03,S004,P0057,Clothing,East,105,149.34,115.45
2023-11-04,S004,P0057,Clothing,South,154,173.05,125.89
2023-11-05,S004,P0057,Clothing,South,131,135.88,126.71
2023-11-06,S004,P0057,Clothing,South,104,127.93,125.11
2023-11-07,S004,P0057,Clothing,North,159,179.91,127.36
2023-11-08,S004,P0057,Clothing,North,128,136.83,124.7
2023-11-09,S004,P0057,Clothing,North,158,158.42,123.09
2023-11-10,S004,P0057,Clothing,West,46,57.85,129.96
2023-11-11,S004,P0057,Clothing,East,112,128.04,125.39
2023-11-12,S004,P0057,Clothing,North,147,148.27,128.05
2023-11-13,S004,P0057,Clothing,East,158,156.57,128.32
2023-11-14,S004,P0057,Clothing,West,154,150.29,123.22
2023-11-15,S004,P0057,Clothing,East,97,108.06,148.16
2023-11-16,S004,P0057,Clothing,East,152,203.51,152.53
2023-11-17,S004,P0057,Clothing,South,122,121.21,165.22
2023-11-18,S004,P0057,Clothing,East,140,133.35,126.4
2023-11-19,S004,P0057,Clothing,South,120,122.6,124.15
2023-11-20,S004,P0057,Clothing,East,97,93.85,124.91
2023-11-21,S004,P0057,Clothing,North,112,118.32,128.45
2023-11-22,S004,P0057,Clothing,East,175,191.95,162.05
2023-11-23,S004,P0057,Clothing,East,111,135.26,156.33
2023-11-24,S004,P0057,Clothing,North,126,134.18,124.67
2023-11-25,S004,P0057,Clothing,East,141,175.23,127.88
2023-11-26,S004,P0057,Clothing,West,81,111.97,124.08
2023-11-27,S004,P0057,Clothing,North,123,148.55,131.22
2023-11-28,S004,P0057,Clothing,West,197,200.26,124.94
2023-11-29,S004,P0057,Clothing,West,103,127.95,128.77
2023-11-30,S004,P0057,Clothing,South,47,52.96,128.38
2023-12-01,S004,P0057,Clothing,North,180,173.59,124.44
2023-12-02,S004,P0057,Clothing,South,56,66.18,124.65
2023-12-03,S004,P0057,Clothing,East,118,117.02,127.8
2023-12-04,S004,P0057,Clothing,East,240,252.05,145.27
2023-12-05,S004,P0057,Clothing,South,132,145.95,124.81
2023-12-06,S004,P0057,Clothing,West,139,156.62,127.09
2023-12-07,S004,P0057,Clothing,East,90,100.79,124.38
2023-12-08,S004,P0057,Clothing,South,70,68.46,124.1
2023-12-09,S004,P0057,Clothing,North,207,192.12,128.03
2023-12-10,S004,P0057,Clothing,West,53,58.04,121.72
2023-12-11,S004,P0057,Clothing,East,108,104.47,125.42
2023-12-12,S004,P0057,Clothing,West,130,163.8,126.07
2023-12-13,S004,P0057,Clothing,South,152,194.93,127.62
2023-12-14,S004,P0057,Clothing,South,181,177.85,121.68
2023-12-15,S004,P0057,Clothing,North,175,199.46,134.48
2023-12-16,S004,P0057,Clothing,North,183,210.74,153.81
2023-12-17,S004,P0057,Clothing,West,89,125.61,124.95
2023-12-18,S004,P0057,Clothing,South,64,87.46,148.37
2023-12-19,S004,P0057,Clothing,North,52,70.36,153.85
2023-12-20,S004,P0057,Clothing,North,115,117.15,126.32
2023-12-21,S004,P0057,Clothing,West,88,110.94,121.57
2023-12-22,S004,P0057,Clothing,North,165,187.17,125.91
2023-12-23,S004,P0057,Clothing,North,134,162.63,126.22
2023-12-24,S004,P0057,Clothing,North,173,158.41,139.18
2023-12-25,S004,P0057,Clothing,South,44,41.4,122.02
2023-12-26,S004,P0057,Clothing,East,154,204.18,127.05
2023-12-27,S004,P0057,Clothing,East,183,202.72,154.72
2023-12-28,S004,P0057,Clothing,North,165,209.04,150.84
2023-12-29,S004,P0057,Clothing,South,144,169.58,123.38
2023-12-30,S004,P0057,Clothing,South,182,167.65,123.96
2023-12-31,S004,P0057,Clothing,South,192,261.79,141.56
2023-10-01,S004,P0061,Clothing,West,111,148.46,107.94
2023-10-02,S004,P0061,Clothing,North,54,76.05,89.52
2023-10-03,S004,P0061,Clothing,East,134,130.32,90.76
2023-10-04,S004,P0061,Clothing,South,128,146.75,90.66
2023-10-05,S004,P0061,Clothing,West,53,57.05,89.98
2023-10-06,S004,P0061,Clothing,South,147,134.77,106.98
2023-10-07,S004,P0061,Clothing,East,125,135.76,89.58
2023-10-08,S004,P0061,Clothing,West,52,57.81,92.62
2023-10-09,S004,P0061,Clothing,East,137,130.04,89.41
2023-10-10,S004,P0061,Clothing,South,86,120.7,92.6
2023-10-11,S004,P0061,Clothing,West,89,97.96,89.69
2023-10-12,S004,P0061,Clothing,North,99,100.61,90.31
2023-10-13,S004,P0061,Clothing,North,90,101.02,89.03
2023-10-14,S004,P0061,Clothing,East,79,99.81,106.99
2023-10-15,S004,P0061,Clothing,South,114,117.07,89.86
2023-10-16,S004,P0061,Clothing,North,67,89.08,89.79
2023-10-17,S004,P0061,Clothing,North,89,115.03,90.95
2023-10-18,S004,P0061,Clothing,South,78,98.51,89.71
2023-10-19,S004,P0061,Clothing,North,52,73.73,90.32
2023-10-20,S004,P0061,Clothing,East,95,88.09,90.84
2023-10-21,S004,P0061,Clothing,South,78,98.9,90.05
2023-10-22,S004,P0061,Clothing,North,182,172.21,105.98
2023-10-23,S004,P0061,Clothing,North,75,85.21,90.2
2023-10-24,S004,P0061,Clothing,West,97,108.52,90.01
2023-10-25,S004,P0061,Clothing,East,98,98.0,89.6
2023-10-26,S004,P0061,Clothing,East,129,121.31,89.9
2023-10-27,S004,P0061,Clothing,West,116,156.44,106.61
2023-10-28,S004,P0061,Clothing,North,62,76.01,98.41
2023-10-29,S004,P0061,Clothing,East,108,139.77,110.28
2023-10-30,S004,P0061,Clothing,East,182,181.99,89.64
2023-10-31,S004,P0061,Clothing,West,80,82.2,91.71
2023-11-01,S004,P0061,Clothing,East,116,145.35,126.86
2023-11-02,S004,P0061,Clothing,South,50,72.27,124.63
2023-11-03,S004,P0061,Clothing,West,173,205.44,120.62
2023-11-04,S004,P0061,Clothing,West,192,181.77,124.6
2023-11-05,S004,P0061,Clothing,South,98,102.86,124.79
2023-11-06,S004,P0061,Clothing,South,129,147.37,128.66
2023-11-07,S004,P0061,Clothing,West,158,194.1,154.9
2023-11-08,S004,P0061,Clothing,East,95,108.08,125.93
2023-11-09,S004,P0061,Clothing,South,125,134.02,125.33
2023-11-10,S004,P0061,Clothing,South,98,141.11,128.66
2023-11-11,S004,P0061,Clothing,West,125,165.64,157.92
2023-11-12,S004,P0061,Clothing,South,87,84.99,123.53
2023-11-13,S004,P0061,Clothing,North,87,108.99,121.84
2023-11-14,S004,P0061,Clothing,North,94,128.68,126.89
2023-11-15,S004,P0061,Clothing,South,34,46.77,119.46
2023-11-16,S004,P0061,Clothing,South,143,187.19,119.94
2023-11-17,S004,P0061,Clothing,West,101,107.4,112.54
2023-11-18,S004,P0061,Clothing,East,98,125.59,111.05
2023-11-19,S004,P0061,Clothing,South,90,95.62,114.93
2023-11-20,S004,P0061,Clothing,North,94,124.85,118.24
2023-11-21,S004,P0061,Clothing,North,94,103.63,139.1
2023-11-22,S004,P0061,Clothing,North,111,106.63,124.91
2023-11-23,S004,P0061,Clothing,East,177,187.73,128.45
2023-11-24,S004,P0061,Clothing,West,56,63.39,126.85
2023-11-25,S004,P0061,Clothing,South,142,154.3,123.96
2023-11-26,S004,P0061,Clothing,East,188,176.31,129.33
2023-11-27,S004,P0061,Clothing,North,184,174.23,126.69
2023-11-28,S004,P0061,Clothing,East,87,104.55,125.17
2023-11-29,S004,P0061,Clothing,North,73,81.6,127.66
2023-11-30,S004,P0061,Clothing,South,164,193.34,154.73
2023-12-01,S004,P0061,Clothing,North,123,157.83,129.85
2023-12-02,S004,P0061,Clothing,West,127,176.75,125.63
2023-12-03,S004,P0061,Clothing,West,226,207.37,125.48
2023-12-04,S004,P0061,Clothing,South,175,189.09,154.66
2023-12-05,S004,P0061,Clothing,North,161,162.41,127.91
2023-12-06,S004,P0061,Clothing,North,129,178.89,131.98
2023-12-07,S004,P0061,Clothing,West,137,130.57,127.07
2023-12-08,S004,P0061,Clothing,West,80,87.66,122.24
2023-12-09,S004,P0061,Clothing,East,130,122.05,130.02
2023-12-10,S004,P0061,Clothing,East,150,153.66,150.02
2023-12-11,S004,P0061,Clothing,East,45,42.47,124.78
2023-12-12,S004,P0061,Clothing,South,83,99.64,133.75
2023-12-13,S004,P0061,Clothing,West,128,135.76,133.34
2023-12-14,S004,P0061,Clothing,North,218,202.46,142.79
2023-12-15,S004,P0061,Clothing,West,103,129.56,123.82
2023-12-16,S004,P0061,Clothing,North,221,211.94,126.73
2023-12-17,S004,P0061,Clothing,West,71,87.87,128.42
2023-12-18,S004,P0061,Clothing,South,126,135.49,165.96
2023-12-19,S004,P0061,Clothing,North,95,99.01,129.43
2023-12-20,S004,P0061,Clothing,South,241,227.06,127.04
2023-12-21,S004,P0061,Clothing,South,136,130.46,137.0
2023-12-22,S004,P0061,Clothing,North,101,127.08,126.63
2023-12-23,S004,P0061,Clothing,West,158,186.13,123.34
2023-12-24,S004,P0061,Clothing,North,148,189.59,125.04
2023-12-25,S004,P0061,Clothing,North,97,109.55,157.11
2023-12-26,S004,P0061,Clothing,West,95,120.25,121.39
2023-12-27,S004,P0061,Clothing,West,201,204.94,159.81
2023-12-28,S004,P0061,Clothing,North,100,142.62,126.92
2023-12-29,S004,P0061,Clothing,East,81,106.93,124.79
2023-12-30,S004,P0061,Clothing,South,136,156.46,129.9
2023-12-31,S004,P0061,Clothing,East,46,58.54,127.45
2023-10-01,S004,P0066,Clothing,North,93,97.35,89.92
2023-10-02,S004,P0066,Clothing,East,58,63.08,89.58
2023-10-03,S004,P0066,Clothing,West,121,123.18,89.55
2023-10-04,S004,P0066,Clothing,South,131,168.06,89.69
2023-10-05,S004,P0066,Clothing,East,162,153.39,107.81
2023-10-06,S004,P0066,Clothing,West,72,75.85,90.09
2023-10-07,S004,P0066,Clothing,North,77,80.64,108.41
2023-10-08,S004,P0066,Clothing,North,113,142.49,89.75
2023-10-09,S004,P0066,Clothing,West,115,132.8,89.31
2023-10-10,S004,P0066,Clothing,West,98,119.19,88.8
2023-10-11,S004,P0066,Clothing,South,87,102.71,89.4
2023-10-12,S004,P0066,Clothing,North,166,168.44,111.1
2023-10-13,S004,P0066,Clothing,East,118,114.11,90.21
2023-10-14,S004,P0066,Clothing,East,63,74.84,87.65
2023-10-15,S004,P0066,Clothing,North,136,135.32,89.33
2023-10-16,S004,P0066,Clothing,North,86,105.92,90.55
2023-10-17,S004,P0066,Clothing,West,124,129.76,108.43
2023-10-18,S004,P0066,Clothing,East,173,162.48,88.61
2023-10-19,S004,P0066,Clothing,West,97,91.59,76.87
2023-10-20,S004,P0066,Clothing,West,74,93.34,89.43
2023-10-21,S004,P0066,Clothing,West,58,53.55,91.39
2023-10-22,S004,P0066,Clothing,South,84,119.58,89.42
2023-10-23,S004,P0066,Clothing,East,78,88.8,89.67
2023-10-24,S004,P0066,Clothing,North,65,75.43,89.14
2023-10-25,S004,P0066,Clothing,East,82,108.46,90.05
2023-10-26,S004,P0066,Clothing,West,117,112.89,90.41
2023-10-27,S004,P0066,Clothing,South,100,119.71,93.37
2023-10-28,S004,P0066,Clothing,South,188,178.18,90.33
2023-10-29,S004,P0066,Clothing,West,86,82.93,108.05
2023-10-30,S004,P0066,Clothing,West,117,124.84,90.09
2023-10-31,S004,P0066,Clothing,West,137,135.26,108.0
2023-11-01,S004,P0066,Clothing,South,176,188.09,125.14
2023-11-02,S004,P0066,Clothing,North,94,114.58,130.95
2023-11-03,S004,P0066,Clothing,West,149,190.61,124.39
2023-11-04,S004,P0066,Clothing,South,249,232.74,159.49
2023-11-05,S004,P0066,Clothing,North,121,154.15,123.41
2023-11-06,S004,P0066,Clothing,East,141,140.17,153.35
2023-11-07,S004,P0066,Clothing,East,148,196.1,123.84
2023-11-08,S004,P0066,Clothing,South,149,144.41,127.42
2023-11-09,S004,P0066,Clothing,South,136,153.43,147.72
2023-11-10,S004,P0066,Clothing,West,143,173.91,123.53
2023-11-11,S004,P0066,Clothing,North,154,212.24,137.53
2023-11-12,S004,P0066,Clothing,North,183,181.01,126.79
2023-11-13,S004,P0066,Clothing,South,137,150.23,125.69
2023-11-14,S004,P0066,Clothing,East,100,104.7,121.67
2023-11-15,S004,P0066,Clothing,North,102,139.32,127.99
2023-11-16,S004,P0066,Clothing,North,136,136.04,123.04
2023-11-17,S004,P0066,Clothing,West,126,116.34,126.75
2023-11-18,S004,P0066,Clothing,West,155,142.49,158.85
2023-11-19,S004,P0066,Clothing,West,84,99.31,125.01
2023-11-20,S004,P0066,Clothing,South,160,156.31,126.46
2023-11-21,S004,P0066,Clothing,North,126,172.05,124.32
2023-11-22,S004,P0066,Clothing,West,165,184.46,124.28
2023-11-23,S004,P0066,Clothing,East,107,147.3,156.78
2023-11-24,S004,P0066,Clothing,West,87,116.68,122.4
2023-11-25,S004,P0066,Clothing,East,29,34.29,151.22
2023-11-26,S004,P0066,Clothing,South,121,146.74,118.21
2023-11-27,S004,P0066,Clothing,South,97,102.54,136.9
2023-11-28,S004,P0066,Clothing,North,123,153.43,144.61
2023-11-29,S004,P0066,Clothing,North,174,181.15,125.7
2023-11-30,S004,P0066,Clothing,West,160,177.64,111.27
2023-12-01,S004,P0066,Clothing,North,149,151.99,138.1
2023-12-02,S004,P0066,Clothing,South,136,126.57,124.69
2023-12-03,S004,P0066,Clothing,East,116,123.19,126.93
2023-12-04,S004,P0066,Clothing,East,192,175.67,124.99
2023-12-05,S004,P0066,Clothing,East,65,74.95,117.83
2023-12-06,S004,P0066,Clothing,West,94,118.33,124.98
2023-12-07,S004,P0066,Clothing,East,135,179.32,122.05
2023-12-08,S004,P0066,Clothing,East,224,207.57,125.4
2023-12-09,S004,P0066,Clothing,East,189,194.3,128.08
2023-12-10,S004,P0066,Clothing,North,121,163.96,124.52
2023-12-11,S004,P0066,Clothing,East,109,107.94,129.88
2023-12-12,S004,P0066,Clothing,West,126,166.49,122.57
2023-12-13,S004,P0066,Clothing,East,163,153.33,126.61
2023-12-14,S004,P0066,Clothing,West,103,124.19,122.02
2023-12-15,S004,P0066,Clothing,North,135,171.68,126.51
2023-12-16,S004,P0066,Clothing,East,147,150.04,151.07
2023-12-17,S004,P0066,Clothing,South,99,140.07,123.43
2023-12-18,S004,P0066,Clothing,South,111,111.56,124.37
2023-12-19,S004,P0066,Clothing,East,131,176.1,157.42
2023-12-20,S004,P0066,Clothing,West,67,79.8,128.3
2023-12-21,S004,P0066,Clothing,South,116,149.09,125.15
2023-12-22,S004,P0066,Clothing,West,207,200.78,122.1
2023-12-23,S004,P0066,Clothing,North,177,174.11,123.85
2023-12-24,S004,P0066,Clothing,South,81,93.25,126.71
2023-12-25,S004,P0066,Clothing,North,60,83.1,124.49
2023-12-26,S004,P0066,Clothing,West,156,167.79,129.19
2023-12-27,S004,P0066,Clothing,East,201,213.71,123.91
2023-12-28,S004,P0066,Clothing,West,79,83.86,121.46
2023-12-29,S004,P0066,Clothing,North,157,189.48,154.7
2023-12-30,S004,P0066,Clothing,South,134,156.72,127.15
2023-12-31,S004,P0066,Clothing,East,67,71.14,126.69
2023-10-01,S004,P0067,Furniture,North,88,89.18,89.63
2023-10-02,S004,P0067,Furniture,North,85,95.23,90.06
2023-10-03,S004,P0067,Furniture,North,54,70.6,90.07
2023-10-04,S004,P0067,Furniture,West,65,76.41,90.15
2023-10-05,S004,P0067,Furniture,South,48,54.61,90.01
2023-10-06,S004,P0067,Furniture,South,68,97.74,90.31
2023-10-07,S004,P0067,Furniture,North,75,88.78,89.95
2023-10-08,S004,P0067,Furniture,East,82,86.19,89.28
2023-10-09,S004,P0067,Furniture,South,140,170.23,110.32
2023-10-10,S004,P0067,Furniture,East,83,91.93,90.63
2023-10-11,S004,P0067,Furniture,South,92,87.02,90.97
2023-10-12,S004,P0067,Furniture,West,77,96.85,91.03
2023-10-13,S004,P0067,Furniture,South,90,111.15,89.47
2023-10-14,S004,P0067,Furniture,North,100,102.25,90.52
2023-10-15,S004,P0067,Furniture,West,102,100.62,89.93
2023-10-16,S004,P0067,Furniture,East,77,98.61,89.67
2023-10-17,S004,P0067,Furniture,South,85,81.79,89.28
2023-10-18,S004,P0067,Furniture,South,82,109.6,89.87
2023-10-19,S004,P0067,Furniture,North,53,70.48,90.48
2023-10-20,S004,P0067,Furniture,West,105,128.57,90.56
2023-10-21,S004,P0067,Furniture,East,100,105.66,91.49
2023-10-22,S004,P0067,Furniture,East,91,86.09,90.85
2023-10-23,S004,P0067,Furniture,North,36,41.25,107.15
2023-10-24,S004,P0067,Furniture,West,114,116.39,91.22
2023-10-25,S004,P0067,Furniture,South,70,96.7,90.61
2023-10-26,S004,P0067,Furniture,North,114,162.38,90.0
2023-10-27,S004,P0067,Furniture,West,98,117.37,89.72
2023-10-28,S004,P0067,Furniture,West,46,54.13,89.68
2023-10-29,S004,P0067,Furniture,South,86,117.0,89.98
2023-10-30,S004,P0067,Furniture,East,121,123.68,90.43
2023-10-31,S004,P0067,Furniture,North,136,131.43,89.43
2023-11-01,S004,P0067,Furniture,West,80,101.9,88.3
2023-11-02,S004,P0067,Furniture,East,82,103.45,86.41
2023-11-03,S004,P0067,Furniture,South,113,146.32,87.26
2023-11-04,S004,P0067,Furniture,North,107,139.61,87.31
2023-11-05,S004,P0067,Furniture,South,48,58.71,87.91
2023-11-06,S004,P0067,Furniture,West,70,68.28,87.52
2023-11-07,S004,P0067,Furniture,South,106,120.08,88.62
2023-11-08,S004,P0067,Furniture,East,82,106.69,88.67
2023-11-09,S004,P0067,Furniture,North,64,73.03,89.08
2023-11-10,S004,P0067,Furniture,East,76,71.15,87.65
2023-11-11,S004,P0067,Furniture,East,76,105.37,109.82
2023-11-12,S004,P0067,Furniture,North,47,51.52,89.0
2023-11-13,S004,P0067,Furniture,East,80,85.23,89.75
2023-11-14,S004,P0067,Furniture,West,53,63.96,89.5
2023-11-15,S004,P0067,Furniture,South,98,127.04,91.64
2023-11-16,S004,P0067,Furniture,East,49,63.49,111.53
2023-11-17,S004,P0067,Furniture,East,97,97.44,88.62
2023-11-18,S004,P0067,Furniture,East,39,51.39,88.25
2023-11-19,S004,P0067,Furniture,West,83,103.46,97.78
2023-11-20,S004,P0067,Furniture,North,62,64.3,91.59
2023-11-21,S004,P0067,Furniture,North,90,100.33,90.68
2023-11-22,S004,P0067,Furniture,South,42,60.16,91.26
2023-11-23,S004,P0067,Furniture,East,44,54.48,101.14
2023-11-24,S004,P0067,Furniture,South,107,105.35,89.17
2023-11-25,S004,P0067,Furniture,North,93,94.66,89.56
2023-11-26,S004,P0067,Furniture,West,89,101.65,90.86
2023-11-27,S004,P0067,Furniture,South,76,103.95,91.33
2023-11-28,S004,P0067,Furniture,East,122,126.39,91.43
2023-11-29,S004,P0067,Furniture,North,130,134.43,106.31
2023-11-30,S004,P0067,Furniture,South,161,177.63,90.39
2023-12-01,S004,P0067,Furniture,East,77,97.16,113.72
2023-12-02,S004,P0067,Furniture,East,55,76.23,86.27
2023-12-03,S004,P0067,Furniture,North,72,71.79,114.6
2023-12-04,S004,P0067,Furniture,West,55,52.84,90.58
2023-12-05,S004,P0067,Furniture,West,79,77.62,108.22
2023-12-06,S004,P0067,Furniture,South,73,93.62,90.94
2023-12-07,S004,P0067,Furniture,West,112,125.73,91.3
2023-12-08,S004,P0067,Furniture,East,60,71.84,87.5
2023-12-09,S004,P0067,Furniture,East,105,112.58,88.52
2023-12-10,S004,P0067,Furniture,South,151,140.74,89.05
2023-12-11,S004,P0067,Furniture,South,88,82.5,91.34
2023-12-12,S004,P0067,Furniture,West,46,42.83,90.94
2023-12-13,S004,P0067,Furniture,East,71,89.47,91.9
2023-12-14,S004,P0067,Furniture,West,150,155.5,95.69
2023-12-15,S004,P0067,Furniture,West,76,82.73,87.39
2023-12-16,S004,P0067,Furniture,South,134,176.46,109.34
2023-12-17,S004,P0067,Furniture,East,139,133.3,90.9
2023-12-18,S004,P0067,Furniture,West,114,135.26,89.66
2023-12-19,S004,P0067,Furniture,East,42,45.29,89.77
2023-12-20,S004,P0067,Furniture,South,54,62.92,89.13
2023-12-21,S004,P0067,Furniture,West,139,149.49,86.22
2023-12-22,S004,P0067,Furniture,West,174,177.07,109.19
2023-12-23,S004,P0067,Furniture,North,126,143.93,92.67
2023-12-24,S004,P0067,Furniture,South,127,134.41,106.87
2023-12-25,S004,P0067,Furniture,South,109,128.95,87.33
2023-12-26,S004,P0067,Furniture,South,95,88.15,87.97
2023-12-27,S004,P0067,Furniture,South,109,154.65,90.83
2023-12-28,S004,P0067,Furniture,West,98,136.96,93.26
2023-12-29,S004,P0067,Furniture,West,44,45.65,87.89
2023-12-30,S004,P0067,Furniture,South,93,112.48,109.39
2023-12-31,S004,P0067,Furniture,North,42,51.7,89.14
2023-10-01,S004,P0068,Electronics,South,53,55.9,89.45
2023-10-02,S004,P0068,Electronics,East,64,89.98,88.37
2023-10-03,S004,P0068,Electronics,East,110,102.54,92.98
2023-10-04,S004,P0068,Electronics,South,53,50.07,66.4
2023-10-05,S004,P0068,Electronics,South,79,74.43,73.22
2023-10-06,S004,P0068,Electronics,West,77,83.69,88.12
2023-10-07,S004,P0068,Electronics,North,99,119.75,88.38
2023-10-08,S004,P0068,Electronics,East,144,134.52,88.82
2023-10-09,S004,P0068,Electronics,East,80,92.66,91.84
2023-10-10,S004,P0068,Electronics,North,96,98.82,91.41
2023-10-11,S004,P0068,Electronics,South,39,44.08,91.87
2023-10-12,S004,P0068,Electronics,East,127,145.28,89.58
2023-10-13,S004,P0068,Electronics,East,34,45.52,64.23
2023-10-14,S004,P0068,Electronics,South,83,79.34,89.95
2023-10-15,S004,P0068,Electronics,North,84,100.34,72.21
2023-10-16,S004,P0068,Electronics,West,89,91.09,89.04
2023-10-17,S004,P0068,Electronics,West,105,117.66,89.51
2023-10-18,S004,P0068,Electronics,East,69,93.04,71.9
2023-10-19,S004,P0068,Electronics,West,99,101.92,89.96
2023-10-20,S004,P0068,Electronics,North,181,211.82,105.02
2023-10-21,S004,P0068,Electronics,North,41,55.66,89.71
2023-10-22,S004,P0068,Electronics,South,111,112.35,90.68
2023-10-23,S004,P0068,Electronics,South,77,108.04,89.42
2023-10-24,S004,P0068,Electronics,South,93,103.62,105.77
2023-10-25,S004,P0068,Electronics,South,54,71.3,72.89
2023-10-26,S004,P0068,Electronics,North,88,92.4,88.02
2023-10-27,S004,P0068,Electronics,North,118,109.26,71.89
2023-10-28,S004,P0068,Electronics,West,127,139.41,89.74
2023-10-29,S004,P0068,Electronics,South,111,106.87,108.9
2023-10-30,S004,P0068,Electronics,South,131,128.84,91.65
2023-10-31,S004,P0068,Electronics,South,84,108.34,91.53
2023-11-01,S004,P0068,Electronics,South,116,107.11,91.63
2023-11-02,S004,P0068,Electronics,South,43,58.83,72.4
2023-11-03,S004,P0068,Electronics,West,44,59.13,89.66
2023-11-04,S004,P0068,Electronics,South,49,51.35,91.34
2023-11-05,S004,P0068,Electronics,East,118,120.53,89.52
2023-11-06,S004,P0068,Electronics,North,128,169.8,88.76
2023-11-07,S004,P0068,Electronics,East,25,33.94,89.76
2023-11-08,S004,P0068,Electronics,East,97,108.0,72.5
2023-11-09,S004,P0068,Electronics,South,72,86.38,88.88
2023-11-10,S004,P0068,Electronics,South,104,119.74,88.71
2023-11-11,S004,P0068,Electronics,North,99,104.66,89.18
2023-11-12,S004,P0068,Electronics,North,61,56.84,91.02
2023-11-13,S004,P0068,Electronics,East,61,85.02,89.46
2023-11-14,S004,P0068,Electronics,North,55,71.96,88.87
2023-11-15,S004,P0068,Electronics,North,98,99.21,70.85
2023-11-16,S004,P0068,Electronics,West,85,82.76,88.51
2023-11-17,S004,P0068,Electronics,North,86,106.0,89.22
2023-11-18,S004,P0068,Electronics,West,114,113.81,89.47
2023-11-19,S004,P0068,Electronics,South,90,91.35,89.03
2023-11-20,S004,P0068,Electronics,North,48,55.88,87.85
2023-11-21,S004,P0068,Electronics,South,26,33.65,71.83
2023-11-22,S004,P0068,Electronics,West,96,116.34,88.91
2023-11-23,S004,P0068,Electronics,West,78,73.09,88.58
2023-11-24,S004,P0068,Electronics,South,102,120.72,89.02
2023-11-25,S004,P0068,Electronics,South,97,110.02,89.62
2023-11-26,S004,P0068,Electronics,East,28,26.1,71.66
2023-11-27,S004,P0068,Electronics,South,63,59.8,89.95
2023-11-28,S004,P0068,Electronics,West,81,95.47,70.68
2023-11-29,S004,P0068,Electronics,West,98,104.59,89.38
2023-11-30,S004,P0068,Electronics,South,78,75.72,72.59
2023-12-01,S004,P0068,Electronics,East,38,48.38,109.73
2023-12-02,S004,P0068,Electronics,North,86,91.49,88.45
2023-12-03,S004,P0068,Electronics,South,93,106.56,93.36
2023-12-04,S004,P0068,Electronics,West,118,114.24,91.92
2023-12-05,S004,P0068,Electronics,West,84,78.54,89.39
2023-12-06,S004,P0068,Electronics,South,116,111.36,88.24
2023-12-07,S004,P0068,Electronics,East,112,109.85,88.4
2023-12-08,S004,P0068,Electronics,East,72,92.4,69.0
2023-12-09,S004,P0068,Electronics,South,111,110.77,89.04
2023-12-10,S004,P0068,Electronics,West,126,122.79,109.38
2023-12-11,S004,P0068,Electronics,South,43,58.28,80.85
2023-12-12,S004,P0068,Electronics,East,75,70.09,71.35
2023-12-13,S004,P0068,Electronics,South,71,87.7,71.93
2023-12-14,S004,P0068,Electronics,North,129,135.43,89.33
2023-12-15,S004,P0068,Electronics,West,109,103.79,89.74
2023-12-16,S004,P0068,Electronics,South,79,94.37,90.16
2023-12-17,S004,P0068,Electronics,North,49,67.73,72.44
2023-12-18,S004,P0068,Electronics,South,104,96.68,90.23
2023-12-19,S004,P0068,Electronics,North,50,63.67,71.98
2023-12-20,S004,P0068,Electronics,West,135,192.63,88.42
2023-12-21,S004,P0068,Electronics,North,96,94.4,89.89
2023-12-22,S004,P0068,Electronics,West,73,73.1,73.07
2023-12-23,S004,P0068,Electronics,North,154,148.49,89.84
2023-12-24,S004,P0068,Electronics,South,53,73.01,73.58
2023-12-25,S004,P0068,Electronics,South,92,88.01,75.01
2023-12-26,S004,P0068,Electronics,North,87,107.41,89.88
2023-12-27,S004,P0068,Electronics,West,185,170.1,115.6
2023-12-28,S004,P0068,Electronics,West,119,155.37,91.45
2023-12-29,S004,P0068,Electronics,West,108,115.55,86.6
2023-12-30,S004,P0068,Electronics,North,116,153.51,92.35
2023-12-31,S004,P0068,Electronics,South,93,93.12,71.82
2023-10-01,S004,P0069,Clothing,East,89,88.34,89.71
2023-10-02,S004,P0069,Clothing,West,80,95.36,105.87
2023-10-03,S004,P0069,Clothing,South,106,111.25,89.65
2023-10-04,S004,P0069,Clothing,North,93,122.22,90.68
2023-10-05,S004,P0069,Clothing,North,87,94.72,90.9
2023-10-06,S004,P0069,Clothing,East,155,176.27,91.17
2023-10-07,S004,P0069,Clothing,South,46,43.58,89.64
2023-10-08,S004,P0069,Clothing,East,106,145.19,89.23
2023-10-09,S004,P0069,Clothing,West,89,123.27,90.18
2023-10-10,S004,P0069,Clothing,North,77,95.9,90.32
2023-10-11,S004,P0069,Clothing,East,68,69.93,107.78
2023-10-12,S004,P0069,Clothing,North,121,173.49,106.59
2023-10-13,S004,P0069,Clothing,North,71,67.31,89.81
2023-10-14,S004,P0069,Clothing,East,114,137.36,91.73
2023-10-15,S004,P0069,Clothing,North,163,170.81,90.1
2023-10-16,S004,P0069,Clothing,North,141,171.06,109.16
2023-10-17,S004,P0069,Clothing,West,102,104.76,94.91
2023-10-18,S004,P0069,Clothing,North,103,133.63,87.25
2023-10-19,S004,P0069,Clothing,East,67,84.52,91.28
2023-10-20,S004,P0069,Clothing,East,67,83.75,109.66
2023-10-21,S004,P0069,Clothing,North,115,118.5,92.95
2023-10-22,S004,P0069,Clothing,North,57,74.62,90.11
2023-10-23,S004,P0069,Clothing,West,110,139.58,105.71
2023-10-24,S004,P0069,Clothing,West,141,152.36,90.41
2023-10-25,S004,P0069,Clothing,South,74,74.33,90.21
2023-10-26,S004,P0069,Clothing,West,144,136.52,90.77
2023-10-27,S004,P0069,Clothing,West,72,89.66,90.57
2023-10-28,S004,P0069,Clothing,North,99,110.44,89.79
2023-10-29,S004,P0069,Clothing,West,67,88.3,109.79
2023-10-30,S004,P0069,Clothing,East,111,103.81,90.65
2023-10-31,S004,P0069,Clothing,North,169,170.36,90.06
2023-11-01,S004,P0069,Clothing,East,119,120.4,128.44
2023-11-02,S004,P0069,Clothing,South,84,114.13,123.15
2023-11-03,S004,P0069,Clothing,South,97,132.48,136.0
2023-11-04,S004,P0069,Clothing,North,111,127.95,121.22
2023-11-05,S004,P0069,Clothing,South,125,140.83,129.6
2023-11-06,S004,P0069,Clothing,West,152,215.41,125.49
2023-11-07,S004,P0069,Clothing,East,125,156.9,125.67
2023-11-08,S004,P0069,Clothing,North,86,97.21,117.53
2023-11-09,S004,P0069,Clothing,North,148,167.49,130.92
2023-11-10,S004,P0069,Clothing,North,122,112.1,119.43
2023-11-11,S004,P0069,Clothing,East,154,153.84,123.12
2023-11-12,S004,P0069,Clothing,North,141,191.02,153.38
2023-11-13,S004,P0069,Clothing,West,142,131.85,129.02
2023-11-14,S004,P0069,Clothing,North,87,120.59,156.97
2023-11-15,S004,P0069,Clothing,North,168,206.29,157.13
2023-11-16,S004,P0069,Clothing,South,123,157.34,124.95
2023-11-17,S004,P0069,Clothing,South,157,172.61,135.4
2023-11-18,S004,P0069,Clothing,South,90,106.82,150.2
2023-11-19,S004,P0069,Clothing,North,120,167.35,128.37
2023-11-20,S004,P0069,Clothing,East,85,111.51,128.45
2023-11-21,S004,P0069,Clothing,East,105,142.33,131.51
2023-11-22,S004,P0069,Clothing,North,153,147.83,123.6
2023-11-23,S004,P0069,Clothing,North,159,149.24,146.2
2023-11-24,S004,P0069,Clothing,West,123,144.36,146.59
2023-11-25,S004,P0069,Clothing,West,88,103.78,123.87
2023-11-26,S004,P0069,Clothing,East,140,169.76,152.71
2023-11-27,S004,P0069,Clothing,North,57,77.76,134.48
2023-11-28,S004,P0069,Clothing,West,123,120.91,122.75
2023-11-29,S004,P0069,Clothing,North,113,145.55,144.45
2023-11-30,S004,P0069,Clothing,East,184,173.09,128.0
2023-12-01,S004,P0069,Clothing,West,195,204.26,122.91
2023-12-02,S004,P0069,Clothing,South,94,104.56,121.52
2023-12-03,S004,P0069,Clothing,South,115,142.64,125.77
2023-12-04,S004,P0069,Clothing,North,150,151.55,124.84
2023-12-05,S004,P0069,Clothing,North,111,102.92,125.46
2023-12-06,S004,P0069,Clothing,North,114,156.95,126.94
2023-12-07,S004,P0069,Clothing,North,140,157.11,122.99
2023-12-08,S004,P0069,Clothing,North,205,284.15,156.24
2023-12-09,S004,P0069,Clothing,North,116,158.87,127.16
2023-12-10,S004,P0069,Clothing,East,76,96.3,125.8
2023-12-11,S004,P0069,Clothing,East,144,190.8,125.82
2023-12-12,S004,P0069,Clothing,West,118,152.14,124.76
2023-12-13,S004,P0069,Clothing,West,83,110.53,125.85
2023-12-14,S004,P0069,Clothing,North,125,129.26,130.75
2023-12-15,S004,P0069,Clothing,South,162,191.9,125.13
2023-12-16,S004,P0069,Clothing,North,180,182.08,128.55
2023-12-17,S004,P0069,Clothing,South,174,201.41,176.63
2023-12-18,S004,P0069,Clothing,South,52,71.4,127.07
2023-12-19,S004,P0069,Clothing,East,74,101.91,125.96
2023-12-20,S004,P0069,Clothing,East,148,193.75,129.99
2023-12-21,S004,P0069,Clothing,East,138,194.04,158.45
2023-12-22,S004,P0069,Clothing,North,170,176.23,126.47
2023-12-23,S004,P0069,Clothing,West,161,177.65,155.61
2023-12-24,S004,P0069,Clothing,South,130,159.58,122.11
2023-12-25,S004,P0069,Clothing,East,165,150.64,153.52
2023-12-26,S004,P0069,Clothing,North,182,170.74,124.55
2023-12-27,S004,P0069,Clothing,West,249,236.88,124.82
2023-12-28,S004,P0069,Clothing,South,118,107.41,115.53
2023-12-29,S004,P0069,Clothing,South,56,56.62,119.19
2023-12-30,S004,P0069,Clothing,South,93,97.86,125.81
2023-12-31,S004,P0069,Clothing,South,87,117.87,125.07
2023-10-01,S004,P0070,Electronics,East,79,99.27,73.66
2023-10-02,S004,P0070,Electronics,West,63,60.65,73.25
2023-10-03,S004,P0070,Electronics,North,118,111.56,89.26
2023-10-04,S004,P0070,Electronics,East,64,63.45,88.78
2023-10-05,S004,P0070,Electronics,South,106,113.09,72.51
2023-10-06,S004,P0070,Electronics,North,94,95.68,92.93
2023-10-07,S004,P0070,Electronics,North,98,95.72,70.4
2023-10-08,S004,P0070,Electronics,East,80,110.67,89.88
2023-10-09,S004,P0070,Electronics,West,94,133.12,72.55
2023-10-10,S004,P0070,Electronics,East,88,85.33,68.56
2023-10-11,S004,P0070,Electronics,West,49,46.66,89.93
2023-10-12,S004,P0070,Electronics,East,189,189.45,105.89
2023-10-13,S004,P0070,Electronics,East,111,134.3,90.65
2023-10-14,S004,P0070,Electronics,East,27,25.34,91.7
2023-10-15,S004,P0070,Electronics,North,44,54.63,89.75
2023-10-16,S004,P0070,Electronics,North,110,145.52,109.21
2023-10-17,S004,P0070,Electronics,East,146,158.92,89.38
2023-10-18,S004,P0070,Electronics,North,105,123.43,89.81
2023-10-19,S004,P0070,Electronics,West,65,80.27,91.48
2023-10-20,S004,P0070,Electronics,South,73,84.96,88.77
2023-10-21,S004,P0070,Electronics,West,155,157.59,109.95
2023-10-22,S004,P0070,Electronics,South,99,124.93,89.53
2023-10-23,S004,P0070,Electronics,East,94,117.48,91.2
2023-10-24,S004,P0070,Electronics,North,193,183.16,90.9
2023-10-25,S004,P0070,Electronics,North,80,103.49,94.07
2023-10-26,S004,P0070,Electronics,East,78,79.81,89.45
2023-10-27,S004,P0070,Electronics,South,68,79.69,72.39
2023-10-28,S004,P0070,Electronics,West,57,60.64,72.69
2023-10-29,S004,P0070,Electronics,South,72,102.22,87.22
2023-10-30,S004,P0070,Electronics,West,129,120.7,89.91
2023-10-31,S004,P0070,Electronics,South,72,87.71,89.84
2023-11-01,S004,P0070,Electronics,East,94,104.62,69.24
2023-11-02,S004,P0070,Electronics,East,37,35.9,89.32
2023-11-03,S004,P0070,Electronics,West,24,34.08,109.74
2023-11-04,S004,P0070,Electronics,West,64,91.45,89.02
2023-11-05,S004,P0070,Electronics,South,77,85.23,70.86
2023-11-06,S004,P0070,Electronics,East,160,163.34,87.94
2023-11-07,S004,P0070,Electronics,North,111,135.46,109.47
2023-11-08,S004,P0070,Electronics,North,89,101.1,90.4
2023-11-09,S004,P0070,Electronics,North,115,106.18,89.23
2023-11-10,S004,P0070,Electronics,South,62,77.67,90.06
2023-11-11,S004,P0070,Electronics,West,85,109.61,89.88
2023-11-12,S004,P0070,Electronics,South,69,84.59,89.3
2023-11-13,S004,P0070,Electronics,West,74,72.73,111.04
2023-11-14,S004,P0070,Electronics,North,100,136.8,89.05
2023-11-15,S004,P0070,Electronics,West,48,67.96,89.83
2023-11-16,S004,P0070,Electronics,South,85,121.57,88.81
2023-11-17,S004,P0070,Electronics,South,101,114.66,88.47
2023-11-18,S004,P0070,Electronics,West,161,161.15,88.84
2023-11-19,S004,P0070,Electronics,West,152,168.67,89.68
2023-11-20,S004,P0070,Electronics,South,123,155.52,88.86
2023-11-21,S004,P0070,Electronics,South,76,94.51,90.84
2023-11-22,S004,P0070,Electronics,South,82,79.4,90.52
2023-11-23,S004,P0070,Electronics,North,120,131.21,87.69
2023-11-24,S004,P0070,Electronics,North,43,50.62,73.86
2023-11-25,S004,P0070,Electronics,West,53,60.25,71.81
2023-11-26,S004,P0070,Electronics,West,118,111.4,90.64
2023-11-27,S004,P0070,Electronics,East,78,98.04,90.08
2023-11-28,S004,P0070,Electronics,West,98,110.21,90.66
2023-11-29,S004,P0070,Electronics,East,81,111.36,90.53
2023-11-30,S004,P0070,Electronics,West,27,32.81,70.83
2023-12-01,S004,P0070,Electronics,North,75,108.22,71.58
2023-12-02,S004,P0070,Electronics,East,86,79.16,89.37
2023-12-03,S004,P0070,Electronics,South,145,175.27,109.64
2023-12-04,S004,P0070,Electronics,South,92,103.57,89.34
2023-12-05,S004,P0070,Electronics,West,80,83.28,71.82
2023-12-06,S004,P0070,Electronics,North,78,109.86,93.45
2023-12-07,S004,P0070,Electronics,East,109,109.84,88.85
2023-12-08,S004,P0070,Electronics,East,86,101.32,72.56
2023-12-09,S004,P0070,Electronics,South,50,70.27,89.35
2023-12-10,S004,P0070,Electronics,South,70,101.13,89.53
2023-12-11,S004,P0070,Electronics,West,26,27.75,89.96
2023-12-12,S004,P0070,Electronics,South,105,133.7,89.36
2023-12-13,S004,P0070,Electronics,East,77,102.46,90.0
2023-12-14,S004,P0070,Electronics,East,131,143.86,107.38
2023-12-15,S004,P0070,Electronics,East,100,102.44,68.45
2023-12-16,S004,P0070,Electronics,South,72,81.4,90.69
2023-12-17,S004,P0070,Electronics,North,63,74.28,76.05
2023-12-18,S004,P0070,Electronics,East,131,139.41,92.65
2023-12-19,S004,P0070,Electronics,South,55,54.54,70.89
2023-12-20,S004,P0070,Electronics,North,60,57.01,71.94
2023-12-21,S004,P0070,Electronics,North,102,97.22,90.85
2023-12-22,S004,P0070,Electronics,South,42,58.2,89.44
2023-12-23,S004,P0070,Electronics,South,63,67.73,89.67
2023-12-24,S004,P0070,Electronics,West,85,84.93,89.03
2023-12-25,S004,P0070,Electronics,North,130,138.01,88.67
2023-12-26,S004,P0070,Electronics,East,26,27.46,108.88
2023-12-27,S004,P0070,Electronics,East,88,87.7,68.55
2023-12-28,S004,P0070,Electronics,South,85,94.91,90.25
2023-12-29,S004,P0070,Electronics,North,83,102.41,90.82
2023-12-30,S004,P0070,Electronics,East,109,120.71,89.63
2023-12-31,S004,P0070,Electronics,East,87,86.01,90.19
2023-10-01,S004,P0079,Furniture,East,53,71.69,89.92
2023-10-02,S004,P0079,Furniture,North,59,63.25,90.21
2023-10-03,S004,P0079,Furniture,West,115,139.82,108.2
2023-10-04,S004,P0079,Furniture,West,102,131.58,106.57
2023-10-05,S004,P0079,Furniture,East,99,129.58,89.8
2023-10-06,S004,P0079,Furniture,North,54,56.81,90.54
2023-10-07,S004,P0079,Furniture,North,61,65.68,107.0
2023-10-08,S004,P0079,Furniture,North,99,107.01,90.94
2023-10-09,S004,P0079,Furniture,North,75,91.11,90.28
2023-10-10,S004,P0079,Furniture,East,136,134.33,90.13
2023-10-11,S004,P0079,Furniture,West,89,96.29,90.98
2023-10-12,S004,P0079,Furniture,North,154,160.95,108.51
2023-10-13,S004,P0079,Furniture,East,86,120.17,90.03
2023-10-14,S004,P0079,Furniture,North,12,13.8,89.87
2023-10-15,S004,P0079,Furniture,South,70,66.01,90.58
2023-10-16,S004,P0079,Furniture,North,61,77.85,90.3
2023-10-17,S004,P0079,Furniture,South,59,79.76,89.31
2023-10-18,S004,P0079,Furniture,North,84,111.47,90.95
2023-10-19,S004,P0079,Furniture,South,66,76.02,92.18
2023-10-20,S004,P0079,Furniture,South,93,87.04,90.89
2023-10-21,S004,P0079,Furniture,South,106,122.79,89.92
2023-10-22,S004,P0079,Furniture,West,108,98.94,90.59
2023-10-23,S004,P0079,Furniture,East,81,103.39,90.73
2023-10-24,S004,P0079,Furniture,North,51,59.28,90.69
2023-10-25,S004,P0079,Furniture,North,12,11.31,90.31
2023-10-26,S004,P0079,Furniture,North,96,97.36,90.01
2023-10-27,S004,P0079,Furniture,South,105,110.35,90.79
2023-10-28,S004,P0079,Furniture,East,134,143.35,90.55
2023-10-29,S004,P0079,Furniture,North,66,63.14,89.21
2023-10-30,S004,P0079,Furniture,West,121,114.94,107.95
2023-10-31,S004,P0079,Furniture,East,97,103.99,89.88
2023-11-01,S004,P0079,Furniture,West,47,45.75,91.37
2023-11-02,S004,P0079,Furniture,North,82,82.82,91.44
2023-11-03,S004,P0079,Furniture,West,117,112.87,88.77
2023-11-04,S004,P0079,Furniture,East,84,113.26,88.09
2023-11-05,S004,P0079,Furniture,North,158,145.73,90.77
2023-11-06,S004,P0079,Furniture,North,143,166.12,91.08
2023-11-07,S004,P0079,Furniture,North,119,109.97,89.67
2023-11-08,S004,P0079,Furniture,East,76,89.0,90.67
2023-11-09,S004,P0079,Furniture,South,106,107.47,90.33
2023-11-10,S004,P0079,Furniture,South,22,30.19,87.73
2023-11-11,S004,P0079,Furniture,North,88,81.1,86.35
2023-11-12,S004,P0079,Furniture,North,92,103.77,89.61
2023-11-13,S004,P0079,Furniture,West,103,145.17,91.28
2023-11-14,S004,P0079,Furniture,North,150,138.97,91.32
2023-11-15,S004,P0079,Furniture,North,98,124.34,91.64
2023-11-16,S004,P0079,Furniture,West,132,166.55,88.11
2023-11-17,S004,P0079,Furniture,West,111,121.24,86.67
2023-11-18,S004,P0079,Furniture,West,127,128.66,88.32
2023-11-19,S004,P0079,Furniture,South,58,73.32,91.45
2023-11-20,S004,P0079,Furniture,North,107,110.35,79.75
2023-11-21,S004,P0079,Furniture,South,127,137.1,91.71
2023-11-22,S004,P0079,Furniture,East,140,131.5,89.69
2023-11-23,S004,P0079,Furniture,West,92,112.03,89.53
2023-11-24,S004,P0079,Furniture,West,80,87.23,90.31
2023-11-25,S004,P0079,Furniture,West,68,73.97,86.16
2023-11-26,S004,P0079,Furniture,South,100,132.91,87.83
2023-11-27,S004,P0079,Furniture,East,83,109.76,88.21
2023-11-28,S004,P0079,Furniture,North,106,117.45,87.9
2023-11-29,S004,P0079,Furniture,North,46,44.81,88.71
2023-11-30,S004,P0079,Furniture,South,80,98.44,90.77
2023-12-01,S004,P0079,Furniture,North,101,108.76,87.85
2023-12-02,S004,P0079,Furniture,East,112,154.0,109.38
2023-12-03,S004,P0079,Furniture,West,61,57.04,89.31
2023-12-04,S004,P0079,Furniture,North,110,100.94,90.3
2023-12-05,S004,P0079,Furniture,South,170,186.97,88.68
2023-12-06,S004,P0079,Furniture,North,60,68.73,90.56
2023-12-07,S004,P0079,Furniture,West,80,85.46,89.97
2023-12-08,S004,P0079,Furniture,West,66,79.35,87.11
2023-12-09,S004,P0079,Furniture,North,143,204.02,110.65
2023-12-10,S004,P0079,Furniture,North,117,120.48,88.31
2023-12-11,S004,P0079,Furniture,South,37,52.58,108.36
2023-12-12,S004,P0079,Furniture,North,86,120.69,88.4
2023-12-13,S004,P0079,Furniture,West,66,92.77,90.4
2023-12-14,S004,P0079,Furniture,East,122,135.94,89.44
2023-12-15,S004,P0079,Furniture,North,104,145.28,87.59
2023-12-16,S004,P0079,Furniture,East,156,154.21,109.3
2023-12-17,S004,P0079,Furniture,West,34,45.66,88.45
2023-12-18,S004,P0079,Furniture,South,86,86.8,89.14
2023-12-19,S004,P0079,Furniture,West,123,124.32,89.13
2023-12-20,S004,P0079,Furniture,South,86,108.91,89.37
2023-12-21,S004,P0079,Furniture,East,99,106.43,88.45
2023-12-22,S004,P0079,Furniture,West,90,122.08,86.52
2023-12-23,S004,P0079,Furniture,West,110,122.23,87.02
2023-12-24,S004,P0079,Furniture,North,110,112.05,109.82
2023-12-25,S004,P0079,Furniture,East,101,140.87,112.75
2023-12-26,S004,P0079,Furniture,East,90,90.44,91.67
2023-12-27,S004,P0079,Furniture,East,87,100.71,90.86
2023-12-28,S004,P0079,Furniture,West,78,73.53,89.42
2023-12-29,S004,P0079,Furniture,South,97,91.8,88.52
2023-12-30,S004,P0079,Furniture,West,115,132.63,88.11
2023-12-31,S004,P0079,Furniture,East,73,81.47,90.73
2023-10-01,S004,P0083,Toys,West,57,53.08,89.79
2023-10-02,S004,P0083,Toys,East,158,156.55,90.53
2023-10-03,S004,P0083,Toys,North,93,88.07,89.56
2023-10-04,S004,P0083,Toys,North,129,159.06,109.8
2023-10-05,S004,P0083,Toys,North,75,70.44,90.01
2023-10-06,S004,P0083,Toys,South,100,134.36,89.23
2023-10-07,S004,P0083,Toys,West,90,86.75,89.69
2023-10-08,S004,P0083,Toys,South,154,162.27,105.09
2023-10-09,S004,P0083,Toys,East,70,64.65,89.36
2023-10-10,S004,P0083,Toys,East,95,107.36,89.6
2023-10-11,S004,P0083,Toys,East,110,111.55,90.16
2023-10-12,S004,P0083,Toys,East,68,91.86,90.07
2023-10-13,S004,P0083,Toys,South,106,103.61,107.11
2023-10-14,S004,P0083,Toys,East,104,100.66,88.79
2023-10-15,S004,P0083,Toys,West,75,85.97,89.36
2023-10-16,S004,P0083,Toys,East,201,191.4,108.08
2023-10-17,S004,P0083,Toys,South,89,107.94,108.53
2023-10-18,S004,P0083,Toys,East,133,190.76,91.39
2023-10-19,S004,P0083,Toys,North,60,83.74,88.72
2023-10-20,S004,P0083,Toys,South,105,129.13,98.28
2023-10-21,S004,P0083,Toys,West,79,104.63,96.95
2023-10-22,S004,P0083,Toys,South,114,138.83,91.42
2023-10-23,S004,P0083,Toys,South,66,78.41,85.34
2023-10-24,S004,P0083,Toys,South,64,77.82,89.94
2023-10-25,S004,P0083,Toys,North,131,125.93,90.23
2023-10-26,S004,P0083,Toys,West,144,143.76,90.36
2023-10-27,S004,P0083,Toys,East,74,76.99,89.3
2023-10-28,S004,P0083,Toys,South,105,128.33,89.4
2023-10-29,S004,P0083,Toys,South,108,99.77,89.39
2023-10-30,S004,P0083,Toys,West,88,116.8,87.93
2023-10-31,S004,P0083,Toys,West,97,110.8,104.58
2023-11-01,S004,P0083,Toys,West,69,92.49,100.47
2023-11-02,S004,P0083,Toys,South,195,188.6,92.6
2023-11-03,S004,P0083,Toys,North,99,112.86,87.8
2023-11-04,S004,P0083,Toys,East,98,92.61,115.99
2023-11-05,S004,P0083,Toys,West,114,116.69,92.92
2023-11-06,S004,P0083,Toys,West,158,154.57,85.6
2023-11-07,S004,P0083,Toys,South,58,67.37,112.61
2023-11-08,S004,P0083,Toys,West,65,73.36,92.06
2023-11-09,S004,P0083,Toys,West,75,87.41,91.83
2023-11-10,S004,P0083,Toys,East,85,108.9,87.01
2023-11-11,S004,P0083,Toys,North,23,31.83,88.0
2023-11-12,S004,P0083,Toys,East,66,86.25,89.17
2023-11-13,S004,P0083,Toys,East,96,112.15,87.17
2023-11-14,S004,P0083,Toys,North,163,159.13,104.03
2023-11-15,S004,P0083,Toys,East,83,89.68,92.9
2023-11-16,S004,P0083,Toys,West,102,98.27,93.46
2023-11-17,S004,P0083,Toys,East,111,129.89,87.81
2023-11-18,S004,P0083,Toys,West,80,99.31,87.35
2023-11-19,S004,P0083,Toys,East,126,126.75,88.12
2023-11-20,S004,P0083,Toys,North,52,57.08,90.17
2023-11-21,S004,P0083,Toys,South,113,107.83,89.72
2023-11-22,S004,P0083,Toys,North,68,72.28,86.79
2023-11-23,S004,P0083,Toys,West,76,72.84,88.7
2023-11-24,S004,P0083,Toys,West,77,109.86,105.57
2023-11-25,S004,P0083,Toys,South,111,138.24,109.44
2023-11-26,S004,P0083,Toys,North,37,53.9,88.78
2023-11-27,S004,P0083,Toys,East,69,82.62,88.93
2023-11-28,S004,P0083,Toys,South,65,72.74,87.16
2023-11-29,S004,P0083,Toys,North,95,113.3,90.53
2023-11-30,S004,P0083,Toys,North,81,113.16,87.68
2023-12-01,S004,P0083,Toys,South,72,98.62,86.48
2023-12-02,S004,P0083,Toys,East,143,149.72,89.19
2023-12-03,S004,P0083,Toys,South,78,90.84,88.62
2023-12-04,S004,P0083,Toys,West,84,77.34,91.66
2023-12-05,S004,P0083,Toys,South,111,102.23,90.23
2023-12-06,S004,P0083,Toys,North,99,121.84,91.88
2023-12-07,S004,P0083,Toys,South,108,120.16,86.55
2023-12-08,S004,P0083,Toys,West,63,78.78,109.28
2023-12-09,S004,P0083,Toys,West,114,112.32,109.8
2023-12-10,S004,P0083,Toys,West,113,105.58,90.89
2023-12-11,S004,P0083,Toys,South,76,91.84,87.48
2023-12-12,S004,P0083,Toys,East,127,171.59,86.79
2023-12-13,S004,P0083,Toys,North,124,140.1,86.7
2023-12-14,S004,P0083,Toys,East,137,142.51,89.47
2023-12-15,S004,P0083,Toys,West,136,154.71,96.51
2023-12-16,S004,P0083,Toys,West,45,42.21,100.12
2023-12-17,S004,P0083,Toys,North,65,74.0,84.69
2023-12-18,S004,P0083,Toys,South,103,141.3,88.7
2023-12-19,S004,P0083,Toys,East,81,81.49,91.08
2023-12-20,S004,P0083,Toys,East,141,136.74,88.99
2023-12-21,S004,P0083,Toys,South,74,71.44,90.61
2023-12-22,S004,P0083,Toys,North,62,77.15,86.97
2023-12-23,S004,P0083,Toys,North,49,55.89,86.98
2023-12-24,S004,P0083,Toys,East,144,136.57,88.29
2023-12-25,S004,P0083,Toys,South,50,53.1,91.42
2023-12-26,S004,P0083,Toys,North,72,101.83,89.46
2023-12-27,S004,P0083,Toys,South,88,110.37,91.61
2023-12-28,S004,P0083,Toys,West,59,58.07,89.71
2023-12-29,S004,P0083,Toys,West,132,129.5,87.89
2023-12-30,S004,P0083,Toys,West,92,116.63,88.73
2023-12-31,S004,P0083,Toys,North,95,91.47,112.5
2023-10-01,S004,P0085,Electronics,North,136,126.99,89.46
2023-10-02,S004,P0085,Electronics,South,38,41.26,92.32
2023-10-03,S004,P0085,Electronics,North,98,130.54,89.62
2023-10-04,S004,P0085,Electronics,East,159,159.42,89.97
2023-10-05,S004,P0085,Electronics,West,59,59.49,85.95
2023-10-06,S004,P0085,Electronics,South,68,65.19,91.08
2023-10-07,S004,P0085,Electronics,West,98,104.15,91.33
2023-10-08,S004,P0085,Electronics,South,116,120.73,91.54
2023-10-09,S004,P0085,Electronics,South,120,130.01,106.73
2023-10-10,S004,P0085,Electronics,South,121,111.89,90.76
2023-10-11,S004,P0085,Electronics,West,52,60.29,66.61
2023-10-12,S004,P0085,Electronics,North,111,113.44,89.77
2023-10-13,S004,P0085,Electronics,North,39,56.48,109.44
2023-10-14,S004,P0085,Electronics,East,105,136.93,90.49
2023-10-15,S004,P0085,Electronics,South,161,179.53,107.82
2023-10-16,S004,P0085,Electronics,West,74,98.51,73.39
2023-10-17,S004,P0085,Electronics,West,90,128.61,89.71
2023-10-18,S004,P0085,Electronics,West,45,52.55,72.78
2023-10-19,S004,P0085,Electronics,East,102,106.3,89.95
2023-10-20,S004,P0085,Electronics,East,121,129.33,90.63
2023-10-21,S004,P0085,Electronics,South,120,116.06,90.31
2023-10-22,S004,P0085,Electronics,West,165,200.63,110.94
2023-10-23,S004,P0085,Electronics,East,118,108.22,91.14
2023-10-24,S004,P0085,Electronics,North,108,112.64,91.18
2023-10-25,S004,P0085,Electronics,North,90,102.2,90.03
2023-10-26,S004,P0085,Electronics,North,25,28.53,88.65
2023-10-27,S004,P0085,Electronics,South,45,47.55,91.28
2023-10-28,S004,P0085,Electronics,East,89,96.81,90.29
2023-10-29,S004,P0085,Electronics,East,143,135.99,90.35
2023-10-30,S004,P0085,Electronics,North,83,95.14,90.34
2023-10-31,S004,P0085,Electronics,South,66,70.71,73.84
2023-11-01,S004,P0085,Electronics,East,121,127.74,89.22
2023-11-02,S004,P0085,Electronics,South,65,78.38,89.35
2023-11-03,S004,P0085,Electronics,East,102,100.55,71.63
2023-11-04,S004,P0085,Electronics,South,106,106.53,69.17
2023-11-05,S004,P0085,Electronics,East,125,161.5,89.87
2023-11-06,S004,P0085,Electronics,South,97,107.57,73.6
2023-11-07,S004,P0085,Electronics,East,69,66.53,72.36
2023-11-08,S004,P0085,Electronics,East,95,117.97,90.68
2023-11-09,S004,P0085,Electronics,South,93,97.09,90.1
2023-11-10,S004,P0085,Electronics,North,90,86.74,72.0
2023-11-11,S004,P0085,Electronics,North,100,121.4,110.17
2023-11-12,S004,P0085,Electronics,North,138,172.25,111.12
2023-11-13,S004,P0085,Electronics,North,53,67.93,70.82
2023-11-14,S004,P0085,Electronics,West,91,111.47,89.77
2023-11-15,S004,P0085,Electronics,North,81,74.9,72.95
2023-11-16,S004,P0085,Electronics,West,56,76.77,71.72
2023-11-17,S004,P0085,Electronics,South,93,109.48,71.78
2023-11-18,S004,P0085,Electronics,West,51,62.86,90.73
2023-11-19,S004,P0085,Electronics,East,65,68.64,86.88
2023-11-20,S004,P0085,Electronics,East,99,128.02,91.46
2023-11-21,S004,P0085,Electronics,South,87,121.1,89.8
2023-11-22,S004,P0085,Electronics,North,28,27.89,102.16
2023-11-23,S004,P0085,Electronics,South,81,83.0,70.96
2023-11-24,S004,P0085,Electronics,North,132,132.28,95.71
2023-11-25,S004,P0085,Electronics,South,80,84.73,90.21
2023-11-26,S004,P0085,Electronics,North,151,148.06,91.43
2023-11-27,S004,P0085,Electronics,West,81,100.74,75.34
2023-11-28,S004,P0085,Electronics,North,99,139.5,90.61
2023-11-29,S004,P0085,Electronics,North,148,146.73,108.12
2023-11-30,S004,P0085,Electronics,East,107,110.54,89.68
2023-12-01,S004,P0085,Electronics,South,65,81.85,89.71
2023-12-02,S004,P0085,Electronics,East,75,106.87,72.1
2023-12-03,S004,P0085,Electronics,West,102,120.32,90.23
2023-12-04,S004,P0085,Electronics,West,80,99.31,89.64
2023-12-05,S004,P0085,Electronics,East,117,135.71,88.27
2023-12-06,S004,P0085,Electronics,South,99,99.82,88.55
2023-12-07,S004,P0085,Electronics,North,61,56.64,89.09
2023-12-08,S004,P0085,Electronics,East,112,154.85,89.25
2023-12-09,S004,P0085,Electronics,North,63,68.52,89.71
2023-12-10,S004,P0085,Electronics,West,112,140.68,89.33
2023-12-11,S004,P0085,Electronics,South,84,98.1,89.6
2023-12-12,S004,P0085,Electronics,South,53,72.68,71.76
2023-12-13,S004,P0085,Electronics,East,97,92.08,90.41
2023-12-14,S004,P0085,Electronics,East,19,22.89,73.55
2023-12-15,S004,P0085,Electronics,South,130,121.29,70.82
2023-12-16,S004,P0085,Electronics,North,112,135.98,88.84
2023-12-17,S004,P0085,Electronics,West,99,101.2,74.85
2023-12-18,S004,P0085,Electronics,South,59,71.37,89.48
2023-12-19,S004,P0085,Electronics,West,90,101.08,72.94
2023-12-20,S004,P0085,Electronics,North,113,144.46,89.07
2023-12-21,S004,P0085,Electronics,North,41,42.59,89.0
2023-12-22,S004,P0085,Electronics,East,76,102.25,83.21
2023-12-23,S004,P0085,Electronics,West,64,63.45,110.17
2023-12-24,S004,P0085,Electronics,North,65,72.86,71.45
2023-12-25,S004,P0085,Electronics,South,44,46.65,89.22
2023-12-26,S004,P0085,Electronics,South,115,153.23,88.45
2023-12-27,S004,P0085,Electronics,South,114,106.59,89.07
2023-12-28,S004,P0085,Electronics,East,35,49.7,70.9
2023-12-29,S004,P0085,Electronics,South,68,84.66,94.35
2023-12-30,S004,P0085,Electronics,East,110,113.02,88.9
2023-12-31,S004,P0085,Electronics,West,87,95.83,111.07
2023-10-01,S004,P0094,Groceries,South,113,108.42,89.8
2023-10-02,S004,P0094,Groceries,East,92,84.6,108.84
2023-10-03,S004,P0094,Groceries,East,100,107.39,90.13
2023-10-04,S004,P0094,Groceries,North,105,110.4,88.72
2023-10-05,S004,P0094,Groceries,South,53,60.6,91.1
2023-10-06,S004,P0094,Groceries,South,61,67.37,88.39
2023-10-07,S004,P0094,Groceries,West,109,122.77,89.22
2023-10-08,S004,P0094,Groceries,North,101,137.26,109.31
2023-10-09,S004,P0094,Groceries,South,72,71.78,91.07
2023-10-10,S004,P0094,Groceries,West,31,30.11,87.56
2023-10-11,S004,P0094,Groceries,South,85,88.43,87.74
2023-10-12,S004,P0094,Groceries,West,85,108.11,111.03
2023-10-13,S004,P0094,Groceries,South,85,103.17,87.94
2023-10-14,S004,P0094,Groceries,West,145,172.32,110.6
2023-10-15,S004,P0094,Groceries,East,122,171.31,91.28
2023-10-16,S004,P0094,Groceries,West,73,83.72,88.94
2023-10-17,S004,P0094,Groceries,East,81,91.84,91.26
2023-10-18,S004,P0094,Groceries,East,33,41.44,90.7
2023-10-19,S004,P0094,Groceries,West,156,164.26,87.15
2023-10-20,S004,P0094,Groceries,West,129,145.76,108.57
2023-10-21,S004,P0094,Groceries,East,113,118.01,109.27
2023-10-22,S004,P0094,Groceries,East,116,124.65,95.97
2023-10-23,S004,P0094,Groceries,North,57,55.96,92.03
2023-10-24,S004,P0094,Groceries,West,42,45.59,87.82
2023-10-25,S004,P0094,Groceries,West,30,34.28,86.93
2023-10-26,S004,P0094,Groceries,South,91,106.42,107.94
2023-10-27,S004,P0094,Groceries,East,65,85.36,86.59
2023-10-28,S004,P0094,Groceries,South,79,92.16,87.4
2023-10-29,S004,P0094,Groceries,North,100,104.33,93.53
2023-10-30,S004,P0094,Groceries,East,42,59.36,88.46
2023-10-31,S004,P0094,Groceries,East,91,116.27,95.16
2023-11-01,S004,P0094,Groceries,North,43,46.49,89.8
2023-11-02,S004,P0094,Groceries,North,76,92.12,89.06
2023-11-03,S004,P0094,Groceries,South,117,109.67,89.11
2023-11-04,S004,P0094,Groceries,North,76,100.4,104.25
2023-11-05,S004,P0094,Groceries,West,93,92.86,89.48
2023-11-06,S004,P0094,Groceries,North,78,85.63,91.59
2023-11-07,S004,P0094,Groceries,West,106,134.33,90.79
2023-11-08,S004,P0094,Groceries,South,19,24.59,91.59
2023-11-09,S004,P0094,Groceries,East,68,69.63,90.68
2023-11-10,S004,P0094,Groceries,West,74,102.15,88.51
2023-11-11,S004,P0094,Groceries,South,87,80.79,87.26
2023-11-12,S004,P0094,Groceries,East,52,54.4,89.65
2023-11-13,S004,P0094,Groceries,East,71,83.06,89.48
2023-11-14,S004,P0094,Groceries,East,130,122.99,90.83
2023-11-15,S004,P0094,Groceries,North,115,147.94,89.09
2023-11-16,S004,P0094,Groceries,East,66,79.27,88.76
2023-11-17,S004,P0094,Groceries,North,79,110.38,89.53
2023-11-18,S004,P0094,Groceries,North,90,98.1,106.86
2023-11-19,S004,P0094,Groceries,East,42,46.34,90.8
2023-11-20,S004,P0094,Groceries,North,83,81.63,109.63
2023-11-21,S004,P0094,Groceries,North,48,45.11,107.07
2023-11-22,S004,P0094,Groceries,East,107,130.6,107.04
2023-11-23,S004,P0094,Groceries,West,61,73.25,90.78
2023-11-24,S004,P0094,Groceries,East,127,121.7,107.89
2023-11-25,S004,P0094,Groceries,North,79,96.9,88.27
2023-11-26,S004,P0094,Groceries,North,100,119.24,88.86
2023-11-27,S004,P0094,Groceries,South,69,95.45,90.14
2023-11-28,S004,P0094,Groceries,South,30,42.45,88.87
2023-11-29,S004,P0094,Groceries,East,50,63.56,91.2
2023-11-30,S004,P0094,Groceries,North,31,37.15,113.41
2023-12-01,S004,P0094,Groceries,West,83,106.46,91.35
2023-12-02,S004,P0094,Groceries,East,100,98.02,90.17
2023-12-03,S004,P0094,Groceries,North,30,29.54,88.73
2023-12-04,S004,P0094,Groceries,North,102,123.61,83.63
2023-12-05,S004,P0094,Groceries,South,59,71.49,97.8
2023-12-06,S004,P0094,Groceries,North,81,85.38,92.21
2023-12-07,S004,P0094,Groceries,North,82,114.58,92.67
2023-12-08,S004,P0094,Groceries,West,45,53.42,89.06
2023-12-09,S004,P0094,Groceries,North,96,98.33,87.92
2023-12-10,S004,P0094,Groceries,South,50,57.97,89.4
2023-12-11,S004,P0094,Groceries,South,87,114.6,89.78
2023-12-12,S004,P0094,Groceries,North,45,45.14,103.88
2023-12-13,S004,P0094,Groceries,East,118,119.46,89.2
2023-12-14,S004,P0094,Groceries,North,93,89.27,87.75
2023-12-15,S004,P0094,Groceries,West,87,118.14,88.81
2023-12-16,S004,P0094,Groceries,West,47,64.85,89.41
2023-12-17,S004,P0094,Groceries,West,83,111.85,88.47
2023-12-18,S004,P0094,Groceries,North,138,139.23,91.27
2023-12-19,S004,P0094,Groceries,East,75,84.47,91.01
2023-12-20,S004,P0094,Groceries,West,78,75.56,91.07
2023-12-21,S004,P0094,Groceries,West,94,113.76,106.97
2023-12-22,S004,P0094,Groceries,North,103,97.72,87.5
2023-12-23,S004,P0094,Groceries,East,101,126.54,88.09
2023-12-24,S004,P0094,Groceries,West,178,188.24,110.28
2023-12-25,S004,P0094,Groceries,North,142,133.02,91.08
2023-12-26,S004,P0094,Groceries,North,81,75.37,92.47
2023-12-27,S004,P0094,Groceries,South,103,100.81,88.79
2023-12-28,S004,P0094,Groceries,West,108,111.97,102.67
2023-12-29,S004,P0094,Groceries,South,117,136.2,112.74
2023-12-30,S004,P0094,Groceries,North,95,92.22,116.84
2023-12-31,S004,P0094,Groceries,East,96,136.67,86.38
2023-10-01,S004,P0096,Toys,East,53,57.05,90.38
2023-10-02,S004,P0096,Toys,East,85,92.86,90.89
2023-10-03,S004,P0096,Toys,West,134,141.8,90.08
2023-10-04,S004,P0096,Toys,South,93,111.19,90.16
2023-10-05,S004,P0096,Toys,South,23,29.92,90.34
2023-10-06,S004,P0096,Toys,East,74,88.7,90.36
2023-10-07,S004,P0096,Toys,East,29,39.78,89.57
2023-10-08,S004,P0096,Toys,East,178,171.92,89.08
2023-10-09,S004,P0096,Toys,East,35,43.49,89.94
2023-10-10,S004,P0096,Toys,East,121,113.45,90.47
2023-10-11,S004,P0096,Toys,South,108,126.68,90.43
2023-10-12,S004,P0096,Toys,East,56,69.4,91.6
2023-10-13,S004,P0096,Toys,West,56,55.92,90.04
2023-10-14,S004,P0096,Toys,South,86,117.11,90.81
2023-10-15,S004,P0096,Toys,North,71,83.61,89.68
2023-10-16,S004,P0096,Toys,South,86,91.42,90.26
2023-10-17,S004,P0096,Toys,East,85,100.44,109.45
2023-10-18,S004,P0096,Toys,East,80,102.16,90.49
2023-10-19,S004,P0096,Toys,West,135,155.72,89.45
2023-10-20,S004,P0096,Toys,East,48,57.43,90.03
2023-10-21,S004,P0096,Toys,North,61,68.05,90.62
2023-10-22,S004,P0096,Toys,North,105,146.14,109.89
2023-10-23,S004,P0096,Toys,North,96,127.6,109.43
2023-10-24,S004,P0096,Toys,West,82,113.13,89.51
2023-10-25,S004,P0096,Toys,North,70,87.74,90.42
2023-10-26,S004,P0096,Toys,South,89,110.52,89.89
2023-10-27,S004,P0096,Toys,West,106,106.84,90.67
2023-10-28,S004,P0096,Toys,East,87,82.4,89.75
2023-10-29,S004,P0096,Toys,West,119,117.73,89.94
2023-10-30,S004,P0096,Toys,East,105,109.13,89.7
2023-10-31,S004,P0096,Toys,North,47,58.28,90.65
2023-11-01,S004,P0096,Toys,North,107,127.32,90.88
2023-11-02,S004,P0096,Toys,South,85,108.92,90.2
2023-11-03,S004,P0096,Toys,West,81,74.52,87.79
2023-11-04,S004,P0096,Toys,East,70,80.01,85.8
2023-11-05,S004,P0096,Toys,North,65,81.46,109.06
2023-11-06,S004,P0096,Toys,West,68,77.7,106.91
2023-11-07,S004,P0096,Toys,East,107,135.88,89.5
2023-11-08,S004,P0096,Toys,South,57,62.44,90.95
2023-11-09,S004,P0096,Toys,South,113,117.25,91.16
2023-11-10,S004,P0096,Toys,West,134,124.88,88.11
2023-11-11,S004,P0096,Toys,East,168,179.53,87.08
2023-11-12,S004,P0096,Toys,South,80,99.02,87.51
2023-11-13,S004,P0096,Toys,West,150,171.6,90.44
2023-11-14,S004,P0096,Toys,West,105,122.2,94.85
2023-11-15,S004,P0096,Toys,East,40,47.73,96.25
2023-11-16,S004,P0096,Toys,West,87,94.22,89.58
2023-11-17,S004,P0096,Toys,South,103,129.48,90.14
2023-11-18,S004,P0096,Toys,East,60,82.54,86.5
2023-11-19,S004,P0096,Toys,West,66,78.78,89.82
2023-11-20,S004,P0096,Toys,East,68,85.34,88.98
2023-11-21,S004,P0096,Toys,West,87,90.8,90.14
2023-11-22,S004,P0096,Toys,West,84,109.51,92.07
2023-11-23,S004,P0096,Toys,North,68,96.09,89.92
2023-11-24,S004,P0096,Toys,South,28,35.58,88.43
2023-11-25,S004,P0096,Toys,North,171,178.05,109.21
2023-11-26,S004,P0096,Toys,South,75,99.35,88.34
2023-11-27,S004,P0096,Toys,South,56,70.64,93.08
2023-11-28,S004,P0096,Toys,East,128,126.2,89.74
2023-11-29,S004,P0096,Toys,East,55,66.38,89.55
2023-11-30,S004,P0096,Toys,North,112,105.43,91.19
2023-12-01,S004,P0096,Toys,East,100,94.53,87.95
2023-12-02,S004,P0096,Toys,North,108,145.31,85.98
2023-12-03,S004,P0096,Toys,South,76,71.74,87.85
2023-12-04,S004,P0096,Toys,West,88,113.34,89.79
2023-12-05,S004,P0096,Toys,South,108,104.94,110.78
2023-12-06,S004,P0096,Toys,West,83,96.34,89.39
2023-12-07,S004,P0096,Toys,East,190,183.64,109.3
2023-12-08,S004,P0096,Toys,East,132,155.69,94.25
2023-12-09,S004,P0096,Toys,South,116,134.47,90.11
2023-12-10,S004,P0096,Toys,East,133,121.4,93.49
2023-12-11,S004,P0096,Toys,East,29,29.22,95.09
2023-12-12,S004,P0096,Toys,West,108,107.16,87.72
2023-12-13,S004,P0096,Toys,North,98,133.88,91.23
2023-12-14,S004,P0096,Toys,West,113,121.84,92.99
2023-12-15,S004,P0096,Toys,North,100,111.38,85.46
2023-12-16,S004,P0096,Toys,North,112,118.02,108.91
2023-12-17,S004,P0096,Toys,West,137,132.92,109.69
2023-12-18,S004,P0096,Toys,North,31,43.97,90.26
2023-12-19,S004,P0096,Toys,West,68,72.06,91.22
2023-12-20,S004,P0096,Toys,West,72,75.14,91.4
2023-12-21,S004,P0096,Toys,West,55,72.66,93.17
2023-12-22,S004,P0096,Toys,East,61,79.7,90.88
2023-12-23,S004,P0096,Toys,West,74,92.88,87.16
2023-12-24,S004,P0096,Toys,South,107,108.86,88.56
2023-12-25,S004,P0096,Toys,West,84,96.11,91.42
2023-12-26,S004,P0096,Toys,South,136,138.46,91.26
2023-12-27,S004,P0096,Toys,West,95,115.54,91.17
2023-12-28,S004,P0096,Toys,West,106,133.12,105.7
2023-12-29,S004,P0096,Toys,North,48,57.18,87.06
2023-12-30,S004,P0096,Toys,South,110,117.05,87.88
2023-12-31,S004,P0096,Toys,North,151,155.5,87.72
2023-10-01,S004,P0116,Furniture,East,57,58.83,89.65
2023-10-02,S004,P0116,Furniture,South,136,136.44,89.79
2023-10-03,S004,P0116,Furniture,East,68,81.07,89.47
2023-10-04,S004,P0116,Furniture,East,168,167.8,108.96
2023-10-05,S004,P0116,Furniture,East,182,204.88,104.77
2023-10-06,S004,P0116,Furniture,East,87,87.34,92.68
2023-10-07,S004,P0116,Furniture,East,92,108.13,95.42
2023-10-08,S004,P0116,Furniture,West,87,115.24,89.21
2023-10-09,S004,P0116,Furniture,North,114,155.22,113.57
2023-10-10,S004,P0116,Furniture,South,73,90.81,110.37
2023-10-11,S004,P0116,Furniture,East,152,142.29,91.25
2023-10-12,S004,P0116,Furniture,North,85,102.86,88.34
2023-10-13,S004,P0116,Furniture,South,120,134.07,89.68
2023-10-14,S004,P0116,Furniture,East,91,117.66,90.14
2023-10-15,S004,P0116,Furniture,East,99,116.99,106.4
2023-10-16,S004,P0116,Furniture,East,187,197.73,110.38
2023-10-17,S004,P0116,Furniture,South,56,80.71,90.44
2023-10-18,S004,P0116,Furniture,East,103,116.01,88.0
2023-10-19,S004,P0116,Furniture,South,90,102.29,90.18
2023-10-20,S004,P0116,Furniture,North,110,153.28,89.86
2023-10-21,S004,P0116,Furniture,East,62,68.28,89.82
2023-10-22,S004,P0116,Furniture,North,150,162.34,90.42
2023-10-23,S004,P0116,Furniture,South,64,60.91,90.47
2023-10-24,S004,P0116,Furniture,East,92,102.64,90.29
2023-10-25,S004,P0116,Furniture,East,121,165.11,90.55
2023-10-26,S004,P0116,Furniture,South,23,28.2,89.9
2023-10-27,S004,P0116,Furniture,East,87,85.8,90.2
2023-10-28,S004,P0116,Furniture,East,129,123.34,90.16
2023-10-29,S004,P0116,Furniture,West,85,105.09,89.38
2023-10-30,S004,P0116,Furniture,North,47,46.8,91.53
2023-10-31,S004,P0116,Furniture,South,95,115.63,89.85
2023-11-01,S004,P0116,Furniture,West,93,120.78,91.84
2023-11-02,S004,P0116,Furniture,West,82,93.25,108.46
2023-11-03,S004,P0116,Furniture,West,57,70.61,87.78
2023-11-04,S004,P0116,Furniture,East,64,70.38,87.41
2023-11-05,S004,P0116,Furniture,West,62,79.91,89.85
2023-11-06,S004,P0116,Furniture,East,73,72.79,89.01
2023-11-07,S004,P0116,Furniture,North,100,96.39,88.99
2023-11-08,S004,P0116,Furniture,East,81,99.81,89.21
2023-11-09,S004,P0116,Furniture,North,62,62.94,89.84
2023-11-10,S004,P0116,Furniture,East,84,86.08,87.84
2023-11-11,S004,P0116,Furniture,West,90,84.86,88.37
2023-11-12,S004,P0116,Furniture,North,39,54.24,109.39
2023-11-13,S004,P0116,Furniture,East,65,92.27,105.19
2023-11-14,S004,P0116,Furniture,East,49,45.19,86.86
2023-11-15,S004,P0116,Furniture,East,51,58.66,88.59
2023-11-16,S004,P0116,Furniture,West,77,75.66,92.93
2023-11-17,S004,P0116,Furniture,West,130,133.09,89.18
2023-11-18,S004,P0116,Furniture,South,194,195.24,87.75
2023-11-19,S004,P0116,Furniture,East,27,38.64,92.87
2023-11-20,S004,P0116,Furniture,East,76,88.74,88.62
2023-11-21,S004,P0116,Furniture,South,63,77.73,89.2
2023-11-22,S004,P0116,Furniture,East,115,118.3,87.97
2023-11-23,S004,P0116,Furniture,South,69,73.71,108.75
2023-11-24,S004,P0116,Furniture,North,106,103.68,88.44
2023-11-25,S004,P0116,Furniture,East,87,120.35,87.18
2023-11-26,S004,P0116,Furniture,East,45,59.45,110.13
2023-11-27,S004,P0116,Furniture,East,58,73.25,88.79
2023-11-28,S004,P0116,Furniture,West,81,101.68,88.98
2023-11-29,S004,P0116,Furniture,South,90,113.8,89.16
2023-11-30,S004,P0116,Furniture,East,75,99.56,88.45
2023-12-01,S004,P0116,Furniture,South,153,139.89,88.63
2023-12-02,S004,P0116,Furniture,North,147,175.1,87.96
2023-12-03,S004,P0116,Furniture,North,170,228.51,107.46
2023-12-04,S004,P0116,Furniture,North,24,32.28,86.2
2023-12-05,S004,P0116,Furniture,East,105,121.47,93.54
2023-12-06,S004,P0116,Furniture,South,150,139.88,90.02
2023-12-07,S004,P0116,Furniture,East,100,95.67,81.68
2023-12-08,S004,P0116,Furniture,South,93,93.62,85.35
2023-12-09,S004,P0116,Furniture,East,129,130.89,90.49
2023-12-10,S004,P0116,Furniture,South,62,74.1,88.84
2023-12-11,S004,P0116,Furniture,South,70,74.31,91.54
2023-12-12,S004,P0116,Furniture,North,70,77.52,91.06
2023-12-13,S004,P0116,Furniture,East,100,108.15,92.13
2023-12-14,S004,P0116,Furniture,South,54,67.56,88.52
2023-12-15,S004,P0116,Furniture,West,158,162.45,88.36
2023-12-16,S004,P0116,Furniture,West,121,119.3,88.82
2023-12-17,S004,P0116,Furniture,West,119,110.36,90.6
2023-12-18,S004,P0116,Furniture,East,133,132.69,87.11
2023-12-19,S004,P0116,Furniture,West,88,80.46,93.65
2023-12-20,S004,P0116,Furniture,South,51,73.22,89.26
2023-12-21,S004,P0116,Furniture,North,111,124.57,88.51
2023-12-22,S004,P0116,Furniture,North,128,149.69,106.86
2023-12-23,S004,P0116,Furniture,North,101,105.89,92.05
2023-12-24,S004,P0116,Furniture,West,117,122.63,107.67
2023-12-25,S004,P0116,Furniture,South,112,115.91,89.95
2023-12-26,S004,P0116,Furniture,South,165,160.16,106.8
2023-12-27,S004,P0116,Furniture,North,69,91.29,86.71
2023-12-28,S004,P0116,Furniture,East,127,130.5,88.51
2023-12-29,S004,P0116,Furniture,East,130,129.28,86.52
2023-12-30,S004,P0116,Furniture,East,91,85.44,79.67
2023-12-31,S004,P0116,Furniture,East,120,157.41,90.77
2023-10-01,S004,P0125,Clothing,West,82,103.72,89.72
2023-10-02,S004,P0125,Clothing,East,55,65.67,90.48
2023-10-03,S004,P0125,Clothing,South,59,71.68,89.99
2023-10-04,S004,P0125,Clothing,West,143,133.04,90.7
2023-10-05,S004,P0125,Clothing,South,91,129.89,89.75
2023-10-06,S004,P0125,Clothing,East,49,57.27,89.63
2023-10-07,S004,P0125,Clothing,South,110,135.43,90.25
2023-10-08,S004,P0125,Clothing,North,42,54.81,90.55
2023-10-09,S004,P0125,Clothing,West,54,69.95,90.71
2023-10-10,S004,P0125,Clothing,West,98,93.71,90.74
2023-10-11,S004,P0125,Clothing,West,74,76.74,90.38
2023-10-12,S004,P0125,Clothing,South,51,47.88,90.47
2023-10-13,S004,P0125,Clothing,South,130,139.12,112.05
2023-10-14,S004,P0125,Clothing,East,158,154.67,91.08
2023-10-15,S004,P0125,Clothing,West,95,118.88,90.26
2023-10-16,S004,P0125,Clothing,West,75,95.52,89.37
2023-10-17,S004,P0125,Clothing,West,136,139.75,89.63
2023-10-18,S004,P0125,Clothing,West,126,118.84,107.88
2023-10-19,S004,P0125,Clothing,North,61,74.85,90.87
2023-10-20,S004,P0125,Clothing,West,104,95.86,90.11
2023-10-21,S004,P0125,Clothing,North,75,74.54,91.54
2023-10-22,S004,P0125,Clothing,South,109,100.49,89.55
2023-10-23,S004,P0125,Clothing,South,104,131.9,89.88
2023-10-24,S004,P0125,Clothing,West,85,101.77,90.34
2023-10-25,S004,P0125,Clothing,East,76,85.03,89.44
2023-10-26,S004,P0125,Clothing,East,118,134.68,90.13
2023-10-27,S004,P0125,Clothing,East,47,58.66,89.57
2023-10-28,S004,P0125,Clothing,East,89,84.64,91.89
2023-10-29,S004,P0125,Clothing,North,156,161.01,108.94
2023-10-30,S004,P0125,Clothing,East,81,78.25,89.91
2023-10-31,S004,P0125,Clothing,North,73,88.39,90.5
2023-11-01,S004,P0125,Clothing,South,148,150.43,122.16
2023-11-02,S004,P0125,Clothing,East,175,166.19,125.69
2023-11-03,S004,P0125,Clothing,North,78,106.09,130.24
2023-11-04,S004,P0125,Clothing,North,108,134.88,145.92
2023-11-05,S004,P0125,Clothing,West,149,186.99,126.72
2023-11-06,S004,P0125,Clothing,West,180,201.26,117.57
2023-11-07,S004,P0125,Clothing,South,138,174.44,167.15
2023-11-08,S004,P0125,Clothing,West,145,185.0,123.39
2023-11-09,S004,P0125,Clothing,East,84,100.5,125.96
2023-11-10,S004,P0125,Clothing,West,133,190.34,123.61
2023-11-11,S004,P0125,Clothing,North,122,123.17,124.44
2023-11-12,S004,P0125,Clothing,East,120,119.38,125.38
2023-11-13,S004,P0125,Clothing,North,157,166.75,125.03
2023-11-14,S004,P0125,Clothing,East,99,130.14,141.87
2023-11-15,S004,P0125,Clothing,West,104,97.03,121.28
2023-11-16,S004,P0125,Clothing,North,120,171.03,124.53
2023-11-17,S004,P0125,Clothing,West,184,200.17,123.58
2023-11-18,S004,P0125,Clothing,North,155,144.45,126.6
2023-11-19,S004,P0125,Clothing,North,105,126.01,126.55
2023-11-20,S004,P0125,Clothing,West,218,213.54,126.69
2023-11-21,S004,P0125,Clothing,East,137,130.85,126.9
2023-11-22,S004,P0125,Clothing,East,49,68.64,122.34
2023-11-23,S004,P0125,Clothing,West,188,186.74,123.25
2023-11-24,S004,P0125,Clothing,North,126,120.55,122.36
2023-11-25,S004,P0125,Clothing,East,151,170.63,124.7
2023-11-26,S004,P0125,Clothing,North,209,196.93,122.46
2023-11-27,S004,P0125,Clothing,North,132,159.08,125.8
2023-11-28,S004,P0125,Clothing,West,128,118.89,122.88
2023-11-29,S004,P0125,Clothing,South,139,159.11,124.03
2023-11-30,S004,P0125,Clothing,South,176,175.68,121.91
2023-12-01,S004,P0125,Clothing,South,155,151.41,125.04
2023-12-02,S004,P0125,Clothing,East,72,86.18,124.83
2023-12-03,S004,P0125,Clothing,South,116,124.16,126.46
2023-12-04,S004,P0125,Clothing,North,155,174.08,123.06
2023-12-05,S004,P0125,Clothing,North,63,88.3,125.56
2023-12-06,S004,P0125,Clothing,East,32,42.51,121.57
2023-12-07,S004,P0125,Clothing,South,135,162.96,140.4
2023-12-08,S004,P0125,Clothing,West,148,149.2,115.62
2023-12-09,S004,P0125,Clothing,West,118,125.3,127.13
2023-12-10,S004,P0125,Clothing,West,146,146.42,132.07
2023-12-11,S004,P0125,Clothing,West,150,154.42,127.09
2023-12-12,S004,P0125,Clothing,North,106,117.42,126.16
2023-12-13,S004,P0125,Clothing,West,145,184.37,124.42
2023-12-14,S004,P0125,Clothing,East,100,142.98,128.0
2023-12-15,S004,P0125,Clothing,West,104,134.02,125.52
2023-12-16,S004,P0125,Clothing,West,114,114.05,121.92
2023-12-17,S004,P0125,Clothing,West,151,168.68,153.8
2023-12-18,S004,P0125,Clothing,East,156,199.75,123.11
2023-12-19,S004,P0125,Clothing,South,95,119.05,125.94
2023-12-20,S004,P0125,Clothing,East,172,172.35,157.79
2023-12-21,S004,P0125,Clothing,South,149,140.09,125.34
2023-12-22,S004,P0125,Clothing,East,174,198.96,128.06
2023-12-23,S004,P0125,Clothing,West,223,243.67,159.29
2023-12-24,S004,P0125,Clothing,North,231,215.46,125.97
2023-12-25,S004,P0125,Clothing,North,167,157.9,121.66
2023-12-26,S004,P0125,Clothing,East,123,159.8,145.89
2023-12-27,S004,P0125,Clothing,West,122,133.31,122.21
2023-12-28,S004,P0125,Clothing,South,88,114.28,129.97
2023-12-29,S004,P0125,Clothing,South,161,163.32,127.37
2023-12-30,S004,P0125,Clothing,West,111,158.18,123.89
2023-12-31,S004,P0125,Clothing,South,140,188.29,151.59
2023-10-01,S004,P0126,Clothing,West,57,58.93,89.16
2023-10-02,S004,P0126,Clothing,North,124,128.69,107.83
2023-10-03,S004,P0126,Clothing,South,70,100.62,90.11
2023-10-04,S004,P0126,Clothing,West,30,36.09,90.59
2023-10-05,S004,P0126,Clothing,North,127,135.76,89.92
2023-10-06,S004,P0126,Clothing,South,77,100.18,90.03
2023-10-07,S004,P0126,Clothing,North,94,98.23,89.55
2023-10-08,S004,P0126,Clothing,South,71,69.09,110.21
2023-10-09,S004,P0126,Clothing,South,55,62.22,89.31
2023-10-10,S004,P0126,Clothing,West,68,86.65,90.47
2023-10-11,S004,P0126,Clothing,East,41,43.18,90.59
2023-10-12,S004,P0126,Clothing,East,146,189.57,109.61
2023-10-13,S004,P0126,Clothing,East,87,95.23,90.31
2023-10-14,S004,P0126,Clothing,South,101,94.42,89.72
2023-10-15,S004,P0126,Clothing,East,85,99.36,93.62
2023-10-16,S004,P0126,Clothing,East,93,113.63,89.29
2023-10-17,S004,P0126,Clothing,East,62,75.63,110.19
2023-10-18,S004,P0126,Clothing,West,35,50.02,90.08
2023-10-19,S004,P0126,Clothing,South,59,54.51,90.06
2023-10-20,S004,P0126,Clothing,North,94,107.16,90.73
2023-10-21,S004,P0126,Clothing,South,92,106.9,106.54
2023-10-22,S004,P0126,Clothing,West,88,86.31,90.68
2023-10-23,S004,P0126,Clothing,East,96,93.16,90.56
2023-10-24,S004,P0126,Clothing,East,99,95.96,90.21
2023-10-25,S004,P0126,Clothing,West,109,111.0,92.91
2023-10-26,S004,P0126,Clothing,East,94,131.73,92.01
2023-10-27,S004,P0126,Clothing,South,77,88.13,91.14
2023-10-28,S004,P0126,Clothing,West,110,147.56,89.95
2023-10-29,S004,P0126,Clothing,South,82,78.62,89.82
2023-10-30,S004,P0126,Clothing,North,78,104.31,90.62
2023-10-31,S004,P0126,Clothing,West,68,93.38,90.47
2023-11-01,S004,P0126,Clothing,East,156,142.71,113.29
2023-11-02,S004,P0126,Clothing,East,117,125.21,132.42
2023-11-03,S004,P0126,Clothing,South,87,104.22,125.52
2023-11-04,S004,P0126,Clothing,East,116,141.89,121.25
2023-11-05,S004,P0126,Clothing,West,183,222.42,142.97
2023-11-06,S004,P0126,Clothing,North,89,95.79,127.59
2023-11-07,S004,P0126,Clothing,East,118,117.45,125.96
2023-11-08,S004,P0126,Clothing,West,170,196.47,117.77
2023-11-09,S004,P0126,Clothing,East,170,156.89,121.94
2023-11-10,S004,P0126,Clothing,South,222,221.5,121.78
2023-11-11,S004,P0126,Clothing,West,137,195.13,120.77
2023-11-12,S004,P0126,Clothing,North,122,146.78,123.27
2023-11-13,S004,P0126,Clothing,South,13,16.81,126.28
2023-11-14,S004,P0126,Clothing,West,102,111.32,122.67
2023-11-15,S004,P0126,Clothing,South,132,157.74,122.56
2023-11-16,S004,P0126,Clothing,South,108,149.38,128.03
2023-11-17,S004,P0126,Clothing,East,59,77.4,123.0
2023-11-18,S004,P0126,Clothing,South,156,195.84,109.85
2023-11-19,S004,P0126,Clothing,North,38,37.13,123.65
2023-11-20,S004,P0126,Clothing,West,119,126.53,125.41
2023-11-21,S004,P0126,Clothing,West,142,141.07,113.25
2023-11-22,S004,P0126,Clothing,South,90,120.44,124.01
2023-11-23,S004,P0126,Clothing,East,119,112.21,120.82
2023-11-24,S004,P0126,Clothing,North,129,156.55,121.84
2023-11-25,S004,P0126,Clothing,West,191,255.14,147.87
2023-11-26,S004,P0126,Clothing,West,114,154.8,132.82
2023-11-27,S004,P0126,Clothing,West,134,127.35,118.32
2023-11-28,S004,P0126,Clothing,North,137,171.01,124.28
2023-11-29,S004,P0126,Clothing,East,123,147.22,124.39
2023-11-30,S004,P0126,Clothing,South,128,129.1,123.62
2023-12-01,S004,P0126,Clothing,East,183,170.25,123.42
2023-12-02,S004,P0126,Clothing,North,141,183.01,121.89
2023-12-03,S004,P0126,Clothing,South,118,109.73,122.41
2023-12-04,S004,P0126,Clothing,North,100,99.94,122.97
2023-12-05,S004,P0126,Clothing,North,233,267.74,124.86
2023-12-06,S004,P0126,Clothing,West,129,133.76,156.23
2023-12-07,S004,P0126,Clothing,South,173,170.7,122.94
2023-12-08,S004,P0126,Clothing,West,172,172.22,120.69
2023-12-09,S004,P0126,Clothing,South,141,172.63,122.6
2023-12-10,S004,P0126,Clothing,West,107,106.7,126.79
2023-12-11,S004,P0126,Clothing,East,134,173.27,120.25
2023-12-12,S004,P0126,Clothing,North,114,114.44,126.2
2023-12-13,S004,P0126,Clothing,North,138,157.54,123.83
2023-12-14,S004,P0126,Clothing,South,80,96.96,121.77
2023-12-15,S004,P0126,Clothing,West,108,134.81,125.02
2023-12-16,S004,P0126,Clothing,East,87,116.14,128.63
2023-12-17,S004,P0126,Clothing,North,180,164.98,128.61
2023-12-18,S004,P0126,Clothing,West,93,91.61,119.61
2023-12-19,S004,P0126,Clothing,East,98,97.52,126.97
2023-12-20,S004,P0126,Clothing,South,196,199.31,124.26
2023-12-21,S004,P0126,Clothing,West,107,97.75,124.57
2023-12-22,S004,P0126,Clothing,East,135,154.29,124.04
2023-12-23,S004,P0126,Clothing,South,119,155.26,146.32
2023-12-24,S004,P0126,Clothing,East,128,169.48,159.71
2023-12-25,S004,P0126,Clothing,North,102,115.22,126.47
2023-12-26,S004,P0126,Clothing,South,80,97.42,124.83
2023-12-27,S004,P0126,Clothing,East,188,190.53,121.82
2023-12-28,S004,P0126,Clothing,East,175,180.19,124.22
2023-12-29,S004,P0126,Clothing,West,64,77.65,123.23
2023-12-30,S004,P0126,Clothing,South,133,190.12,125.33
2023-12-31,S004,P0126,Clothing,West,55,72.15,139.94
2023-10-01,S004,P0129,Furniture,North,143,136.46,90.46
2023-10-02,S004,P0129,Furniture,South,81,83.48,91.53
2023-10-03,S004,P0129,Furniture,West,125,116.32,105.92
2023-10-04,S004,P0129,Furniture,South,89,118.43,91.0
2023-10-05,S004,P0129,Furniture,South,69,97.96,95.5
2023-10-06,S004,P0129,Furniture,East,78,86.16,90.0
2023-10-07,S004,P0129,Furniture,South,119,114.44,89.89
2023-10-08,S004,P0129,Furniture,West,113,107.35,90.18
2023-10-09,S004,P0129,Furniture,North,43,53.83,90.46
2023-10-10,S004,P0129,Furniture,South,74,86.01,89.83
2023-10-11,S004,P0129,Furniture,East,74,103.55,106.4
2023-10-12,S004,P0129,Furniture,West,58,76.24,90.67
2023-10-13,S004,P0129,Furniture,West,98,118.48,90.79
2023-10-14,S004,P0129,Furniture,East,131,141.36,90.2
2023-10-15,S004,P0129,Furniture,West,73,85.83,90.63
2023-10-16,S004,P0129,Furniture,North,87,112.61,90.66
2023-10-17,S004,P0129,Furniture,North,118,108.49,89.82
2023-10-18,S004,P0129,Furniture,East,87,85.19,107.84
2023-10-19,S004,P0129,Furniture,North,57,67.89,89.75
2023-10-20,S004,P0129,Furniture,East,72,96.02,92.37
2023-10-21,S004,P0129,Furniture,East,121,123.96,90.35
2023-10-22,S004,P0129,Furniture,North,90,100.97,90.55
2023-10-23,S004,P0129,Furniture,South,87,117.37,92.05
2023-10-24,S004,P0129,Furniture,East,43,41.97,90.02
2023-10-25,S004,P0129,Furniture,East,75,78.94,90.62
2023-10-26,S004,P0129,Furniture,North,83,82.35,90.6
2023-10-27,S004,P0129,Furniture,North,38,39.09,90.36
2023-10-28,S004,P0129,Furniture,South,81,96.76,90.05
2023-10-29,S004,P0129,Furniture,North,50,46.81,105.49
2023-10-30,S004,P0129,Furniture,South,86,96.63,89.91
2023-10-31,S004,P0129,Furniture,West,150,147.48,89.97
2023-11-01,S004,P0129,Furniture,East,117,112.61,89.43
2023-11-02,S004,P0129,Furniture,North,81,80.97,91.17
2023-11-03,S004,P0129,Furniture,West,72,68.6,105.35
2023-11-04,S004,P0129,Furniture,West,139,138.08,86.82
2023-11-05,S004,P0129,Furniture,East,57,58.42,91.61
2023-11-06,S004,P0129,Furniture,North,112,111.03,91.58
2023-11-07,S004,P0129,Furniture,South,110,143.06,90.41
2023-11-08,S004,P0129,Furniture,West,54,51.61,91.45
2023-11-09,S004,P0129,Furniture,North,74,100.28,106.13
2023-11-10,S004,P0129,Furniture,South,95,102.59,87.07
2023-11-11,S004,P0129,Furniture,South,82,110.59,88.32
2023-11-12,S004,P0129,Furniture,South,68,90.41,87.95
2023-11-13,S004,P0129,Furniture,North,83,105.89,88.37
2023-11-14,S004,P0129,Furniture,West,112,102.19,90.46
2023-11-15,S004,P0129,Furniture,North,140,147.9,89.72
2023-11-16,S004,P0129,Furniture,North,41,51.52,88.36
2023-11-17,S004,P0129,Furniture,West,109,100.05,86.63
2023-11-18,S004,P0129,Furniture,West,75,105.89,87.0
2023-11-19,S004,P0129,Furniture,East,109,134.98,88.91
2023-11-20,S004,P0129,Furniture,West,79,78.86,88.78
2023-11-21,S004,P0129,Furniture,South,73,72.58,89.32
2023-11-22,S004,P0129,Furniture,East,75,84.35,89.58
2023-11-23,S004,P0129,Furniture,West,47,52.5,90.91
2023-11-24,S004,P0129,Furniture,West,84,90.0,91.77
2023-11-25,S004,P0129,Furniture,South,10,12.5,88.86
2023-11-26,S004,P0129,Furniture,West,113,109.91,94.84
2023-11-27,S004,P0129,Furniture,East,60,66.22,90.99
2023-11-28,S004,P0129,Furniture,East,80,87.47,88.44
2023-11-29,S004,P0129,Furniture,East,111,121.85,89.28
2023-11-30,S004,P0129,Furniture,West,117,124.24,89.82
2023-12-01,S004,P0129,Furniture,West,68,71.48,88.2
2023-12-02,S004,P0129,Furniture,East,93,85.18,86.66
2023-12-03,S004,P0129,Furniture,West,89,123.59,87.83
2023-12-04,S004,P0129,Furniture,North,102,103.06,92.2
2023-12-05,S004,P0129,Furniture,North,134,122.75,90.84
2023-12-06,S004,P0129,Furniture,North,87,121.45,90.45
2023-12-07,S004,P0129,Furniture,South,39,42.13,90.21
2023-12-08,S004,P0129,Furniture,West,101,100.02,87.61
2023-12-09,S004,P0129,Furniture,East,60,77.3,109.86
2023-12-10,S004,P0129,Furniture,South,170,163.52,89.37
2023-12-11,S004,P0129,Furniture,South,38,52.87,91.0
2023-12-12,S004,P0129,Furniture,North,36,36.52,92.24
2023-12-13,S004,P0129,Furniture,South,141,135.71,89.24
2023-12-14,S004,P0129,Furniture,West,91,104.34,93.32
2023-12-15,S004,P0129,Furniture,North,99,93.12,86.88
2023-12-16,S004,P0129,Furniture,East,110,141.25,86.47
2023-12-17,S004,P0129,Furniture,East,69,91.87,88.6
2023-12-18,S004,P0129,Furniture,West,116,145.27,90.95
2023-12-19,S004,P0129,Furniture,East,50,61.3,91.07
2023-12-20,S004,P0129,Furniture,South,79,72.96,90.74
2023-12-21,S004,P0129,Furniture,North,83,100.1,88.66
2023-12-22,S004,P0129,Furniture,West,77,102.7,87.22
2023-12-23,S004,P0129,Furniture,East,110,110.86,89.18
2023-12-24,S004,P0129,Furniture,East,114,113.63,90.81
2023-12-25,S004,P0129,Furniture,West,52,55.55,92.55
2023-12-26,S004,P0129,Furniture,North,50,69.87,89.7
2023-12-27,S004,P0129,Furniture,South,129,140.43,107.32
2023-12-28,S004,P0129,Furniture,East,76,81.34,107.82
2023-12-29,S004,P0129,Furniture,North,67,85.47,87.8
2023-12-30,S004,P0129,Furniture,East,75,69.26,108.77
2023-12-31,S004,P0129,Furniture,North,129,125.32,109.47
2023-10-01,S004,P0133,Clothing,South,6,9.15,90.07
2023-10-02,S004,P0133,Clothing,West,24,25.21,89.68
2023-10-03,S004,P0133,Clothing,East,120,111.99,90.97
2023-10-04,S004,P0133,Clothing,East,86,120.05,90.03
2023-10-05,S004,P0133,Clothing,West,111,111.57,90.54
2023-10-06,S004,P0133,Clothing,South,127,121.91,90.41
2023-10-07,S004,P0133,Clothing,South,68,85.4,89.95
2023-10-08,S004,P0133,Clothing,South,97,107.86,90.04
2023-10-09,S004,P0133,Clothing,West,74,89.88,90.31
2023-10-10,S004,P0133,Clothing,East,85,106.37,89.94
2023-10-11,S004,P0133,Clothing,South,153,161.43,90.24
2023-10-12,S004,P0133,Clothing,South,109,127.79,89.55
2023-10-13,S004,P0133,Clothing,South,97,94.34,89.7
2023-10-14,S004,P0133,Clothing,North,100,104.83,90.18
2023-10-15,S004,P0133,Clothing,East,94,135.25,89.4
2023-10-16,S004,P0133,Clothing,East,100,94.93,89.36
2023-10-17,S004,P0133,Clothing,West,111,113.34,90.53
2023-10-18,S004,P0133,Clothing,North,127,149.06,92.23
2023-10-19,S004,P0133,Clothing,East,127,129.2,90.66
2023-10-20,S004,P0133,Clothing,West,89,127.1,92.33
2023-10-21,S004,P0133,Clothing,West,104,95.42,89.86
2023-10-22,S004,P0133,Clothing,East,66,85.59,89.1
2023-10-23,S004,P0133,Clothing,West,111,103.0,91.33
2023-10-24,S004,P0133,Clothing,West,73,102.27,89.42
2023-10-25,S004,P0133,Clothing,North,111,118.55,89.79
2023-10-26,S004,P0133,Clothing,South,111,125.1,89.23
2023-10-27,S004,P0133,Clothing,West,102,122.47,89.43
2023-10-28,S004,P0133,Clothing,West,124,132.61,113.01
2023-10-29,S004,P0133,Clothing,West,77,86.09,89.35
2023-10-30,S004,P0133,Clothing,East,76,101.63,89.31
2023-10-31,S004,P0133,Clothing,West,75,84.64,89.27
2023-11-01,S004,P0133,Clothing,South,180,217.01,128.8
2023-11-02,S004,P0133,Clothing,West,124,153.06,131.36
2023-11-03,S004,P0133,Clothing,West,128,139.17,139.11
2023-11-04,S004,P0133,Clothing,East,185,190.09,130.71
2023-11-05,S004,P0133,Clothing,South,121,115.86,126.39
2023-11-06,S004,P0133,Clothing,South,194,186.27,124.98
2023-11-07,S004,P0133,Clothing,West,157,168.66,123.19
2023-11-08,S004,P0133,Clothing,East,111,135.7,126.72
2023-11-09,S004,P0133,Clothing,West,48,64.68,125.87
2023-11-10,S004,P0133,Clothing,South,65,83.62,127.4
2023-11-11,S004,P0133,Clothing,East,82,110.5,127.71
2023-11-12,S004,P0133,Clothing,South,191,182.69,130.12
2023-11-13,S004,P0133,Clothing,South,59,57.31,125.54
2023-11-14,S004,P0133,Clothing,East,130,129.81,122.16
2023-11-15,S004,P0133,Clothing,West,121,139.57,123.37
2023-11-16,S004,P0133,Clothing,North,97,112.68,124.53
2023-11-17,S004,P0133,Clothing,North,185,170.49,124.13
2023-11-18,S004,P0133,Clothing,South,212,199.43,143.5
2023-11-19,S004,P0133,Clothing,South,103,137.24,123.58
2023-11-20,S004,P0133,Clothing,East,191,199.03,124.38
2023-11-21,S004,P0133,Clothing,North,126,131.66,122.82
2023-11-22,S004,P0133,Clothing,South,182,169.96,127.0
2023-11-23,S004,P0133,Clothing,South,138,126.41,123.62
2023-11-24,S004,P0133,Clothing,West,122,154.69,152.55
2023-11-25,S004,P0133,Clothing,East,210,192.59,126.76
2023-11-26,S004,P0133,Clothing,South,107,104.62,125.23
2023-11-27,S004,P0133,Clothing,South,195,206.25,125.01
2023-11-28,S004,P0133,Clothing,North,172,184.15,146.19
2023-11-29,S004,P0133,Clothing,South,102,101.81,124.02
2023-11-30,S004,P0133,Clothing,North,125,156.37,119.5
2023-12-01,S004,P0133,Clothing,West,98,91.11,121.74
2023-12-02,S004,P0133,Clothing,West,92,125.59,121.69
2023-12-03,S004,P0133,Clothing,West,156,215.57,156.28
2023-12-04,S004,P0133,Clothing,East,140,161.26,127.43
2023-12-05,S004,P0133,Clothing,East,126,133.79,125.39
2023-12-06,S004,P0133,Clothing,West,126,116.34,124.6
2023-12-07,S004,P0133,Clothing,East,111,156.03,125.36
2023-12-08,S004,P0133,Clothing,South,43,54.1,126.8
2023-12-09,S004,P0133,Clothing,West,98,117.19,123.22
2023-12-10,S004,P0133,Clothing,West,111,158.46,127.66
2023-12-11,S004,P0133,Clothing,East,54,62.63,124.09
2023-12-12,S004,P0133,Clothing,East,125,158.67,119.79
2023-12-13,S004,P0133,Clothing,East,105,134.28,120.07
2023-12-14,S004,P0133,Clothing,North,136,166.03,133.23
2023-12-15,S004,P0133,Clothing,West,61,64.48,118.2
2023-12-16,S004,P0133,Clothing,East,157,182.55,117.41
2023-12-17,S004,P0133,Clothing,East,123,142.41,144.31
2023-12-18,S004,P0133,Clothing,North,183,173.71,131.67
2023-12-19,S004,P0133,Clothing,West,150,143.13,121.67
2023-12-20,S004,P0133,Clothing,East,103,139.52,123.39
2023-12-21,S004,P0133,Clothing,North,139,174.48,127.16
2023-12-22,S004,P0133,Clothing,South,136,178.22,129.49
2023-12-23,S004,P0133,Clothing,West,100,107.23,169.82
2023-12-24,S004,P0133,Clothing,North,128,156.0,128.65
2023-12-25,S004,P0133,Clothing,West,111,135.32,170.83
2023-12-26,S004,P0133,Clothing,North,109,105.96,132.66
2023-12-27,S004,P0133,Clothing,South,157,159.0,130.83
2023-12-28,S004,P0133,Clothing,East,129,145.14,124.88
2023-12-29,S004,P0133,Clothing,South,82,80.91,129.39
2023-12-30,S004,P0133,Clothing,South,147,153.62,127.27
2023-12-31,S004,P0133,Clothing,North,92,115.02,125.27
2023-10-01,S004,P0149,Furniture,North,105,115.0,90.01
2023-10-02,S004,P0149,Furniture,South,83,89.17,88.53
2023-10-03,S004,P0149,Furniture,East,114,148.1,89.15
2023-10-04,S004,P0149,Furniture,South,106,144.64,87.62
2023-10-05,S004,P0149,Furniture,North,108,107.2,92.22
2023-10-06,S004,P0149,Furniture,North,93,117.16,87.25
2023-10-07,S004,P0149,Furniture,South,79,89.28,105.02
2023-10-08,S004,P0149,Furniture,North,42,59.31,89.69
2023-10-09,S004,P0149,Furniture,South,37,45.49,89.7
2023-10-10,S004,P0149,Furniture,East,69,79.4,90.09
2023-10-11,S004,P0149,Furniture,West,80,103.35,90.12
2023-10-12,S004,P0149,Furniture,South,132,126.45,90.15
2023-10-13,S004,P0149,Furniture,North,83,80.47,91.27
2023-10-14,S004,P0149,Furniture,West,129,137.08,107.13
2023-10-15,S004,P0149,Furniture,South,106,131.88,90.26
2023-10-16,S004,P0149,Furniture,North,40,38.51,90.02
2023-10-17,S004,P0149,Furniture,North,50,61.91,90.22
2023-10-18,S004,P0149,Furniture,West,109,138.15,90.82
2023-10-19,S004,P0149,Furniture,South,114,121.6,91.47
2023-10-20,S004,P0149,Furniture,East,108,101.78,90.33
2023-10-21,S004,P0149,Furniture,East,79,108.37,89.39
2023-10-22,S004,P0149,Furniture,South,76,91.42,90.73
2023-10-23,S004,P0149,Furniture,South,85,91.31,109.68
2023-10-24,S004,P0149,Furniture,South,151,153.53,89.82
2023-10-25,S004,P0149,Furniture,South,79,91.78,88.25
2023-10-26,S004,P0149,Furniture,West,102,108.87,88.84
2023-10-27,S004,P0149,Furniture,North,104,135.4,89.82
2023-10-28,S004,P0149,Furniture,East,79,88.86,89.42
2023-10-29,S004,P0149,Furniture,North,91,103.22,88.99
2023-10-30,S004,P0149,Furniture,North,145,141.01,89.0
2023-10-31,S004,P0149,Furniture,West,117,119.58,108.47
2023-11-01,S004,P0149,Furniture,South,84,95.31,87.29
2023-11-02,S004,P0149,Furniture,North,53,67.8,89.96
2023-11-03,S004,P0149,Furniture,South,66,75.98,88.02
2023-11-04,S004,P0149,Furniture,East,75,77.22,87.75
2023-11-05,S004,P0149,Furniture,East,12,17.78,88.3
2023-11-06,S004,P0149,Furniture,East,94,95.42,92.19
2023-11-07,S004,P0149,Furniture,South,92,125.02,91.08
2023-11-08,S004,P0149,Furniture,North,67,62.8,91.31
2023-11-09,S004,P0149,Furniture,East,49,59.16,92.09
2023-11-10,S004,P0149,Furniture,South,103,98.74,89.43
2023-11-11,S004,P0149,Furniture,West,87,81.3,88.81
2023-11-12,S004,P0149,Furniture,North,75,83.52,90.16
2023-11-13,S004,P0149,Furniture,West,85,115.6,90.62
2023-11-14,S004,P0149,Furniture,East,142,160.82,109.66
2023-11-15,S004,P0149,Furniture,North,79,91.62,92.09
2023-11-16,S004,P0149,Furniture,West,78,84.46,90.81
2023-11-17,S004,P0149,Furniture,South,75,77.61,87.71
2023-11-18,S004,P0149,Furniture,North,122,122.12,87.85
2023-11-19,S004,P0149,Furniture,South,75,101.99,89.45
2023-11-20,S004,P0149,Furniture,South,162,160.37,107.36
2023-11-21,S004,P0149,Furniture,East,34,47.35,90.83
2023-11-22,S004,P0149,Furniture,East,59,68.98,92.68
2023-11-23,S004,P0149,Furniture,South,111,121.98,91.14
2023-11-24,S004,P0149,Furniture,West,73,74.18,88.03
2023-11-25,S004,P0149,Furniture,South,162,155.63,108.4
2023-11-26,S004,P0149,Furniture,East,63,59.41,86.94
2023-11-27,S004,P0149,Furniture,North,106,119.46,92.77
2023-11-28,S004,P0149,Furniture,South,114,158.55,90.76
2023-11-29,S004,P0149,Furniture,East,81,95.43,90.57
2023-11-30,S004,P0149,Furniture,North,104,112.72,90.29
2023-12-01,S004,P0149,Furniture,East,79,84.06,87.38
2023-12-02,S004,P0149,Furniture,South,148,153.91,88.08
2023-12-03,S004,P0149,Furniture,East,87,97.78,88.18
2023-12-04,S004,P0149,Furniture,East,126,119.9,91.25
2023-12-05,S004,P0149,Furniture,North,62,73.5,110.92
2023-12-06,S004,P0149,Furniture,West,164,153.77,90.15
2023-12-07,S004,P0149,Furniture,North,82,97.98,94.73
2023-12-08,S004,P0149,Furniture,West,175,180.73,87.62
2023-12-09,S004,P0149,Furniture,North,60,61.64,93.69
2023-12-10,S004,P0149,Furniture,West,87,106.64,88.24
2023-12-11,S004,P0149,Furniture,West,64,91.2,86.95
2023-12-12,S004,P0149,Furniture,South,51,56.21,89.64
2023-12-13,S004,P0149,Furniture,East,106,130.8,87.42
2023-12-14,S004,P0149,Furniture,North,37,41.11,88.67
2023-12-15,S004,P0149,Furniture,West,72,70.54,88.41
2023-12-16,S004,P0149,Furniture,West,95,128.06,108.07
2023-12-17,S004,P0149,Furniture,East,111,115.18,90.22
2023-12-18,S004,P0149,Furniture,East,62,87.12,90.46
2023-12-19,S004,P0149,Furniture,South,83,76.27,90.51
2023-12-20,S004,P0149,Furniture,South,128,141.42,89.53
2023-12-21,S004,P0149,Furniture,South,62,66.53,89.78
2023-12-22,S004,P0149,Furniture,North,150,146.38,87.91
2023-12-23,S004,P0149,Furniture,North,73,101.01,87.44
2023-12-24,S004,P0149,Furniture,East,93,99.66,89.19
2023-12-25,S004,P0149,Furniture,West,86,95.11,90.53
2023-12-26,S004,P0149,Furniture,South,82,92.51,94.08
2023-12-27,S004,P0149,Furniture,South,47,53.45,88.23
2023-12-28,S004,P0149,Furniture,South,83,118.51,88.87
2023-12-29,S004,P0149,Furniture,East,44,48.53,89.77
2023-12-30,S004,P0149,Furniture,South,79,80.14,88.54
2023-12-31,S004,P0149,Furniture,East,75,90.28,88.14
2023-10-01,S004,P0153,Furniture,South,61,70.99,91.79
2023-10-02,S004,P0153,Furniture,North,86,87.56,109.39
2023-10-03,S004,P0153,Furniture,North,122,167.63,90.86
2023-10-04,S004,P0153,Furniture,North,92,127.4,89.51
2023-10-05,S004,P0153,Furniture,West,128,136.46,89.83
2023-10-06,S004,P0153,Furniture,South,86,83.39,89.33
2023-10-07,S004,P0153,Furniture,North,105,127.11,90.8
2023-10-08,S004,P0153,Furniture,East,129,158.42,88.73
2023-10-09,S004,P0153,Furniture,West,169,200.8,108.89
2023-10-10,S004,P0153,Furniture,South,57,77.2,89.07
2023-10-11,S004,P0153,Furniture,South,79,107.22,92.8
2023-10-12,S004,P0153,Furniture,West,66,90.32,91.72
2023-10-13,S004,P0153,Furniture,West,62,75.69,88.59
2023-10-14,S004,P0153,Furniture,North,98,116.48,89.96
2023-10-15,S004,P0153,Furniture,West,69,95.03,90.11
2023-10-16,S004,P0153,Furniture,East,134,185.68,110.08
2023-10-17,S004,P0153,Furniture,South,145,137.44,90.18
2023-10-18,S004,P0153,Furniture,North,47,59.77,90.75
2023-10-19,S004,P0153,Furniture,North,103,133.77,89.96
2023-10-20,S004,P0153,Furniture,East,52,60.29,89.16
2023-10-21,S004,P0153,Furniture,East,47,66.25,108.41
2023-10-22,S004,P0153,Furniture,South,67,77.96,89.2
2023-10-23,S004,P0153,Furniture,East,71,70.91,89.76
2023-10-24,S004,P0153,Furniture,North,55,77.64,111.46
2023-10-25,S004,P0153,Furniture,South,69,67.48,90.11
2023-10-26,S004,P0153,Furniture,North,124,147.7,88.85
2023-10-27,S004,P0153,Furniture,West,67,88.91,109.36
2023-10-28,S004,P0153,Furniture,East,64,85.24,106.81
2023-10-29,S004,P0153,Furniture,South,84,86.75,90.12
2023-10-30,S004,P0153,Furniture,South,127,117.38,90.43
2023-10-31,S004,P0153,Furniture,East,29,27.65,90.94
2023-11-01,S004,P0153,Furniture,North,116,134.83,91.2
2023-11-02,S004,P0153,Furniture,South,189,194.95,91.29
2023-11-03,S004,P0153,Furniture,South,127,150.03,88.66
2023-11-04,S004,P0153,Furniture,North,132,138.39,83.74
2023-11-05,S004,P0153,Furniture,West,83,102.54,86.47
2023-11-06,S004,P0153,Furniture,South,147,193.12,113.3
2023-11-07,S004,P0153,Furniture,West,82,76.58,90.21
2023-11-08,S004,P0153,Furniture,West,80,95.86,83.22
2023-11-09,S004,P0153,Furniture,North,30,30.29,101.21
2023-11-10,S004,P0153,Furniture,North,79,102.02,87.07
2023-11-11,S004,P0153,Furniture,South,114,138.95,87.13
2023-11-12,S004,P0153,Furniture,East,24,28.19,88.64
2023-11-13,S004,P0153,Furniture,West,87,93.95,89.93
2023-11-14,S004,P0153,Furniture,North,72,75.88,88.97
2023-11-15,S004,P0153,Furniture,East,213,217.96,114.1
2023-11-16,S004,P0153,Furniture,East,81,86.85,89.93
2023-11-17,S004,P0153,Furniture,West,94,100.71,106.08
2023-11-18,S004,P0153,Furniture,West,60,78.97,87.46
2023-11-19,S004,P0153,Furniture,West,72,75.81,88.57
2023-11-20,S004,P0153,Furniture,South,159,181.46,88.27
2023-11-21,S004,P0153,Furniture,West,66,91.4,90.65
2023-11-22,S004,P0153,Furniture,North,77,105.49,93.43
2023-11-23,S004,P0153,Furniture,South,112,120.77,97.65
2023-11-24,S004,P0153,Furniture,East,88,102.52,88.15
2023-11-25,S004,P0153,Furniture,West,113,108.54,109.88
2023-11-26,S004,P0153,Furniture,West,47,51.28,88.99
2023-11-27,S004,P0153,Furniture,West,101,99.59,90.67
2023-11-28,S004,P0153,Furniture,South,73,104.29,88.78
2023-11-29,S004,P0153,Furniture,West,119,117.55,112.18
2023-11-30,S004,P0153,Furniture,North,75,73.92,86.92
2023-12-01,S004,P0153,Furniture,West,98,126.14,89.08
2023-12-02,S004,P0153,Furniture,South,134,164.5,87.44
2023-12-03,S004,P0153,Furniture,North,76,95.21,88.59
2023-12-04,S004,P0153,Furniture,West,147,152.84,109.09
2023-12-05,S004,P0153,Furniture,West,84,103.51,90.91
2023-12-06,S004,P0153,Furniture,South,123,120.16,91.46
2023-12-07,S004,P0153,Furniture,East,119,122.87,92.29
2023-12-08,S004,P0153,Furniture,South,51,68.01,88.31
2023-12-09,S004,P0153,Furniture,East,59,82.71,87.73
2023-12-10,S004,P0153,Furniture,North,14,19.17,90.96
2023-12-11,S004,P0153,Furniture,East,107,140.18,92.04
2023-12-12,S004,P0153,Furniture,North,103,133.62,89.07
2023-12-13,S004,P0153,Furniture,North,61,85.97,89.5
2023-12-14,S004,P0153,Furniture,West,85,84.25,91.38
2023-12-15,S004,P0153,Furniture,South,75,102.88,88.37
2023-12-16,S004,P0153,Furniture,South,61,71.44,88.1
2023-12-17,S004,P0153,Furniture,North,90,118.95,88.82
2023-12-18,S004,P0153,Furniture,East,138,149.69,89.29
2023-12-19,S004,P0153,Furniture,South,30,29.65,91.63
2023-12-20,S004,P0153,Furniture,North,99,103.19,91.04
2023-12-21,S004,P0153,Furniture,West,6,6.09,91.88
2023-12-22,S004,P0153,Furniture,East,146,168.77,109.32
2023-12-23,S004,P0153,Furniture,West,107,100.28,88.09
2023-12-24,S004,P0153,Furniture,West,100,141.25,92.38
2023-12-25,S004,P0153,Furniture,West,30,34.27,106.6
2023-12-26,S004,P0153,Furniture,North,91,84.04,91.92
2023-12-27,S004,P0153,Furniture,North,68,73.63,89.01
2023-12-28,S004,P0153,Furniture,North,64,80.87,88.95
2023-12-29,S004,P0153,Furniture,North,100,94.75,87.45
2023-12-30,S004,P0153,Furniture,North,155,154.96,87.67
2023-12-31,S004,P0153,Furniture,West,73,87.98,88.8
2023-10-01,S004,P0159,Electronics,South,98,104.13,109.31
2023-10-02,S004,P0159,Electronics,West,40,48.34,96.91
2023-10-03,S004,P0159,Electronics,West,39,51.07,89.18
2023-10-04,S004,P0159,Electronics,West,82,104.94,88.8
2023-10-05,S004,P0159,Electronics,South,106,124.37,105.42
2023-10-06,S004,P0159,Electronics,West,125,124.96,88.94
2023-10-07,S004,P0159,Electronics,West,143,159.11,90.74
2023-10-08,S004,P0159,Electronics,North,65,84.97,92.95
2023-10-09,S004,P0159,Electronics,North,89,120.52,90.14
2023-10-10,S004,P0159,Electronics,East,89,100.24,90.46
2023-10-11,S004,P0159,Electronics,East,126,132.1,114.63
2023-10-12,S004,P0159,Electronics,West,176,164.88,70.43
2023-10-13,S004,P0159,Electronics,South,114,106.02,106.41
2023-10-14,S004,P0159,Electronics,East,77,91.11,66.54
2023-10-15,S004,P0159,Electronics,West,115,142.75,83.15
2023-10-16,S004,P0159,Electronics,North,122,128.97,68.11
2023-10-17,S004,P0159,Electronics,South,41,45.76,79.42
2023-10-18,S004,P0159,Electronics,South,105,118.26,72.19
2023-10-19,S004,P0159,Electronics,South,126,117.81,91.93
2023-10-20,S004,P0159,Electronics,West,31,39.77,66.65
2023-10-21,S004,P0159,Electronics,North,77,101.37,90.5
2023-10-22,S004,P0159,Electronics,South,69,90.39,91.25
2023-10-23,S004,P0159,Electronics,North,102,139.79,89.88
2023-10-24,S004,P0159,Electronics,West,98,92.19,89.91
2023-10-25,S004,P0159,Electronics,South,113,140.75,90.77
2023-10-26,S004,P0159,Electronics,East,89,112.04,90.28
2023-10-27,S004,P0159,Electronics,South,117,124.89,106.44
2023-10-28,S004,P0159,Electronics,West,103,114.38,94.47
2023-10-29,S004,P0159,Electronics,West,79,113.14,91.55
2023-10-30,S004,P0159,Electronics,North,91,100.07,107.27
2023-10-31,S004,P0159,Electronics,North,81,97.32,89.46
2023-11-01,S004,P0159,Electronics,East,96,91.63,89.89
2023-11-02,S004,P0159,Electronics,North,77,74.5,70.43
2023-11-03,S004,P0159,Electronics,South,84,82.69,72.38
2023-11-04,S004,P0159,Electronics,East,111,142.03,108.05
2023-11-05,S004,P0159,Electronics,South,100,140.32,75.28
2023-11-06,S004,P0159,Electronics,North,89,123.31,89.68
2023-11-07,S004,P0159,Electronics,North,48,67.24,69.96
2023-11-08,S004,P0159,Electronics,West,98,122.88,89.53
2023-11-09,S004,P0159,Electronics,East,70,74.8,88.84
2023-11-10,S004,P0159,Electronics,North,139,131.82,90.14
2023-11-11,S004,P0159,Electronics,West,126,168.01,90.81
2023-11-12,S004,P0159,Electronics,North,76,88.35,71.8
2023-11-13,S004,P0159,Electronics,West,88,98.97,90.27
2023-11-14,S004,P0159,Electronics,East,68,80.61,90.62
2023-11-15,S004,P0159,Electronics,South,108,122.36,89.79
2023-11-16,S004,P0159,Electronics,East,72,77.26,88.73
2023-11-17,S004,P0159,Electronics,East,66,86.99,71.79
2023-11-18,S004,P0159,Electronics,West,75,80.57,73.37
2023-11-19,S004,P0159,Electronics,West,81,111.03,90.34
2023-11-20,S004,P0159,Electronics,West,99,102.42,90.24
2023-11-21,S004,P0159,Electronics,North,128,148.88,90.27
2023-11-22,S004,P0159,Electronics,East,124,142.96,90.63
2023-11-23,S004,P0159,Electronics,South,124,155.24,107.61
2023-11-24,S004,P0159,Electronics,East,116,111.73,88.02
2023-11-25,S004,P0159,Electronics,North,85,82.63,87.13
2023-11-26,S004,P0159,Electronics,South,56,60.54,85.59
2023-11-27,S004,P0159,Electronics,West,84,103.47,88.02
2023-11-28,S004,P0159,Electronics,East,88,110.03,87.21
2023-11-29,S004,P0159,Electronics,North,145,159.65,90.09
2023-11-30,S004,P0159,Electronics,North,81,104.18,91.25
2023-12-01,S004,P0159,Electronics,North,69,67.96,65.33
2023-12-02,S004,P0159,Electronics,North,65,71.5,91.31
2023-12-03,S004,P0159,Electronics,North,242,221.9,112.29
2023-12-04,S004,P0159,Electronics,West,115,105.55,88.34
2023-12-05,S004,P0159,Electronics,South,129,132.5,91.79
2023-12-06,S004,P0159,Electronics,West,0,0.0,88.73
2023-12-07,S004,P0159,Electronics,East,72,91.75,69.69
2023-12-08,S004,P0159,Electronics,South,72,89.16,72.07
2023-12-09,S004,P0159,Electronics,East,139,145.26,88.28
2023-12-10,S004,P0159,Electronics,South,98,128.09,87.48
2023-12-11,S004,P0159,Electronics,North,86,92.84,89.78
2023-12-12,S004,P0159,Electronics,South,101,134.72,85.25
2023-12-13,S004,P0159,Electronics,East,106,107.81,90.56
2023-12-14,S004,P0159,Electronics,North,141,129.93,109.62
2023-12-15,S004,P0159,Electronics,East,79,79.56,89.12
2023-12-16,S004,P0159,Electronics,West,78,103.84,88.03
2023-12-17,S004,P0159,Electronics,West,21,25.58,90.33
2023-12-18,S004,P0159,Electronics,East,135,143.11,107.57
2023-12-19,S004,P0159,Electronics,North,80,106.19,69.97
2023-12-20,S004,P0159,Electronics,East,94,116.81,89.46
2023-12-21,S004,P0159,Electronics,South,71,85.42,91.3
2023-12-22,S004,P0159,Electronics,South,124,121.35,89.42
2023-12-23,S004,P0159,Electronics,West,69,94.99,88.82
2023-12-24,S004,P0159,Electronics,South,113,123.74,95.48
2023-12-25,S004,P0159,Electronics,South,78,105.88,91.02
2023-12-26,S004,P0159,Electronics,South,102,120.63,89.98
2023-12-27,S004,P0159,Electronics,West,55,65.97,71.86
2023-12-28,S004,P0159,Electronics,South,56,76.97,89.21
2023-12-29,S004,P0159,Electronics,East,90,112.23,67.78
2023-12-30,S004,P0159,Electronics,North,100,110.25,71.68
2023-12-31,S004,P0159,Electronics,South,127,117.88,90.59
2023-10-01,S004,P0166,Groceries,North,163,167.96,94.9
2023-10-02,S004,P0166,Groceries,East,41,43.05,91.79
2023-10-03,S004,P0166,Groceries,West,80,90.06,89.83
2023-10-04,S004,P0166,Groceries,North,84,107.1,107.79
2023-10-05,S004,P0166,Groceries,West,136,142.13,90.74
2023-10-06,S004,P0166,Groceries,North,83,90.54,87.54
2023-10-07,S004,P0166,Groceries,East,145,136.95,83.9
2023-10-08,S004,P0166,Groceries,West,46,59.95,92.56
2023-10-09,S004,P0166,Groceries,West,130,134.72,88.23
2023-10-10,S004,P0166,Groceries,West,111,115.95,95.15
2023-10-11,S004,P0166,Groceries,North,110,132.19,109.62
2023-10-12,S004,P0166,Groceries,North,142,166.6,94.14
2023-10-13,S004,P0166,Groceries,North,109,133.65,99.13
2023-10-14,S004,P0166,Groceries,West,79,98.35,91.85
2023-10-15,S004,P0166,Groceries,South,154,143.26,93.02
2023-10-16,S004,P0166,Groceries,West,96,97.09,97.57
2023-10-17,S004,P0166,Groceries,South,76,99.74,90.5
2023-10-18,S004,P0166,Groceries,North,102,102.09,84.45
2023-10-19,S004,P0166,Groceries,North,147,137.82,108.79
2023-10-20,S004,P0166,Groceries,South,71,70.25,92.51
2023-10-21,S004,P0166,Groceries,North,64,59.89,94.19
2023-10-22,S004,P0166,Groceries,North,131,122.27,96.4
2023-10-23,S004,P0166,Groceries,East,97,112.03,85.46
2023-10-24,S004,P0166,Groceries,West,71,89.2,87.01
2023-10-25,S004,P0166,Groceries,South,117,116.88,109.89
2023-10-26,S004,P0166,Groceries,South,186,182.67,94.59
2023-10-27,S004,P0166,Groceries,North,66,75.71,95.89
2023-10-28,S004,P0166,Groceries,South,102,107.63,93.38
2023-10-29,S004,P0166,Groceries,West,91,111.62,85.69
2023-10-30,S004,P0166,Groceries,South,68,66.39,87.01
2023-10-31,S004,P0166,Groceries,South,84,104.72,93.39
2023-11-01,S004,P0166,Groceries,East,88,99.29,91.81
2023-11-02,S004,P0166,Groceries,East,54,64.87,90.05
2023-11-03,S004,P0166,Groceries,North,65,80.95,89.48
2023-11-04,S004,P0166,Groceries,East,132,134.56,110.59
2023-11-05,S004,P0166,Groceries,North,127,147.9,107.8
2023-11-06,S004,P0166,Groceries,South,79,94.83,89.68
2023-11-07,S004,P0166,Groceries,West,116,150.75,91.95
2023-11-08,S004,P0166,Groceries,East,91,120.65,90.12
2023-11-09,S004,P0166,Groceries,East,100,129.03,105.54
2023-11-10,S004,P0166,Groceries,North,85,114.08,89.24
2023-11-11,S004,P0166,Groceries,North,24,23.45,87.03
2023-11-12,S004,P0166,Groceries,North,58,72.4,89.26
2023-11-13,S004,P0166,Groceries,South,68,73.43,89.11
2023-11-14,S004,P0166,Groceries,South,206,194.51,107.9
2023-11-15,S004,P0166,Groceries,South,69,69.97,88.67
2023-11-16,S004,P0166,Groceries,East,160,166.92,88.33
2023-11-17,S004,P0166,Groceries,West,121,121.81,107.78
2023-11-18,S004,P0166,Groceries,West,117,122.62,87.07
2023-11-19,S004,P0166,Groceries,West,69,73.69,86.78
2023-11-20,S004,P0166,Groceries,North,157,180.46,91.77
2023-11-21,S004,P0166,Groceries,West,130,119.89,95.59
2023-11-22,S004,P0166,Groceries,North,91,124.16,87.28
2023-11-23,S004,P0166,Groceries,East,139,145.85,96.21
2023-11-24,S004,P0166,Groceries,North,88,123.45,84.77
2023-11-25,S004,P0166,Groceries,West,47,44.28,78.14
2023-11-26,S004,P0166,Groceries,North,82,108.01,105.79
2023-11-27,S004,P0166,Groceries,East,102,115.63,92.46
2023-11-28,S004,P0166,Groceries,East,55,71.47,91.97
2023-11-29,S004,P0166,Groceries,North,84,93.62,93.22
2023-11-30,S004,P0166,Groceries,East,115,115.91,88.11
2023-12-01,S004,P0166,Groceries,East,151,149.36,86.68
2023-12-02,S004,P0166,Groceries,North,86,88.54,87.38
2023-12-03,S004,P0166,Groceries,South,98,96.83,108.99
2023-12-04,S004,P0166,Groceries,East,90,91.12,105.33
2023-12-05,S004,P0166,Groceries,South,73,74.5,90.86
2023-12-06,S004,P0166,Groceries,North,200,206.69,106.38
2023-12-07,S004,P0166,Groceries,East,101,112.94,92.05
2023-12-08,S004,P0166,Groceries,North,67,85.14,106.7
2023-12-09,S004,P0166,Groceries,East,52,55.69,88.36
2023-12-10,S004,P0166,Groceries,West,71,83.6,87.88
2023-12-11,S004,P0166,Groceries,East,50,63.89,90.41
2023-12-12,S004,P0166,Groceries,East,121,125.2,106.97
2023-12-13,S004,P0166,Groceries,South,87,104.78,90.17
2023-12-14,S004,P0166,Groceries,South,44,52.54,91.53
2023-12-15,S004,P0166,Groceries,East,107,102.59,88.96
2023-12-16,S004,P0166,Groceries,North,127,126.26,89.35
2023-12-17,S004,P0166,Groceries,East,54,63.81,88.97
2023-12-18,S004,P0166,Groceries,East,118,118.73,88.5
2023-12-19,S004,P0166,Groceries,South,49,51.05,88.4
2023-12-20,S004,P0166,Groceries,North,145,138.2,89.41
2023-12-21,S004,P0166,Groceries,South,66,75.52,87.82
2023-12-22,S004,P0166,Groceries,North,30,35.36,89.07
2023-12-23,S004,P0166,Groceries,West,87,115.69,87.7
2023-12-24,S004,P0166,Groceries,East,113,115.37,88.22
2023-12-25,S004,P0166,Groceries,East,108,143.13,88.57
2023-12-26,S004,P0166,Groceries,South,102,144.72,88.83
2023-12-27,S004,P0166,Groceries,North,114,116.92,88.68
2023-12-28,S004,P0166,Groceries,West,94,88.02,88.21
2023-12-29,S004,P0166,Groceries,South,125,136.63,87.91
2023-12-30,S004,P0166,Groceries,West,103,96.29,87.33
2023-12-31,S004,P0166,Groceries,North,83,76.13,90.42
2023-10-01,S004,P0171,Electronics,West,99,123.73,89.31
2023-10-02,S004,P0171,Electronics,East,160,146.43,105.56
2023-10-03,S004,P0171,Electronics,East,85,113.29,89.08
2023-10-04,S004,P0171,Electronics,North,18,19.78,90.62
2023-10-05,S004,P0171,Electronics,South,116,112.21,90.64
2023-10-06,S004,P0171,Electronics,West,70,73.84,70.1
2023-10-07,S004,P0171,Electronics,North,128,126.75,90.87
2023-10-08,S004,P0171,Electronics,South,68,85.62,69.36
2023-10-09,S004,P0171,Electronics,West,165,155.85,91.63
2023-10-10,S004,P0171,Electronics,East,107,98.57,108.64
2023-10-11,S004,P0171,Electronics,West,53,62.01,88.29
2023-10-12,S004,P0171,Electronics,East,80,97.57,71.49
2023-10-13,S004,P0171,Electronics,North,88,87.92,90.49
2023-10-14,S004,P0171,Electronics,West,163,171.4,88.95
2023-10-15,S004,P0171,Electronics,South,68,71.5,90.3
2023-10-16,S004,P0171,Electronics,East,109,118.2,90.44
2023-10-17,S004,P0171,Electronics,East,48,66.42,73.85
2023-10-18,S004,P0171,Electronics,North,98,115.22,86.6
2023-10-19,S004,P0171,Electronics,South,168,173.99,90.95
2023-10-20,S004,P0171,Electronics,West,93,100.92,71.16
2023-10-21,S004,P0171,Electronics,North,100,101.07,91.01
2023-10-22,S004,P0171,Electronics,East,119,166.37,89.1
2023-10-23,S004,P0171,Electronics,East,82,81.95,90.03
2023-10-24,S004,P0171,Electronics,North,105,117.78,85.31
2023-10-25,S004,P0171,Electronics,North,53,76.37,91.71
2023-10-26,S004,P0171,Electronics,West,98,107.46,94.67
2023-10-27,S004,P0171,Electronics,West,62,72.78,71.22
2023-10-28,S004,P0171,Electronics,South,92,99.74,93.81
2023-10-29,S004,P0171,Electronics,West,51,56.26,90.42
2023-10-30,S004,P0171,Electronics,South,109,106.38,89.06
2023-10-31,S004,P0171,Electronics,East,91,129.93,89.26
2023-11-01,S004,P0171,Electronics,South,96,91.26,72.15
2023-11-02,S004,P0171,Electronics,West,41,52.79,72.85
2023-11-03,S004,P0171,Electronics,East,73,103.97,90.01
2023-11-04,S004,P0171,Electronics,South,91,112.56,71.31
2023-11-05,S004,P0171,Electronics,West,33,36.77,88.29
2023-11-06,S004,P0171,Electronics,North,79,93.72,108.26
2023-11-07,S004,P0171,Electronics,North,52,66.92,71.23
2023-11-08,S004,P0171,Electronics,West,111,120.61,88.74
2023-11-09,S004,P0171,Electronics,South,138,145.29,89.24
2023-11-10,S004,P0171,Electronics,South,108,120.04,73.49
2023-11-11,S004,P0171,Electronics,West,81,88.26,66.25
2023-11-12,S004,P0171,Electronics,West,97,119.73,90.79
2023-11-13,S004,P0171,Electronics,North,133,124.04,70.46
2023-11-14,S004,P0171,Electronics,West,72,84.22,105.4
2023-11-15,S004,P0171,Electronics,East,64,72.94,103.0
2023-11-16,S004,P0171,Electronics,South,83,103.35,90.26
2023-11-17,S004,P0171,Electronics,North,70,94.27,72.25
2023-11-18,S004,P0171,Electronics,East,115,133.22,90.61
2023-11-19,S004,P0171,Electronics,South,190,193.41,107.68
2023-11-20,S004,P0171,Electronics,North,66,94.59,70.51
2023-11-21,S004,P0171,Electronics,East,145,137.78,95.02
2023-11-22,S004,P0171,Electronics,North,53,50.46,90.56
2023-11-23,S004,P0171,Electronics,East,93,107.83,89.45
2023-11-24,S004,P0171,Electronics,West,105,147.83,89.65
2023-11-25,S004,P0171,Electronics,North,53,60.63,92.23
2023-11-26,S004,P0171,Electronics,North,82,91.43,91.05
2023-11-27,S004,P0171,Electronics,North,63,69.2,72.06
2023-11-28,S004,P0171,Electronics,South,75,85.86,91.12
2023-11-29,S004,P0171,Electronics,South,52,57.39,87.59
2023-11-30,S004,P0171,Electronics,North,79,111.19,88.88
2023-12-01,S004,P0171,Electronics,West,62,68.38,89.99
2023-12-02,S004,P0171,Electronics,North,68,90.8,88.41
2023-12-03,S004,P0171,Electronics,East,90,88.09,72.08
2023-12-04,S004,P0171,Electronics,South,63,90.29,87.18
2023-12-05,S004,P0171,Electronics,North,152,138.89,89.07
2023-12-06,S004,P0171,Electronics,North,92,87.26,70.62
2023-12-07,S004,P0171,Electronics,East,43,43.75,70.63
2023-12-08,S004,P0171,Electronics,South,115,127.81,90.89
2023-12-09,S004,P0171,Electronics,East,85,95.75,90.37
2023-12-10,S004,P0171,Electronics,West,63,76.16,73.59
2023-12-11,S004,P0171,Electronics,North,107,128.41,90.11
2023-12-12,S004,P0171,Electronics,West,92,92.3,72.6
2023-12-13,S004,P0171,Electronics,East,76,97.89,90.36
2023-12-14,S004,P0171,Electronics,North,12,14.2,89.55
2023-12-15,S004,P0171,Electronics,West,84,116.45,89.79
2023-12-16,S004,P0171,Electronics,North,62,76.49,86.88
2023-12-17,S004,P0171,Electronics,West,45,56.65,89.57
2023-12-18,S004,P0171,Electronics,South,132,126.3,109.65
2023-12-19,S004,P0171,Electronics,North,67,84.8,104.1
2023-12-20,S004,P0171,Electronics,South,119,109.08,88.87
2023-12-21,S004,P0171,Electronics,North,53,65.93,70.44
2023-12-22,S004,P0171,Electronics,West,32,36.73,72.22
2023-12-23,S004,P0171,Electronics,East,72,92.66,90.23
2023-12-24,S004,P0171,Electronics,West,58,78.75,90.59
2023-12-25,S004,P0171,Electronics,South,31,35.3,71.68
2023-12-26,S004,P0171,Electronics,North,75,90.69,88.92
2023-12-27,S004,P0171,Electronics,North,116,150.16,104.77
2023-12-28,S004,P0171,Electronics,East,119,111.74,110.29
2023-12-29,S004,P0171,Electronics,West,125,138.03,70.68
2023-12-30,S004,P0171,Electronics,West,92,121.87,89.87
2023-12-31,S004,P0171,Electronics,East,127,139.6,91.56
2023-10-01,S004,P0175,Electronics,South,158,166.92,89.37
2023-10-02,S004,P0175,Electronics,North,91,129.25,89.86
2023-10-03,S004,P0175,Electronics,East,70,72.35,72.14
2023-10-04,S004,P0175,Electronics,West,92,113.82,91.91
2023-10-05,S004,P0175,Electronics,South,116,106.69,107.09
2023-10-06,S004,P0175,Electronics,South,145,139.75,88.48
2023-10-07,S004,P0175,Electronics,South,114,107.15,64.57
2023-10-08,S004,P0175,Electronics,North,145,156.0,92.64
2023-10-09,S004,P0175,Electronics,East,86,118.36,91.2
2023-10-10,S004,P0175,Electronics,North,72,77.21,89.75
2023-10-11,S004,P0175,Electronics,West,84,105.95,89.19
2023-10-12,S004,P0175,Electronics,East,93,108.31,104.8
2023-10-13,S004,P0175,Electronics,South,196,195.09,89.24
2023-10-14,S004,P0175,Electronics,West,109,114.28,89.6
2023-10-15,S004,P0175,Electronics,South,110,119.85,70.91
2023-10-16,S004,P0175,Electronics,South,126,166.53,90.86
2023-10-17,S004,P0175,Electronics,East,58,65.07,74.27
2023-10-18,S004,P0175,Electronics,South,106,138.88,92.45
2023-10-19,S004,P0175,Electronics,West,58,82.97,89.95
2023-10-20,S004,P0175,Electronics,West,110,122.68,89.86
2023-10-21,S004,P0175,Electronics,South,98,126.37,88.57
2023-10-22,S004,P0175,Electronics,West,77,85.8,112.79
2023-10-23,S004,P0175,Electronics,East,88,85.8,89.42
2023-10-24,S004,P0175,Electronics,West,78,82.28,90.43
2023-10-25,S004,P0175,Electronics,East,84,119.1,89.96
2023-10-26,S004,P0175,Electronics,South,74,70.99,89.74
2023-10-27,S004,P0175,Electronics,West,121,128.18,89.39
2023-10-28,S004,P0175,Electronics,East,45,59.21,73.0
2023-10-29,S004,P0175,Electronics,West,111,134.56,90.11
2023-10-30,S004,P0175,Electronics,East,61,69.11,110.22
2023-10-31,S004,P0175,Electronics,North,43,55.41,89.49
2023-11-01,S004,P0175,Electronics,East,152,151.48,112.03
2023-11-02,S004,P0175,Electronics,North,79,96.1,87.09
2023-11-03,S004,P0175,Electronics,East,76,79.47,89.51
2023-11-04,S004,P0175,Electronics,North,90,119.35,89.21
2023-11-05,S004,P0175,Electronics,East,89,113.53,94.27
2023-11-06,S004,P0175,Electronics,East,60,76.5,68.54
2023-11-07,S004,P0175,Electronics,North,141,133.65,110.98
2023-11-08,S004,P0175,Electronics,South,99,122.19,89.96
2023-11-09,S004,P0175,Electronics,West,75,89.46,89.46
2023-11-10,S004,P0175,Electronics,East,100,143.8,109.82
2023-11-11,S004,P0175,Electronics,North,81,80.64,89.53
2023-11-12,S004,P0175,Electronics,West,81,114.69,111.1
2023-11-13,S004,P0175,Electronics,East,53,73.1,87.76
2023-11-14,S004,P0175,Electronics,West,143,134.01,89.53
2023-11-15,S004,P0175,Electronics,South,56,71.41,92.09
2023-11-16,S004,P0175,Electronics,West,66,93.46,88.8
2023-11-17,S004,P0175,Electronics,South,53,69.6,89.58
2023-11-18,S004,P0175,Electronics,North,136,141.37,113.12
2023-11-19,S004,P0175,Electronics,North,130,118.54,73.82
2023-11-20,S004,P0175,Electronics,North,71,100.12,89.41
2023-11-21,S004,P0175,Electronics,West,83,80.1,89.57
2023-11-22,S004,P0175,Electronics,South,94,104.84,89.15
2023-11-23,S004,P0175,Electronics,North,155,144.35,89.71
2023-11-24,S004,P0175,Electronics,East,130,123.46,90.22
2023-11-25,S004,P0175,Electronics,North,97,118.41,91.9
2023-11-26,S004,P0175,Electronics,South,88,96.55,73.83
2023-11-27,S004,P0175,Electronics,East,66,78.46,70.73
2023-11-28,S004,P0175,Electronics,East,84,86.3,88.39
2023-11-29,S004,P0175,Electronics,West,41,50.28,70.75
2023-11-30,S004,P0175,Electronics,West,72,68.07,89.36
2023-12-01,S004,P0175,Electronics,North,176,163.31,70.05
2023-12-02,S004,P0175,Electronics,East,41,47.77,69.85
2023-12-03,S004,P0175,Electronics,West,152,163.83,114.63
2023-12-04,S004,P0175,Electronics,North,44,44.51,71.5
2023-12-05,S004,P0175,Electronics,South,59,54.69,72.5
2023-12-06,S004,P0175,Electronics,South,101,124.47,89.26
2023-12-07,S004,P0175,Electronics,South,97,92.02,88.91
2023-12-08,S004,P0175,Electronics,North,123,119.58,71.06
2023-12-09,S004,P0175,Electronics,North,70,86.79,89.32
2023-12-10,S004,P0175,Electronics,North,68,80.9,90.22
2023-12-11,S004,P0175,Electronics,North,105,101.96,88.4
2023-12-12,S004,P0175,Electronics,South,81,102.54,88.95
2023-12-13,S004,P0175,Electronics,North,68,86.79,89.5
2023-12-14,S004,P0175,Electronics,West,185,178.17,109.99
2023-12-15,S004,P0175,Electronics,East,85,111.15,73.13
2023-12-16,S004,P0175,Electronics,East,111,122.13,89.03
2023-12-17,S004,P0175,Electronics,West,139,146.75,88.83
2023-12-18,S004,P0175,Electronics,South,107,111.63,89.49
2023-12-19,S004,P0175,Electronics,North,58,70.31,92.81
2023-12-20,S004,P0175,Electronics,South,141,136.27,89.69
2023-12-21,S004,P0175,Electronics,East,94,89.21,98.36
2023-12-22,S004,P0175,Electronics,East,56,63.65,88.22
2023-12-23,S004,P0175,Electronics,West,55,70.92,72.31
2023-12-24,S004,P0175,Electronics,South,82,89.91,90.78
2023-12-25,S004,P0175,Electronics,West,72,72.71,88.89
2023-12-26,S004,P0175,Electronics,West,144,131.67,89.46
2023-12-27,S004,P0175,Electronics,South,91,94.05,89.3
2023-12-28,S004,P0175,Electronics,South,146,187.07,111.98
2023-12-29,S004,P0175,Electronics,West,48,49.65,72.87
2023-12-30,S004,P0175,Electronics,North,87,80.63,69.37
2023-12-31,S004,P0175,Electronics,West,104,101.88,70.29
2023-10-01,S004,P0178,Clothing,South,28,33.73,91.89
2023-10-02,S004,P0178,Clothing,West,68,90.15,89.62
2023-10-03,S004,P0178,Clothing,West,157,192.22,89.63
2023-10-04,S004,P0178,Clothing,South,65,71.41,90.19
2023-10-05,S004,P0178,Clothing,West,67,70.8,90.27
2023-10-06,S004,P0178,Clothing,East,188,193.95,109.36
2023-10-07,S004,P0178,Clothing,West,92,86.15,89.42
2023-10-08,S004,P0178,Clothing,East,90,84.99,90.33
2023-10-09,S004,P0178,Clothing,West,54,74.34,90.1
2023-10-10,S004,P0178,Clothing,East,41,59.68,89.61
2023-10-11,S004,P0178,Clothing,East,84,116.66,90.26
2023-10-12,S004,P0178,Clothing,West,16,20.37,91.7
2023-10-13,S004,P0178,Clothing,West,64,67.77,90.26
2023-10-14,S004,P0178,Clothing,West,105,111.67,106.7
2023-10-15,S004,P0178,Clothing,East,62,79.69,88.9
2023-10-16,S004,P0178,Clothing,North,132,129.0,91.24
2023-10-17,S004,P0178,Clothing,East,106,99.36,109.59
2023-10-18,S004,P0178,Clothing,West,29,41.76,90.5
2023-10-19,S004,P0178,Clothing,East,59,75.3,90.62
2023-10-20,S004,P0178,Clothing,North,63,79.02,90.58
2023-10-21,S004,P0178,Clothing,South,56,70.41,90.2
2023-10-22,S004,P0178,Clothing,North,70,81.44,89.31
2023-10-23,S004,P0178,Clothing,North,145,158.13,91.41
2023-10-24,S004,P0178,Clothing,East,92,102.88,90.68
2023-10-25,S004,P0178,Clothing,North,44,61.88,90.83
2023-10-26,S004,P0178,Clothing,East,86,91.15,91.39
2023-10-27,S004,P0178,Clothing,North,100,107.56,108.87
2023-10-28,S004,P0178,Clothing,East,33,35.63,89.86
2023-10-29,S004,P0178,Clothing,West,82,84.27,89.84
2023-10-30,S004,P0178,Clothing,South,63,85.04,89.86
2023-10-31,S004,P0178,Clothing,North,112,157.98,91.03
2023-11-01,S004,P0178,Clothing,East,124,116.48,126.69
2023-11-02,S004,P0178,Clothing,East,165,156.69,123.91
2023-11-03,S004,P0178,Clothing,North,192,177.38,129.31
2023-11-04,S004,P0178,Clothing,South,103,94.2,127.79
2023-11-05,S004,P0178,Clothing,West,207,190.71,128.52
2023-11-06,S004,P0178,Clothing,South,163,213.0,118.22
2023-11-07,S004,P0178,Clothing,East,103,122.94,125.9
2023-11-08,S004,P0178,Clothing,West,152,142.83,159.66
2023-11-09,S004,P0178,Clothing,East,51,51.38,120.27
2023-11-10,S004,P0178,Clothing,West,180,167.72,127.76
2023-11-11,S004,P0178,Clothing,South,154,159.91,125.04
2023-11-12,S004,P0178,Clothing,East,98,124.46,122.61
2023-11-13,S004,P0178,Clothing,North,148,186.02,123.09
2023-11-14,S004,P0178,Clothing,North,228,216.35,129.58
2023-11-15,S004,P0178,Clothing,East,88,101.47,123.28
2023-11-16,S004,P0178,Clothing,North,182,187.29,124.92
2023-11-17,S004,P0178,Clothing,West,130,152.3,126.08
2023-11-18,S004,P0178,Clothing,West,156,194.8,121.27
2023-11-19,S004,P0178,Clothing,West,193,206.09,139.37
2023-11-20,S004,P0178,Clothing,South,93,104.26,126.53
2023-11-21,S004,P0178,Clothing,West,86,110.25,125.78
2023-11-22,S004,P0178,Clothing,South,121,154.31,121.81
2023-11-23,S004,P0178,Clothing,East,195,204.14,165.91
2023-11-24,S004,P0178,Clothing,West,36,34.07,127.73
2023-11-25,S004,P0178,Clothing,North,78,85.7,151.42
2023-11-26,S004,P0178,Clothing,West,134,150.77,119.99
2023-11-27,S004,P0178,Clothing,South,125,173.35,124.34
2023-11-28,S004,P0178,Clothing,North,199,205.44,134.61
2023-11-29,S004,P0178,Clothing,East,98,139.47,126.22
2023-11-30,S004,P0178,Clothing,North,138,131.17,125.44
2023-12-01,S004,P0178,Clothing,South,44,58.41,120.49
2023-12-02,S004,P0178,Clothing,North,211,197.16,136.4
2023-12-03,S004,P0178,Clothing,North,165,167.6,124.61
2023-12-04,S004,P0178,Clothing,West,148,139.36,123.33
2023-12-05,S004,P0178,Clothing,West,101,100.97,120.16
2023-12-06,S004,P0178,Clothing,West,122,128.68,122.69
2023-12-07,S004,P0178,Clothing,North,138,172.77,152.06
2023-12-08,S004,P0178,Clothing,North,226,229.45,125.01
2023-12-09,S004,P0178,Clothing,North,166,178.35,122.9
2023-12-10,S004,P0178,Clothing,South,172,172.53,122.68
2023-12-11,S004,P0178,Clothing,South,81,79.17,157.18
2023-12-12,S004,P0178,Clothing,West,156,176.82,119.43
2023-12-13,S004,P0178,Clothing,West,151,198.44,116.15
2023-12-14,S004,P0178,Clothing,North,261,277.32,154.7
2023-12-15,S004,P0178,Clothing,West,73,82.36,150.97
2023-12-16,S004,P0178,Clothing,West,127,171.01,128.8
2023-12-17,S004,P0178,Clothing,North,115,125.99,127.58
2023-12-18,S004,P0178,Clothing,South,94,134.25,124.83
2023-12-19,S004,P0178,Clothing,West,97,131.04,124.67
2023-12-20,S004,P0178,Clothing,West,142,195.98,145.03
2023-12-21,S004,P0178,Clothing,West,147,144.05,153.01
2023-12-22,S004,P0178,Clothing,South,136,152.77,127.89
2023-12-23,S004,P0178,Clothing,West,79,77.51,120.88
2023-12-24,S004,P0178,Clothing,North,130,168.85,144.59
2023-12-25,S004,P0178,Clothing,East,91,121.25,133.6
2023-12-26,S004,P0178,Clothing,North,187,184.37,127.89
2023-12-27,S004,P0178,Clothing,North,87,112.79,122.97
2023-12-28,S004,P0178,Clothing,West,135,144.37,126.94
2023-12-29,S004,P0178,Clothing,West,194,189.38,124.46
2023-12-30,S004,P0178,Clothing,East,101,113.78,124.85
2023-12-31,S004,P0178,Clothing,North,105,132.63,123.55
2023-10-01,S004,P0183,Electronics,North,165,190.75,108.6
2023-10-02,S004,P0183,Electronics,East,108,136.88,91.05
2023-10-03,S004,P0183,Electronics,North,55,55.16,89.75
2023-10-04,S004,P0183,Electronics,North,135,147.29,111.11
2023-10-05,S004,P0183,Electronics,South,117,135.25,91.3
2023-10-06,S004,P0183,Electronics,East,49,55.86,87.98
2023-10-07,S004,P0183,Electronics,East,96,99.6,90.15
2023-10-08,S004,P0183,Electronics,North,79,98.38,89.34
2023-10-09,S004,P0183,Electronics,South,101,135.33,91.54
2023-10-10,S004,P0183,Electronics,North,48,59.5,72.18
2023-10-11,S004,P0183,Electronics,West,30,40.99,71.66
2023-10-12,S004,P0183,Electronics,East,80,112.81,88.72
2023-10-13,S004,P0183,Electronics,West,61,62.76,88.21
2023-10-14,S004,P0183,Electronics,North,89,101.64,88.78
2023-10-15,S004,P0183,Electronics,East,73,86.08,88.94
2023-10-16,S004,P0183,Electronics,South,37,46.97,71.84
2023-10-17,S004,P0183,Electronics,East,130,132.97,91.64
2023-10-18,S004,P0183,Electronics,West,77,75.78,71.62
2023-10-19,S004,P0183,Electronics,East,87,121.2,102.4
2023-10-20,S004,P0183,Electronics,North,69,91.97,93.03
2023-10-21,S004,P0183,Electronics,South,59,54.95,70.53
2023-10-22,S004,P0183,Electronics,South,63,85.74,91.34
2023-10-23,S004,P0183,Electronics,North,50,67.73,92.89
2023-10-24,S004,P0183,Electronics,South,124,139.37,89.39
2023-10-25,S004,P0183,Electronics,North,91,124.49,91.05
2023-10-26,S004,P0183,Electronics,North,137,141.29,110.87
2023-10-27,S004,P0183,Electronics,East,101,109.64,84.17
2023-10-28,S004,P0183,Electronics,South,87,109.46,91.39
2023-10-29,S004,P0183,Electronics,East,154,170.3,90.02
2023-10-30,S004,P0183,Electronics,South,111,114.91,106.71
2023-10-31,S004,P0183,Electronics,North,98,91.71,90.44
2023-11-01,S004,P0183,Electronics,North,96,109.52,90.13
2023-11-02,S004,P0183,Electronics,West,53,59.36,70.85
2023-11-03,S004,P0183,Electronics,West,132,126.92,88.85
2023-11-04,S004,P0183,Electronics,North,47,48.73,88.28
2023-11-05,S004,P0183,Electronics,East,112,118.42,89.89
2023-11-06,S004,P0183,Electronics,East,162,149.21,109.39
2023-11-07,S004,P0183,Electronics,South,62,76.27,108.04
2023-11-08,S004,P0183,Electronics,South,146,145.05,90.46
2023-11-09,S004,P0183,Electronics,South,52,55.55,90.81
2023-11-10,S004,P0183,Electronics,South,135,125.99,108.61
2023-11-11,S004,P0183,Electronics,South,142,184.76,113.74
2023-11-12,S004,P0183,Electronics,West,105,129.72,110.1
2023-11-13,S004,P0183,Electronics,East,137,151.96,81.8
2023-11-14,S004,P0183,Electronics,East,44,52.81,69.76
2023-11-15,S004,P0183,Electronics,East,135,147.22,90.14
2023-11-16,S004,P0183,Electronics,East,47,47.47,72.14
2023-11-17,S004,P0183,Electronics,East,56,70.03,69.93
2023-11-18,S004,P0183,Electronics,East,66,93.06,90.22
2023-11-19,S004,P0183,Electronics,South,43,50.98,89.91
2023-11-20,S004,P0183,Electronics,North,64,78.1,71.41
2023-11-21,S004,P0183,Electronics,South,77,100.69,90.54
2023-11-22,S004,P0183,Electronics,North,95,109.07,89.9
2023-11-23,S004,P0183,Electronics,South,89,102.62,70.68
2023-11-24,S004,P0183,Electronics,North,42,56.69,89.56
2023-11-25,S004,P0183,Electronics,South,116,133.29,89.99
2023-11-26,S004,P0183,Electronics,West,68,92.24,90.06
2023-11-27,S004,P0183,Electronics,East,119,161.17,89.83
2023-11-28,S004,P0183,Electronics,North,43,62.16,90.1
2023-11-29,S004,P0183,Electronics,North,74,105.7,71.59
2023-11-30,S004,P0183,Electronics,South,57,64.38,89.72
2023-12-01,S004,P0183,Electronics,South,51,66.48,89.2
2023-12-02,S004,P0183,Electronics,West,75,93.75,89.45
2023-12-03,S004,P0183,Electronics,West,54,73.77,73.25
2023-12-04,S004,P0183,Electronics,East,101,143.86,88.8
2023-12-05,S004,P0183,Electronics,West,73,87.15,88.27
2023-12-06,S004,P0183,Electronics,South,127,123.5,87.94
2023-12-07,S004,P0183,Electronics,North,85,90.0,89.27
2023-12-08,S004,P0183,Electronics,West,65,91.28,88.99
2023-12-09,S004,P0183,Electronics,East,44,44.74,90.67
2023-12-10,S004,P0183,Electronics,West,59,58.35,71.96
2023-12-11,S004,P0183,Electronics,North,86,97.66,88.97
2023-12-12,S004,P0183,Electronics,West,86,122.95,90.06
2023-12-13,S004,P0183,Electronics,East,34,48.07,79.74
2023-12-14,S004,P0183,Electronics,South,63,74.12,70.91
2023-12-15,S004,P0183,Electronics,East,108,118.32,88.62
2023-12-16,S004,P0183,Electronics,West,70,66.33,90.76
2023-12-17,S004,P0183,Electronics,West,54,74.74,71.36
2023-12-18,S004,P0183,Electronics,West,23,25.53,88.96
2023-12-19,S004,P0183,Electronics,West,86,93.57,88.39
2023-12-20,S004,P0183,Electronics,West,115,108.96,89.19
2023-12-21,S004,P0183,Electronics,North,57,73.04,73.43
2023-12-22,S004,P0183,Electronics,West,134,153.38,109.9
2023-12-23,S004,P0183,Electronics,West,92,88.98,69.06
2023-12-24,S004,P0183,Electronics,West,97,98.42,89.58
2023-12-25,S004,P0183,Electronics,North,89,106.99,90.11
2023-12-26,S004,P0183,Electronics,East,113,116.32,89.86
2023-12-27,S004,P0183,Electronics,South,54,57.85,89.84
2023-12-28,S004,P0183,Electronics,East,117,127.8,88.96
2023-12-29,S004,P0183,Electronics,East,107,104.56,89.44
2023-12-30,S004,P0183,Electronics,East,182,170.78,112.19
2023-12-31,S004,P0183,Electronics,West,95,121.01,71.85
2023-10-01,S004,P0187,Clothing,North,62,63.84,90.71
2023-10-02,S004,P0187,Clothing,East,107,135.05,90.4
2023-10-03,S004,P0187,Clothing,West,77,81.42,90.27
2023-10-04,S004,P0187,Clothing,West,75,86.83,89.94
2023-10-05,S004,P0187,Clothing,North,48,51.39,90.64
2023-10-06,S004,P0187,Clothing,South,121,145.28,90.52
2023-10-07,S004,P0187,Clothing,East,81,81.83,89.98
2023-10-08,S004,P0187,Clothing,West,76,89.47,90.8
2023-10-09,S004,P0187,Clothing,South,133,138.06,90.49
2023-10-10,S004,P0187,Clothing,South,125,139.35,90.43
2023-10-11,S004,P0187,Clothing,North,81,95.72,90.43
2023-10-12,S004,P0187,Clothing,South,128,130.46,89.97
2023-10-13,S004,P0187,Clothing,West,112,102.98,90.67
2023-10-14,S004,P0187,Clothing,North,71,80.25,88.38
2023-10-15,S004,P0187,Clothing,South,76,100.04,89.83
2023-10-16,S004,P0187,Clothing,East,75,70.7,89.85
2023-10-17,S004,P0187,Clothing,West,44,44.18,89.72
2023-10-18,S004,P0187,Clothing,East,65,80.72,90.16
2023-10-19,S004,P0187,Clothing,South,71,93.35,89.99
2023-10-20,S004,P0187,Clothing,East,100,113.11,104.36
2023-10-21,S004,P0187,Clothing,West,139,129.77,105.73
2023-10-22,S004,P0187,Clothing,East,43,57.14,90.7
2023-10-23,S004,P0187,Clothing,North,98,106.37,90.6
2023-10-24,S004,P0187,Clothing,South,73,105.67,89.29
2023-10-25,S004,P0187,Clothing,North,103,125.21,89.76
2023-10-26,S004,P0187,Clothing,East,109,152.18,89.52
2023-10-27,S004,P0187,Clothing,North,73,103.92,89.79
2023-10-28,S004,P0187,Clothing,East,65,60.09,89.98
2023-10-29,S004,P0187,Clothing,West,73,96.72,90.77
2023-10-30,S004,P0187,Clothing,East,140,140.03,90.34
2023-10-31,S004,P0187,Clothing,North,93,91.55,90.3
2023-11-01,S004,P0187,Clothing,West,242,280.77,163.31
2023-11-02,S004,P0187,Clothing,South,114,133.28,143.31
2023-11-03,S004,P0187,Clothing,South,134,174.33,124.18
2023-11-04,S004,P0187,Clothing,North,152,157.54,126.52
2023-11-05,S004,P0187,Clothing,East,309,329.83,144.47
2023-11-06,S004,P0187,Clothing,North,124,141.53,121.74
2023-11-07,S004,P0187,Clothing,South,165,198.25,124.43
2023-11-08,S004,P0187,Clothing,West,110,155.39,132.72
2023-11-09,S004,P0187,Clothing,South,170,159.98,127.12
2023-11-10,S004,P0187,Clothing,North,181,173.25,121.29
2023-11-11,S004,P0187,Clothing,West,209,210.56,157.15
2023-11-12,S004,P0187,Clothing,West,136,131.37,113.5
2023-11-13,S004,P0187,Clothing,East,104,130.98,122.19
2023-11-14,S004,P0187,Clothing,West,144,141.82,122.16
2023-11-15,S004,P0187,Clothing,South,111,125.22,123.24
2023-11-16,S004,P0187,Clothing,East,240,244.01,145.19
2023-11-17,S004,P0187,Clothing,North,198,189.45,121.69
2023-11-18,S004,P0187,Clothing,East,168,154.88,126.07
2023-11-19,S004,P0187,Clothing,West,103,126.7,122.94
2023-11-20,S004,P0187,Clothing,West,131,166.1,153.88
2023-11-21,S004,P0187,Clothing,East,145,148.19,126.32
2023-11-22,S004,P0187,Clothing,South,119,127.08,156.66
2023-11-23,S004,P0187,Clothing,North,92,129.42,127.89
2023-11-24,S004,P0187,Clothing,West,76,106.29,126.61
2023-11-25,S004,P0187,Clothing,South,151,149.49,132.44
2023-11-26,S004,P0187,Clothing,East,128,156.99,147.06
2023-11-27,S004,P0187,Clothing,North,100,122.78,125.66
2023-11-28,S004,P0187,Clothing,South,167,205.21,138.13
2023-11-29,S004,P0187,Clothing,East,164,171.01,124.44
2023-11-30,S004,P0187,Clothing,East,98,105.65,124.98
2023-12-01,S004,P0187,Clothing,West,81,81.72,123.54
2023-12-02,S004,P0187,Clothing,West,88,101.13,123.01
2023-12-03,S004,P0187,Clothing,South,168,177.98,127.87
2023-12-04,S004,P0187,Clothing,West,168,160.24,122.33
2023-12-05,S004,P0187,Clothing,West,121,146.25,123.22
2023-12-06,S004,P0187,Clothing,North,71,70.83,130.87
2023-12-07,S004,P0187,Clothing,South,185,246.19,154.96
2023-12-08,S004,P0187,Clothing,West,189,256.16,120.35
2023-12-09,S004,P0187,Clothing,East,234,216.14,126.71
2023-12-10,S004,P0187,Clothing,North,112,145.37,122.96
2023-12-11,S004,P0187,Clothing,South,128,131.65,121.34
2023-12-12,S004,P0187,Clothing,South,141,150.59,124.98
2023-12-13,S004,P0187,Clothing,East,108,108.73,127.41
2023-12-14,S004,P0187,Clothing,North,118,139.77,127.49
2023-12-15,S004,P0187,Clothing,East,144,144.76,126.0
2023-12-16,S004,P0187,Clothing,North,105,105.56,124.47
2023-12-17,S004,P0187,Clothing,North,93,128.58,127.26
2023-12-18,S004,P0187,Clothing,North,142,139.56,126.1
2023-12-19,S004,P0187,Clothing,North,181,196.6,123.87
2023-12-20,S004,P0187,Clothing,North,170,184.77,160.09
2023-12-21,S004,P0187,Clothing,North,206,242.01,131.54
2023-12-22,S004,P0187,Clothing,East,74,88.58,125.76
2023-12-23,S004,P0187,Clothing,South,196,190.92,147.7
2023-12-24,S004,P0187,Clothing,North,29,39.95,126.21
2023-12-25,S004,P0187,Clothing,South,64,86.07,127.57
2023-12-26,S004,P0187,Clothing,North,118,144.31,127.38
2023-12-27,S004,P0187,Clothing,East,98,119.64,157.53
2023-12-28,S004,P0187,Clothing,West,77,102.35,120.18
2023-12-29,S004,P0187,Clothing,South,132,143.92,124.99
2023-12-30,S004,P0187,Clothing,West,121,158.01,122.42
2023-12-31,S004,P0187,Clothing,South,119,121.46,119.98
2023-10-01,S005,P0016,Clothing,North,84,85.35,90.06
2023-10-02,S005,P0016,Clothing,North,68,82.97,90.59
2023-10-03,S005,P0016,Clothing,East,59,67.4,90.31
2023-10-04,S005,P0016,Clothing,North,72,94.7,110.88
2023-10-05,S005,P0016,Clothing,East,111,126.12,89.58
2023-10-06,S005,P0016,Clothing,North,39,53.94,90.36
2023-10-07,S005,P0016,Clothing,West,83,103.91,89.96
2023-10-08,S005,P0016,Clothing,South,13,15.85,106.94
2023-10-09,S005,P0016,Clothing,South,63,63.56,90.29
2023-10-10,S005,P0016,Clothing,North,118,130.62,90.88
2023-10-11,S005,P0016,Clothing,West,68,81.86,90.17
2023-10-12,S005,P0016,Clothing,West,174,172.88,108.24
2023-10-13,S005,P0016,Clothing,South,103,109.11,90.35
2023-10-14,S005,P0016,Clothing,West,90,126.66,90.67
2023-10-15,S005,P0016,Clothing,East,68,91.98,90.1
2023-10-16,S005,P0016,Clothing,West,67,71.18,89.93
2023-10-17,S005,P0016,Clothing,North,119,116.9,104.15
2023-10-18,S005,P0016,Clothing,South,85,107.53,89.4
2023-10-19,S005,P0016,Clothing,South,139,174.22,89.44
2023-10-20,S005,P0016,Clothing,North,86,120.92,90.02
2023-10-21,S005,P0016,Clothing,South,136,150.21,89.29
2023-10-22,S005,P0016,Clothing,West,141,145.86,89.38
2023-10-23,S005,P0016,Clothing,North,120,148.99,90.58
2023-10-24,S005,P0016,Clothing,North,146,145.98,85.44
2023-10-25,S005,P0016,Clothing,North,71,69.53,76.74
2023-10-26,S005,P0016,Clothing,West,117,132.19,89.29
2023-10-27,S005,P0016,Clothing,South,88,89.58,92.03
2023-10-28,S005,P0016,Clothing,West,65,81.81,88.69
2023-10-29,S005,P0016,Clothing,West,119,141.08,87.97
2023-10-30,S005,P0016,Clothing,West,128,144.89,89.86
2023-10-31,S005,P0016,Clothing,East,153,139.26,108.49
2023-11-01,S005,P0016,Clothing,North,32,35.04,128.14
2023-11-02,S005,P0016,Clothing,South,139,137.32,124.48
2023-11-03,S005,P0016,Clothing,South,67,86.7,120.35
2023-11-04,S005,P0016,Clothing,East,144,172.83,133.28
2023-11-05,S005,P0016,Clothing,South,118,164.52,127.69
2023-11-06,S005,P0016,Clothing,North,144,135.65,133.21
2023-11-07,S005,P0016,Clothing,West,97,110.38,132.15
2023-11-08,S005,P0016,Clothing,East,179,217.11,124.51
2023-11-09,S005,P0016,Clothing,West,55,58.06,125.38
2023-11-10,S005,P0016,Clothing,South,93,102.98,136.39
2023-11-11,S005,P0016,Clothing,East,89,113.96,127.67
2023-11-12,S005,P0016,Clothing,East,202,189.26,144.88
2023-11-13,S005,P0016,Clothing,North,128,163.32,127.35
2023-11-14,S005,P0016,Clothing,East,205,189.9,124.83
2023-11-15,S005,P0016,Clothing,West,135,163.58,129.06
2023-11-16,S005,P0016,Clothing,South,147,190.78,150.44
2023-11-17,S005,P0016,Clothing,West,116,137.07,125.96
2023-11-18,S005,P0016,Clothing,North,202,205.92,152.08
2023-11-19,S005,P0016,Clothing,East,154,150.47,144.25
2023-11-20,S005,P0016,Clothing,North,105,134.65,123.05
2023-11-21,S005,P0016,Clothing,South,141,148.45,125.32
2023-11-22,S005,P0016,Clothing,East,228,229.16,155.01
2023-11-23,S005,P0016,Clothing,East,189,215.45,155.11
2023-11-24,S005,P0016,Clothing,North,121,129.93,124.53
2023-11-25,S005,P0016,Clothing,West,222,210.36,121.84
2023-11-26,S005,P0016,Clothing,West,131,176.87,119.54
2023-11-27,S005,P0016,Clothing,East,174,174.06,124.38
2023-11-28,S005,P0016,Clothing,South,102,108.77,109.46
2023-11-29,S005,P0016,Clothing,West,129,142.51,122.12
2023-11-30,S005,P0016,Clothing,North,162,190.06,122.75
2023-12-01,S005,P0016,Clothing,South,201,203.95,122.64
2023-12-02,S005,P0016,Clothing,South,70,92.7,124.44
2023-12-03,S005,P0016,Clothing,North,234,218.95,123.5
2023-12-04,S005,P0016,Clothing,North,132,130.5,122.47
2023-12-05,S005,P0016,Clothing,West,110,111.2,124.64
2023-12-06,S005,P0016,Clothing,East,111,121.75,121.49
2023-12-07,S005,P0016,Clothing,South,120,145.01,121.51
2023-12-08,S005,P0016,Clothing,East,134,134.29,122.8
2023-12-09,S005,P0016,Clothing,East,220,201.3,122.54
2023-12-10,S005,P0016,Clothing,South,142,159.85,124.33
2023-12-11,S005,P0016,Clothing,West,132,121.84,150.65
2023-12-12,S005,P0016,Clothing,East,118,156.34,127.75
2023-12-13,S005,P0016,Clothing,North,60,70.03,125.57
2023-12-14,S005,P0016,Clothing,West,92,124.16,124.21
2023-12-15,S005,P0016,Clothing,South,137,157.92,124.61
2023-12-16,S005,P0016,Clothing,East,174,161.62,151.56
2023-12-17,S005,P0016,Clothing,North,161,176.4,126.83
2023-12-18,S005,P0016,Clothing,South,80,110.64,118.19
2023-12-19,S005,P0016,Clothing,South,231,247.83,148.31
2023-12-20,S005,P0016,Clothing,West,129,128.88,123.7
2023-12-21,S005,P0016,Clothing,South,93,102.26,125.04
2023-12-22,S005,P0016,Clothing,North,130,152.87,160.49
2023-12-23,S005,P0016,Clothing,South,119,136.79,126.03
2023-12-24,S005,P0016,Clothing,North,102,135.77,124.81
2023-12-25,S005,P0016,Clothing,North,187,173.14,130.26
2023-12-26,S005,P0016,Clothing,West,139,156.49,123.13
2023-12-27,S005,P0016,Clothing,South,151,196.76,122.53
2023-12-28,S005,P0016,Clothing,West,127,125.0,124.67
2023-12-29,S005,P0016,Clothing,East,146,134.05,123.14
2023-12-30,S005,P0016,Clothing,East,134,139.78,124.7
2023-12-31,S005,P0016,Clothing,South,184,198.31,124.56
2023-10-01,S005,P0017,Toys,North,115,115.4,89.97
2023-10-02,S005,P0017,Toys,North,115,133.7,106.06
2023-10-03,S005,P0017,Toys,North,96,127.87,90.72
2023-10-04,S005,P0017,Toys,South,133,123.6,91.73
2023-10-05,S005,P0017,Toys,North,139,154.15,103.29
2023-10-06,S005,P0017,Toys,West,91,95.89,83.72
2023-10-07,S005,P0017,Toys,West,71,74.43,89.07
2023-10-08,S005,P0017,Toys,East,69,73.82,91.61
2023-10-09,S005,P0017,Toys,West,117,117.38,106.85
2023-10-10,S005,P0017,Toys,West,82,101.6,89.49
2023-10-11,S005,P0017,Toys,East,147,183.56,89.19
2023-10-12,S005,P0017,Toys,South,126,122.84,89.21
2023-10-13,S005,P0017,Toys,West,99,115.61,89.25
2023-10-14,S005,P0017,Toys,South,128,127.65,90.11
2023-10-15,S005,P0017,Toys,West,75,74.22,87.83
2023-10-16,S005,P0017,Toys,South,60,76.32,89.08
2023-10-17,S005,P0017,Toys,North,114,138.45,88.93
2023-10-18,S005,P0017,Toys,West,37,45.18,88.59
2023-10-19,S005,P0017,Toys,South,78,83.04,90.7
2023-10-20,S005,P0017,Toys,West,89,102.37,90.22
2023-10-21,S005,P0017,Toys,East,133,160.26,112.24
2023-10-22,S005,P0017,Toys,East,44,40.47,90.81
2023-10-23,S005,P0017,Toys,West,139,134.88,110.92
2023-10-24,S005,P0017,Toys,East,93,94.59,90.72
2023-10-25,S005,P0017,Toys,West,88,94.14,90.07
2023-10-26,S005,P0017,Toys,North,75,70.59,109.35
2023-10-27,S005,P0017,Toys,West,63,87.37,90.59
2023-10-28,S005,P0017,Toys,South,71,102.0,90.89
2023-10-29,S005,P0017,Toys,East,88,116.33,90.25
2023-10-30,S005,P0017,Toys,South,67,89.21,90.23
2023-10-31,S005,P0017,Toys,South,82,96.96,91.05
2023-11-01,S005,P0017,Toys,East,136,134.51,89.85
2023-11-02,S005,P0017,Toys,West,45,42.01,91.0
2023-11-03,S005,P0017,Toys,North,4,6.23,88.41
2023-11-04,S005,P0017,Toys,South,71,80.86,88.75
2023-11-05,S005,P0017,Toys,North,87,123.18,88.42
2023-11-06,S005,P0017,Toys,West,85,93.01,92.36
2023-11-07,S005,P0017,Toys,East,101,129.19,89.57
2023-11-08,S005,P0017,Toys,North,159,155.15,89.09
2023-11-09,S005,P0017,Toys,South,104,121.03,90.47
2023-11-10,S005,P0017,Toys,South,91,94.82,88.19
2023-11-11,S005,P0017,Toys,West,194,207.64,113.46
2023-11-12,S005,P0017,Toys,North,41,41.45,84.1
2023-11-13,S005,P0017,Toys,East,102,121.49,81.45
2023-11-14,S005,P0017,Toys,South,86,93.56,91.75
2023-11-15,S005,P0017,Toys,North,86,102.75,91.61
2023-11-16,S005,P0017,Toys,West,87,99.29,88.02
2023-11-17,S005,P0017,Toys,North,153,153.82,86.91
2023-11-18,S005,P0017,Toys,East,146,197.13,90.45
2023-11-19,S005,P0017,Toys,North,159,160.86,110.17
2023-11-20,S005,P0017,Toys,South,41,57.8,92.5
2023-11-21,S005,P0017,Toys,North,112,136.42,93.94
2023-11-22,S005,P0017,Toys,North,135,125.28,90.8
2023-11-23,S005,P0017,Toys,East,34,36.21,92.59
2023-11-24,S005,P0017,Toys,East,111,138.18,91.43
2023-11-25,S005,P0017,Toys,North,105,101.39,88.34
2023-11-26,S005,P0017,Toys,North,121,131.36,93.2
2023-11-27,S005,P0017,Toys,South,0,0.0,94.56
2023-11-28,S005,P0017,Toys,South,160,152.82,110.21
2023-11-29,S005,P0017,Toys,North,100,120.74,91.05
2023-11-30,S005,P0017,Toys,South,141,134.39,90.49
2023-12-01,S005,P0017,Toys,East,101,117.04,87.42
2023-12-02,S005,P0017,Toys,South,70,98.03,87.03
2023-12-03,S005,P0017,Toys,South,82,75.56,89.08
2023-12-04,S005,P0017,Toys,North,93,129.76,89.54
2023-12-05,S005,P0017,Toys,North,108,125.46,91.75
2023-12-06,S005,P0017,Toys,West,79,109.74,89.5
2023-12-07,S005,P0017,Toys,South,92,131.71,90.58
2023-12-08,S005,P0017,Toys,East,115,121.53,87.74
2023-12-09,S005,P0017,Toys,South,124,146.32,87.32
2023-12-10,S005,P0017,Toys,East,72,78.46,89.37
2023-12-11,S005,P0017,Toys,East,103,130.88,90.18
2023-12-12,S005,P0017,Toys,South,107,104.45,90.53
2023-12-13,S005,P0017,Toys,South,43,60.92,89.87
2023-12-14,S005,P0017,Toys,West,84,77.79,93.11
2023-12-15,S005,P0017,Toys,East,93,121.91,88.0
2023-12-16,S005,P0017,Toys,East,59,59.4,87.53
2023-12-17,S005,P0017,Toys,East,97,108.49,90.19
2023-12-18,S005,P0017,Toys,East,162,202.86,89.1
2023-12-19,S005,P0017,Toys,South,56,78.96,89.29
2023-12-20,S005,P0017,Toys,West,132,187.57,106.08
2023-12-21,S005,P0017,Toys,West,47,54.76,88.77
2023-12-22,S005,P0017,Toys,South,85,104.37,88.71
2023-12-23,S005,P0017,Toys,West,129,118.99,89.65
2023-12-24,S005,P0017,Toys,South,48,51.41,87.23
2023-12-25,S005,P0017,Toys,West,69,87.77,91.88
2023-12-26,S005,P0017,Toys,South,115,135.97,93.37
2023-12-27,S005,P0017,Toys,North,48,45.95,94.17
2023-12-28,S005,P0017,Toys,South,86,113.99,88.84
2023-12-29,S005,P0017,Toys,East,99,110.66,88.0
2023-12-30,S005,P0017,Toys,North,74,67.63,87.3
2023-12-31,S005,P0017,Toys,South,83,83.61,89.37
2023-10-01,S005,P0031,Electronics,West,157,159.62,89.27
2023-10-02,S005,P0031,Electronics,South,96,100.4,88.78
2023-10-03,S005,P0031,Electronics,East,101,126.73,84.79
2023-10-04,S005,P0031,Electronics,East,49,53.58,87.9
2023-10-05,S005,P0031,Electronics,West,141,173.44,107.65
2023-10-06,S005,P0031,Electronics,West,90,128.77,73.68
2023-10-07,S005,P0031,Electronics,South,73,76.59,85.58
2023-10-08,S005,P0031,Electronics,West,210,199.63,113.28
2023-10-09,S005,P0031,Electronics,North,71,95.19,88.39
2023-10-10,S005,P0031,Electronics,South,74,90.03,73.0
2023-10-11,S005,P0031,Electronics,West,103,96.05,69.61
2023-10-12,S005,P0031,Electronics,North,84,101.77,89.94
2023-10-13,S005,P0031,Electronics,West,93,116.8,89.11
2023-10-14,S005,P0031,Electronics,South,80,100.28,88.84
2023-10-15,S005,P0031,Electronics,East,131,125.3,86.08
2023-10-16,S005,P0031,Electronics,West,92,129.9,89.46
2023-10-17,S005,P0031,Electronics,South,31,36.0,106.64
2023-10-18,S005,P0031,Electronics,West,57,72.51,90.32
2023-10-19,S005,P0031,Electronics,South,51,67.56,90.61
2023-10-20,S005,P0031,Electronics,North,172,166.35,90.71
2023-10-21,S005,P0031,Electronics,West,82,113.88,89.59
2023-10-22,S005,P0031,Electronics,West,60,68.28,89.36
2023-10-23,S005,P0031,Electronics,North,99,122.67,73.16
2023-10-24,S005,P0031,Electronics,East,135,145.52,109.59
2023-10-25,S005,P0031,Electronics,North,133,129.24,90.44
2023-10-26,S005,P0031,Electronics,West,123,125.01,91.4
2023-10-27,S005,P0031,Electronics,West,62,83.02,74.16
2023-10-28,S005,P0031,Electronics,West,70,88.26,71.63
2023-10-29,S005,P0031,Electronics,North,53,66.61,71.13
2023-10-30,S005,P0031,Electronics,North,55,68.37,89.86
2023-10-31,S005,P0031,Electronics,East,69,68.05,89.33
2023-11-01,S005,P0031,Electronics,West,104,125.7,74.15
2023-11-02,S005,P0031,Electronics,West,75,84.8,73.16
2023-11-03,S005,P0031,Electronics,East,44,60.04,88.21
2023-11-04,S005,P0031,Electronics,West,55,64.65,92.6
2023-11-05,S005,P0031,Electronics,East,94,111.45,97.42
2023-11-06,S005,P0031,Electronics,North,98,107.73,89.54
2023-11-07,S005,P0031,Electronics,East,100,135.61,68.61
2023-11-08,S005,P0031,Electronics,East,76,87.76,71.64
2023-11-09,S005,P0031,Electronics,East,93,86.71,89.48
2023-11-10,S005,P0031,Electronics,North,89,106.58,90.42
2023-11-11,S005,P0031,Electronics,North,138,142.03,90.36
2023-11-12,S005,P0031,Electronics,East,69,77.55,93.59
2023-11-13,S005,P0031,Electronics,East,84,82.94,91.28
2023-11-14,S005,P0031,Electronics,East,67,79.68,72.66
2023-11-15,S005,P0031,Electronics,South,103,106.69,90.7
2023-11-16,S005,P0031,Electronics,West,96,118.05,89.97
2023-11-17,S005,P0031,Electronics,West,99,94.93,71.66
2023-11-18,S005,P0031,Electronics,North,118,129.7,90.11
2023-11-19,S005,P0031,Electronics,West,57,64.56,89.81
2023-11-20,S005,P0031,Electronics,East,135,127.2,109.68
2023-11-21,S005,P0031,Electronics,West,70,91.6,70.78
2023-11-22,S005,P0031,Electronics,East,132,130.35,89.57
2023-11-23,S005,P0031,Electronics,West,158,152.72,88.42
2023-11-24,S005,P0031,Electronics,South,82,97.15,88.54
2023-11-25,S005,P0031,Electronics,South,34,37.79,90.27
2023-11-26,S005,P0031,Electronics,South,112,123.98,73.56
2023-11-27,S005,P0031,Electronics,South,161,158.42,92.99
2023-11-28,S005,P0031,Electronics,North,58,73.99,72.52
2023-11-29,S005,P0031,Electronics,North,65,87.4,91.43
2023-11-30,S005,P0031,Electronics,North,93,127.29,93.32
2023-12-01,S005,P0031,Electronics,South,156,157.33,89.94
2023-12-02,S005,P0031,Electronics,North,102,118.63,89.05
2023-12-03,S005,P0031,Electronics,West,162,158.47,88.95
2023-12-04,S005,P0031,Electronics,South,85,102.16,92.58
2023-12-05,S005,P0031,Electronics,West,117,135.8,89.94
2023-12-06,S005,P0031,Electronics,West,38,51.9,88.55
2023-12-07,S005,P0031,Electronics,South,80,110.41,87.87
2023-12-08,S005,P0031,Electronics,West,159,152.06,111.53
2023-12-09,S005,P0031,Electronics,East,158,153.12,89.77
2023-12-10,S005,P0031,Electronics,West,96,88.68,89.65
2023-12-11,S005,P0031,Electronics,West,18,24.75,73.04
2023-12-12,S005,P0031,Electronics,West,37,45.3,73.5
2023-12-13,S005,P0031,Electronics,East,102,116.07,85.9
2023-12-14,S005,P0031,Electronics,East,60,60.73,89.4
2023-12-15,S005,P0031,Electronics,North,79,75.61,74.63
2023-12-16,S005,P0031,Electronics,South,29,28.77,88.56
2023-12-17,S005,P0031,Electronics,South,65,76.81,89.26
2023-12-18,S005,P0031,Electronics,East,93,107.92,89.01
2023-12-19,S005,P0031,Electronics,South,79,73.95,72.68
2023-12-20,S005,P0031,Electronics,South,47,63.85,91.26
2023-12-21,S005,P0031,Electronics,West,68,64.73,71.83
2023-12-22,S005,P0031,Electronics,East,82,96.94,88.18
2023-12-23,S005,P0031,Electronics,South,98,97.12,88.26
2023-12-24,S005,P0031,Electronics,South,63,82.05,76.54
2023-12-25,S005,P0031,Electronics,West,48,68.94,88.67
2023-12-26,S005,P0031,Electronics,South,89,104.22,88.46
2023-12-27,S005,P0031,Electronics,North,61,76.77,87.16
2023-12-28,S005,P0031,Electronics,South,83,103.17,109.43
2023-12-29,S005,P0031,Electronics,East,35,48.05,71.75
2023-12-30,S005,P0031,Electronics,West,95,121.99,70.47
2023-12-31,S005,P0031,Electronics,West,52,61.83,72.42
2023-10-01,S005,P0046,Clothing,West,44,59.04,86.57
2023-10-02,S005,P0046,Clothing,West,115,110.74,89.86
2023-10-03,S005,P0046,Clothing,East,57,75.21,107.82
2023-10-04,S005,P0046,Clothing,West,55,58.33,90.26
2023-10-05,S005,P0046,Clothing,East,65,92.73,91.41
2023-10-06,S005,P0046,Clothing,West,150,166.34,91.25
2023-10-07,S005,P0046,Clothing,West,72,76.15,90.4
2023-10-08,S005,P0046,Clothing,North,89,87.05,90.44
2023-10-09,S005,P0046,Clothing,East,89,100.72,94.58
2023-10-10,S005,P0046,Clothing,North,105,111.44,91.52
2023-10-11,S005,P0046,Clothing,South,154,147.01,92.69
2023-10-12,S005,P0046,Clothing,North,39,43.32,91.23
2023-10-13,S005,P0046,Clothing,South,85,120.52,91.02
2023-10-14,S005,P0046,Clothing,South,54,73.9,107.65
2023-10-15,S005,P0046,Clothing,East,33,39.4,91.16
2023-10-16,S005,P0046,Clothing,West,98,90.02,90.51
2023-10-17,S005,P0046,Clothing,West,98,119.75,91.29
2023-10-18,S005,P0046,Clothing,South,93,113.59,112.35
2023-10-19,S005,P0046,Clothing,West,102,99.37,91.04
2023-10-20,S005,P0046,Clothing,East,120,120.01,91.18
2023-10-21,S005,P0046,Clothing,North,120,113.94,91.19
2023-10-22,S005,P0046,Clothing,South,102,105.99,90.12
2023-10-23,S005,P0046,Clothing,North,57,71.1,108.96
2023-10-24,S005,P0046,Clothing,North,111,121.82,90.74
2023-10-25,S005,P0046,Clothing,South,62,76.91,90.96
2023-10-26,S005,P0046,Clothing,South,90,107.64,90.66
2023-10-27,S005,P0046,Clothing,South,78,85.91,90.65
2023-10-28,S005,P0046,Clothing,South,130,135.09,91.12
2023-10-29,S005,P0046,Clothing,West,140,167.37,90.87
2023-10-30,S005,P0046,Clothing,North,82,111.94,92.04
2023-10-31,S005,P0046,Clothing,North,76,84.23,91.28
2023-11-01,S005,P0046,Clothing,North,87,122.47,118.17
2023-11-02,S005,P0046,Clothing,South,194,192.84,116.89
2023-11-03,S005,P0046,Clothing,South,94,109.46,124.13
2023-11-04,S005,P0046,Clothing,West,179,166.88,131.03
2023-11-05,S005,P0046,Clothing,East,120,119.74,128.48
2023-11-06,S005,P0046,Clothing,North,73,90.18,120.96
2023-11-07,S005,P0046,Clothing,West,99,96.83,120.75
2023-11-08,S005,P0046,Clothing,North,130,143.69,124.28
2023-11-09,S005,P0046,Clothing,West,174,187.42,122.26
2023-11-10,S005,P0046,Clothing,West,110,112.52,120.08
2023-11-11,S005,P0046,Clothing,North,110,124.79,128.04
2023-11-12,S005,P0046,Clothing,East,158,157.49,125.79
2023-11-13,S005,P0046,Clothing,East,85,89.37,154.9
2023-11-14,S005,P0046,Clothing,West,115,107.16,127.18
2023-11-15,S005,P0046,Clothing,South,76,87.42,125.66
2023-11-16,S005,P0046,Clothing,South,178,167.2,125.26
2023-11-17,S005,P0046,Clothing,East,66,75.1,123.93
2023-11-18,S005,P0046,Clothing,East,136,131.19,119.81
2023-11-19,S005,P0046,Clothing,South,185,199.98,120.38
2023-11-20,S005,P0046,Clothing,North,136,193.62,121.31
2023-11-21,S005,P0046,Clothing,South,174,161.6,128.82
2023-11-22,S005,P0046,Clothing,South,157,152.65,127.68
2023-11-23,S005,P0046,Clothing,South,148,135.6,125.06
2023-11-24,S005,P0046,Clothing,South,76,85.8,124.93
2023-11-25,S005,P0046,Clothing,South,139,192.94,150.25
2023-11-26,S005,P0046,Clothing,West,167,162.28,122.67
2023-11-27,S005,P0046,Clothing,West,96,106.74,168.8
2023-11-28,S005,P0046,Clothing,South,118,121.99,124.42
2023-11-29,S005,P0046,Clothing,South,87,113.36,124.38
2023-11-30,S005,P0046,Clothing,East,78,82.12,130.55
2023-12-01,S005,P0046,Clothing,North,93,123.5,124.71
2023-12-02,S005,P0046,Clothing,East,56,75.75,124.42
2023-12-03,S005,P0046,Clothing,South,213,207.34,123.65
2023-12-04,S005,P0046,Clothing,South,113,129.71,131.14
2023-12-05,S005,P0046,Clothing,North,105,115.2,121.7
2023-12-06,S005,P0046,Clothing,East,198,181.09,128.76
2023-12-07,S005,P0046,Clothing,West,184,190.15,123.02
2023-12-08,S005,P0046,Clothing,East,160,187.89,147.31
2023-12-09,S005,P0046,Clothing,North,102,122.1,125.69
2023-12-10,S005,P0046,Clothing,North,123,114.64,126.13
2023-12-11,S005,P0046,Clothing,North,165,173.54,127.67
2023-12-12,S005,P0046,Clothing,West,146,146.8,124.7
2023-12-13,S005,P0046,Clothing,East,130,163.52,129.64
2023-12-14,S005,P0046,Clothing,North,104,99.94,129.2
2023-12-15,S005,P0046,Clothing,South,91,103.39,123.55
2023-12-16,S005,P0046,Clothing,West,168,167.06,125.61
2023-12-17,S005,P0046,Clothing,South,81,91.94,122.99
2023-12-18,S005,P0046,Clothing,East,143,180.46,147.79
2023-12-19,S005,P0046,Clothing,West,237,294.85,148.66
2023-12-20,S005,P0046,Clothing,East,104,120.82,125.43
2023-12-21,S005,P0046,Clothing,South,182,239.0,126.44
2023-12-22,S005,P0046,Clothing,East,114,142.42,150.57
2023-12-23,S005,P0046,Clothing,East,78,78.24,126.46
2023-12-24,S005,P0046,Clothing,South,101,116.51,161.3
2023-12-25,S005,P0046,Clothing,South,124,123.3,124.11
2023-12-26,S005,P0046,Clothing,East,137,166.75,122.41
2023-12-27,S005,P0046,Clothing,South,137,172.09,123.89
2023-12-28,S005,P0046,Clothing,East,129,179.68,122.01
2023-12-29,S005,P0046,Clothing,North,69,74.95,125.79
2023-12-30,S005,P0046,Clothing,South,103,119.22,121.87
2023-12-31,S005,P0046,Clothing,East,139,159.19,125.37
2023-10-01,S005,P0057,Clothing,East,84,91.73,90.16
2023-10-02,S005,P0057,Clothing,North,70,76.34,90.53
2023-10-03,S005,P0057,Clothing,East,98,106.86,110.12
2023-10-04,S005,P0057,Clothing,East,73,97.71,90.63
2023-10-05,S005,P0057,Clothing,East,46,45.78,108.59
2023-10-06,S005,P0057,Clothing,West,103,94.52,90.41
2023-10-07,S005,P0057,Clothing,West,150,143.76,91.07
2023-10-08,S005,P0057,Clothing,West,133,157.1,89.55
2023-10-09,S005,P0057,Clothing,West,99,132.13,89.47
2023-10-10,S005,P0057,Clothing,North,98,103.2,90.11
2023-10-11,S005,P0057,Clothing,West,75,84.09,89.8
2023-10-12,S005,P0057,Clothing,East,112,123.37,89.92
2023-10-13,S005,P0057,Clothing,East,70,91.81,107.42
2023-10-14,S005,P0057,Clothing,East,144,142.74,89.97
2023-10-15,S005,P0057,Clothing,East,96,98.06,89.6
2023-10-16,S005,P0057,Clothing,South,117,107.15,89.65
2023-10-17,S005,P0057,Clothing,East,53,61.27,89.45
2023-10-18,S005,P0057,Clothing,East,129,139.54,89.96
2023-10-19,S005,P0057,Clothing,North,41,46.96,107.67
2023-10-20,S005,P0057,Clothing,North,112,111.48,90.35
2023-10-21,S005,P0057,Clothing,West,82,77.09,89.76
2023-10-22,S005,P0057,Clothing,North,86,109.3,90.6
2023-10-23,S005,P0057,Clothing,East,93,122.65,90.8
2023-10-24,S005,P0057,Clothing,East,135,139.86,90.61
2023-10-25,S005,P0057,Clothing,East,122,117.54,90.2
2023-10-26,S005,P0057,Clothing,East,138,127.98,90.01
2023-10-27,S005,P0057,Clothing,North,105,101.8,106.03
2023-10-28,S005,P0057,Clothing,South,62,86.86,91.51
2023-10-29,S005,P0057,Clothing,East,101,94.64,90.5
2023-10-30,S005,P0057,Clothing,East,77,93.75,111.44
2023-10-31,S005,P0057,Clothing,East,119,133.84,89.82
2023-11-01,S005,P0057,Clothing,North,151,138.24,125.61
2023-11-02,S005,P0057,Clothing,East,85,83.82,131.99
2023-11-03,S005,P0057,Clothing,West,191,261.93,123.37
2023-11-04,S005,P0057,Clothing,South,66,85.52,123.64
2023-11-05,S005,P0057,Clothing,South,128,182.31,126.03
2023-11-06,S005,P0057,Clothing,West,182,192.72,117.42
2023-11-07,S005,P0057,Clothing,South,56,64.73,119.84
2023-11-08,S005,P0057,Clothing,South,50,67.03,124.57
2023-11-09,S005,P0057,Clothing,South,146,184.29,133.29
2023-11-10,S005,P0057,Clothing,West,102,109.06,129.53
2023-11-11,S005,P0057,Clothing,South,100,107.76,126.37
2023-11-12,S005,P0057,Clothing,North,121,135.2,126.34
2023-11-13,S005,P0057,Clothing,North,223,212.81,132.56
2023-11-14,S005,P0057,Clothing,North,112,130.62,128.11
2023-11-15,S005,P0057,Clothing,North,169,178.88,142.36
2023-11-16,S005,P0057,Clothing,West,58,81.18,124.56
2023-11-17,S005,P0057,Clothing,North,170,173.33,126.23
2023-11-18,S005,P0057,Clothing,North,167,201.64,123.06
2023-11-19,S005,P0057,Clothing,East,75,80.83,123.76
2023-11-20,S005,P0057,Clothing,North,80,113.66,127.62
2023-11-21,S005,P0057,Clothing,South,149,202.96,131.75
2023-11-22,S005,P0057,Clothing,East,133,143.33,128.53
2023-11-23,S005,P0057,Clothing,East,198,182.37,128.94
2023-11-24,S005,P0057,Clothing,South,133,186.47,123.58
2023-11-25,S005,P0057,Clothing,East,171,171.45,123.46
2023-11-26,S005,P0057,Clothing,East,153,161.96,129.17
2023-11-27,S005,P0057,Clothing,West,206,193.09,121.9
2023-11-28,S005,P0057,Clothing,North,56,75.91,127.59
2023-11-29,S005,P0057,Clothing,West,95,120.81,127.02
2023-11-30,S005,P0057,Clothing,West,132,163.42,122.42
2023-12-01,S005,P0057,Clothing,West,48,63.56,125.64
2023-12-02,S005,P0057,Clothing,East,16,17.84,127.55
2023-12-03,S005,P0057,Clothing,East,67,70.96,129.09
2023-12-04,S005,P0057,Clothing,West,302,291.73,132.79
2023-12-05,S005,P0057,Clothing,North,131,123.22,127.04
2023-12-06,S005,P0057,Clothing,West,117,117.9,128.73
2023-12-07,S005,P0057,Clothing,West,133,153.07,122.69
2023-12-08,S005,P0057,Clothing,West,114,153.89,126.64
2023-12-09,S005,P0057,Clothing,East,193,203.17,128.68
2023-12-10,S005,P0057,Clothing,North,113,118.07,147.18
2023-12-11,S005,P0057,Clothing,North,122,122.77,129.15
2023-12-12,S005,P0057,Clothing,South,54,61.83,124.3
2023-12-13,S005,P0057,Clothing,East,203,200.3,125.58
2023-12-14,S005,P0057,Clothing,West,100,135.79,123.08
2023-12-15,S005,P0057,Clothing,East,77,110.48,122.98
2023-12-16,S005,P0057,Clothing,South,129,151.36,126.25
2023-12-17,S005,P0057,Clothing,West,120,123.47,125.07
2023-12-18,S005,P0057,Clothing,West,128,144.33,125.88
2023-12-19,S005,P0057,Clothing,South,137,134.74,128.4
2023-12-20,S005,P0057,Clothing,North,94,116.88,125.96
2023-12-21,S005,P0057,Clothing,South,150,146.09,141.57
2023-12-22,S005,P0057,Clothing,South,91,95.98,120.06
2023-12-23,S005,P0057,Clothing,East,98,112.85,122.86
2023-12-24,S005,P0057,Clothing,North,88,82.73,125.28
2023-12-25,S005,P0057,Clothing,East,213,227.86,123.32
2023-12-26,S005,P0057,Clothing,East,119,140.31,129.73
2023-12-27,S005,P0057,Clothing,South,183,183.38,126.71
2023-12-28,S005,P0057,Clothing,North,169,199.52,150.91
2023-12-29,S005,P0057,Clothing,South,128,179.54,125.86
2023-12-30,S005,P0057,Clothing,South,169,155.88,124.17
2023-12-31,S005,P0057,Clothing,South,96,115.05,126.34
2023-10-01,S005,P0061,Clothing,East,80,85.74,93.98
2023-10-02,S005,P0061,Clothing,East,79,93.87,91.73
2023-10-03,S005,P0061,Clothing,East,57,66.82,90.94
2023-10-04,S005,P0061,Clothing,North,83,114.3,105.68
2023-10-05,S005,P0061,Clothing,South,72,87.09,89.64
2023-10-06,S005,P0061,Clothing,North,191,190.79,90.49
2023-10-07,S005,P0061,Clothing,West,120,115.06,89.65
2023-10-08,S005,P0061,Clothing,West,129,147.3,89.69
2023-10-09,S005,P0061,Clothing,East,97,107.21,88.89
2023-10-10,S005,P0061,Clothing,North,112,103.37,91.37
2023-10-11,S005,P0061,Clothing,North,91,86.29,89.15
2023-10-12,S005,P0061,Clothing,South,50,62.11,90.74
2023-10-13,S005,P0061,Clothing,South,128,156.05,89.1
2023-10-14,S005,P0061,Clothing,North,66,71.7,90.65
2023-10-15,S005,P0061,Clothing,East,75,107.44,89.93
2023-10-16,S005,P0061,Clothing,West,69,95.42,90.75
2023-10-17,S005,P0061,Clothing,East,90,86.11,90.17
2023-10-18,S005,P0061,Clothing,North,121,112.08,90.14
2023-10-19,S005,P0061,Clothing,East,111,106.64,89.93
2023-10-20,S005,P0061,Clothing,East,100,107.63,90.62
2023-10-21,S005,P0061,Clothing,East,118,155.64,90.43
2023-10-22,S005,P0061,Clothing,West,70,88.43,89.93
2023-10-23,S005,P0061,Clothing,South,89,118.7,90.4
2023-10-24,S005,P0061,Clothing,North,118,127.66,90.43
2023-10-25,S005,P0061,Clothing,East,139,167.75,90.47
2023-10-26,S005,P0061,Clothing,South,99,98.22,89.37
2023-10-27,S005,P0061,Clothing,West,36,41.81,89.46
2023-10-28,S005,P0061,Clothing,South,147,142.52,90.72
2023-10-29,S005,P0061,Clothing,East,76,71.38,89.36
2023-10-30,S005,P0061,Clothing,South,105,136.97,89.89
2023-10-31,S005,P0061,Clothing,East,100,121.8,89.57
2023-11-01,S005,P0061,Clothing,East,99,142.02,116.2
2023-11-02,S005,P0061,Clothing,East,136,147.92,122.22
2023-11-03,S005,P0061,Clothing,North,124,120.95,119.83
2023-11-04,S005,P0061,Clothing,South,124,155.71,123.81
2023-11-05,S005,P0061,Clothing,North,116,146.5,130.69
2023-11-06,S005,P0061,Clothing,South,171,207.2,141.66
2023-11-07,S005,P0061,Clothing,East,187,195.75,122.72
2023-11-08,S005,P0061,Clothing,East,213,246.68,159.01
2023-11-09,S005,P0061,Clothing,South,99,128.86,123.3
2023-11-10,S005,P0061,Clothing,West,165,163.55,125.87
2023-11-11,S005,P0061,Clothing,West,200,236.56,126.75
2023-11-12,S005,P0061,Clothing,South,44,61.23,127.13
2023-11-13,S005,P0061,Clothing,East,104,116.01,129.9
2023-11-14,S005,P0061,Clothing,West,140,194.22,126.69
2023-11-15,S005,P0061,Clothing,East,152,149.52,125.3
2023-11-16,S005,P0061,Clothing,East,110,102.53,119.49
2023-11-17,S005,P0061,Clothing,North,187,184.6,127.63
2023-11-18,S005,P0061,Clothing,South,109,113.9,125.47
2023-11-19,S005,P0061,Clothing,South,156,184.77,125.29
2023-11-20,S005,P0061,Clothing,North,172,192.81,127.17
2023-11-21,S005,P0061,Clothing,South,99,137.26,127.58
2023-11-22,S005,P0061,Clothing,East,154,168.27,148.2
2023-11-23,S005,P0061,Clothing,North,211,236.94,130.17
2023-11-24,S005,P0061,Clothing,South,123,120.82,123.08
2023-11-25,S005,P0061,Clothing,East,112,110.64,120.65
2023-11-26,S005,P0061,Clothing,East,181,200.94,122.41
2023-11-27,S005,P0061,Clothing,South,143,197.57,127.7
2023-11-28,S005,P0061,Clothing,South,129,138.68,123.41
2023-11-29,S005,P0061,Clothing,East,91,123.58,123.19
2023-11-30,S005,P0061,Clothing,North,158,188.64,125.01
2023-12-01,S005,P0061,Clothing,South,166,187.47,140.73
2023-12-02,S005,P0061,Clothing,North,139,191.21,125.21
2023-12-03,S005,P0061,Clothing,North,171,186.45,126.42
2023-12-04,S005,P0061,Clothing,East,172,207.45,123.73
2023-12-05,S005,P0061,Clothing,North,147,145.93,129.36
2023-12-06,S005,P0061,Clothing,West,117,148.54,126.66
2023-12-07,S005,P0061,Clothing,South,147,202.05,149.26
2023-12-08,S005,P0061,Clothing,South,82,89.07,123.14
2023-12-09,S005,P0061,Clothing,East,177,166.88,125.38
2023-12-10,S005,P0061,Clothing,South,130,127.62,129.86
2023-12-11,S005,P0061,Clothing,South,141,163.29,125.23
2023-12-12,S005,P0061,Clothing,East,131,154.83,124.22
2023-12-13,S005,P0061,Clothing,North,203,208.0,127.55
2023-12-14,S005,P0061,Clothing,West,130,149.22,121.66
2023-12-15,S005,P0061,Clothing,South,28,32.79,125.95
2023-12-16,S005,P0061,Clothing,East,166,153.05,142.6
2023-12-17,S005,P0061,Clothing,East,185,174.3,126.3
2023-12-18,S005,P0061,Clothing,East,132,153.49,126.76
2023-12-19,S005,P0061,Clothing,North,84,107.84,125.02
2023-12-20,S005,P0061,Clothing,West,153,140.25,126.14
2023-12-21,S005,P0061,Clothing,South,111,151.42,130.69
2023-12-22,S005,P0061,Clothing,West,72,86.98,125.54
2023-12-23,S005,P0061,Clothing,North,213,195.1,146.52
2023-12-24,S005,P0061,Clothing,South,156,199.1,125.39
2023-12-25,S005,P0061,Clothing,North,76,106.16,125.45
2023-12-26,S005,P0061,Clothing,North,84,95.6,129.27
2023-12-27,S005,P0061,Clothing,North,92,104.85,127.1
2023-12-28,S005,P0061,Clothing,East,139,145.34,119.35
2023-12-29,S005,P0061,Clothing,South,157,153.32,130.51
2023-12-30,S005,P0061,Clothing,East,163,201.2,122.8
2023-12-31,S005,P0061,Clothing,South,96,133.44,125.59
2023-10-01,S005,P0066,Clothing,South,16,17.77,90.11
2023-10-02,S005,P0066,Clothing,South,80,92.53,88.64
2023-10-03,S005,P0066,Clothing,West,211,203.24,106.58
2023-10-04,S005,P0066,Clothing,North,82,84.87,91.41
2023-10-05,S005,P0066,Clothing,West,34,38.17,89.23
2023-10-06,S005,P0066,Clothing,East,98,89.95,89.45
2023-10-07,S005,P0066,Clothing,West,83,116.53,106.56
2023-10-08,S005,P0066,Clothing,East,160,153.66,108.56
2023-10-09,S005,P0066,Clothing,West,121,128.54,89.96
2023-10-10,S005,P0066,Clothing,North,89,81.47,88.61
2023-10-11,S005,P0066,Clothing,North,35,44.92,90.47
2023-10-12,S005,P0066,Clothing,North,88,110.46,90.12
2023-10-13,S005,P0066,Clothing,East,77,100.77,90.47
2023-10-14,S005,P0066,Clothing,North,80,108.47,90.83
2023-10-15,S005,P0066,Clothing,East,97,101.08,90.25
2023-10-16,S005,P0066,Clothing,South,94,109.16,90.05
2023-10-17,S005,P0066,Clothing,North,92,120.79,107.15
2023-10-18,S005,P0066,Clothing,West,64,83.84,107.02
2023-10-19,S005,P0066,Clothing,South,73,78.29,89.62
2023-10-20,S005,P0066,Clothing,South,108,98.97,89.87
2023-10-21,S005,P0066,Clothing,West,83,86.87,90.14
2023-10-22,S005,P0066,Clothing,East,129,150.96,109.83
2023-10-23,S005,P0066,Clothing,West,93,124.34,89.0
2023-10-24,S005,P0066,Clothing,South,122,112.23,89.29
2023-10-25,S005,P0066,Clothing,North,94,105.28,90.19
2023-10-26,S005,P0066,Clothing,South,138,134.12,89.95
2023-10-27,S005,P0066,Clothing,East,92,108.56,91.24
2023-10-28,S005,P0066,Clothing,North,116,162.27,91.57
2023-10-29,S005,P0066,Clothing,West,153,142.42,84.44
2023-10-30,S005,P0066,Clothing,North,79,87.84,91.44
2023-10-31,S005,P0066,Clothing,South,78,83.75,88.8
2023-11-01,S005,P0066,Clothing,North,133,156.74,117.95
2023-11-02,S005,P0066,Clothing,South,162,152.64,126.28
2023-11-03,S005,P0066,Clothing,North,136,128.7,121.34
2023-11-04,S005,P0066,Clothing,West,176,161.29,127.18
2023-11-05,S005,P0066,Clothing,North,148,149.25,129.33
2023-11-06,S005,P0066,Clothing,North,89,116.11,131.06
2023-11-07,S005,P0066,Clothing,South,124,124.24,122.49
2023-11-08,S005,P0066,Clothing,South,148,150.53,124.86
2023-11-09,S005,P0066,Clothing,West,138,134.45,125.06
2023-11-10,S005,P0066,Clothing,West,153,159.28,127.34
2023-11-11,S005,P0066,Clothing,North,219,210.12,124.27
2023-11-12,S005,P0066,Clothing,South,145,147.54,123.46
2023-11-13,S005,P0066,Clothing,East,166,155.03,154.6
2023-11-14,S005,P0066,Clothing,South,186,183.04,124.88
2023-11-15,S005,P0066,Clothing,West,118,153.61,120.71
2023-11-16,S005,P0066,Clothing,East,135,168.75,123.96
2023-11-17,S005,P0066,Clothing,South,164,154.77,123.34
2023-11-18,S005,P0066,Clothing,South,199,187.35,125.09
2023-11-19,S005,P0066,Clothing,South,99,140.96,151.86
2023-11-20,S005,P0066,Clothing,West,63,90.48,124.74
2023-11-21,S005,P0066,Clothing,North,104,127.55,126.59
2023-11-22,S005,P0066,Clothing,South,72,95.42,123.46
2023-11-23,S005,P0066,Clothing,South,132,169.89,117.76
2023-11-24,S005,P0066,Clothing,West,92,99.19,130.28
2023-11-25,S005,P0066,Clothing,East,113,146.78,121.5
2023-11-26,S005,P0066,Clothing,East,135,155.11,124.23
2023-11-27,S005,P0066,Clothing,West,111,145.38,122.36
2023-11-28,S005,P0066,Clothing,West,239,251.46,135.88
2023-11-29,S005,P0066,Clothing,South,83,117.46,127.28
2023-11-30,S005,P0066,Clothing,West,152,143.29,127.45
2023-12-01,S005,P0066,Clothing,South,203,200.36,145.27
2023-12-02,S005,P0066,Clothing,East,140,166.63,125.54
2023-12-03,S005,P0066,Clothing,South,126,121.77,124.68
2023-12-04,S005,P0066,Clothing,South,130,152.75,126.32
2023-12-05,S005,P0066,Clothing,East,237,220.81,124.01
2023-12-06,S005,P0066,Clothing,East,125,165.79,127.2
2023-12-07,S005,P0066,Clothing,West,115,110.09,124.74
2023-12-08,S005,P0066,Clothing,West,133,125.98,127.02
2023-12-09,S005,P0066,Clothing,East,200,183.89,127.6
2023-12-10,S005,P0066,Clothing,East,69,68.87,124.38
2023-12-11,S005,P0066,Clothing,North,102,119.09,118.55
2023-12-12,S005,P0066,Clothing,North,72,74.07,125.59
2023-12-13,S005,P0066,Clothing,East,198,181.13,119.69
2023-12-14,S005,P0066,Clothing,South,119,141.79,127.05
2023-12-15,S005,P0066,Clothing,East,90,90.84,131.54
2023-12-16,S005,P0066,Clothing,East,103,144.63,122.67
2023-12-17,S005,P0066,Clothing,North,179,193.42,116.16
2023-12-18,S005,P0066,Clothing,North,78,108.26,131.24
2023-12-19,S005,P0066,Clothing,East,125,114.49,125.92
2023-12-20,S005,P0066,Clothing,East,153,170.65,121.04
2023-12-21,S005,P0066,Clothing,North,36,51.35,128.75
2023-12-22,S005,P0066,Clothing,South,104,121.65,118.74
2023-12-23,S005,P0066,Clothing,South,168,181.92,122.87
2023-12-24,S005,P0066,Clothing,South,117,128.21,126.04
2023-12-25,S005,P0066,Clothing,West,77,81.06,124.5
2023-12-26,S005,P0066,Clothing,West,149,162.55,121.14
2023-12-27,S005,P0066,Clothing,North,47,52.61,127.19
2023-12-28,S005,P0066,Clothing,East,116,142.19,123.16
2023-12-29,S005,P0066,Clothing,South,115,112.81,137.52
2023-12-30,S005,P0066,Clothing,South,138,149.73,150.35
2023-12-31,S005,P0066,Clothing,West,136,152.14,132.83
2023-10-01,S005,P0067,Furniture,West,100,91.67,90.82
2023-10-02,S005,P0067,Furniture,North,123,146.13,108.07
2023-10-03,S005,P0067,Furniture,West,98,92.33,106.85
2023-10-04,S005,P0067,Furniture,North,75,71.17,89.72
2023-10-05,S005,P0067,Furniture,East,141,168.2,89.64
2023-10-06,S005,P0067,Furniture,South,65,84.4,89.04
2023-10-07,S005,P0067,Furniture,East,48,65.6,92.21
2023-10-08,S005,P0067,Furniture,South,172,223.74,107.13
2023-10-09,S005,P0067,Furniture,East,99,92.56,89.82
2023-10-10,S005,P0067,Furniture,East,74,71.28,89.6
2023-10-11,S005,P0067,Furniture,North,119,120.34,90.61
2023-10-12,S005,P0067,Furniture,East,87,121.2,89.79
2023-10-13,S005,P0067,Furniture,South,91,84.18,89.85
2023-10-14,S005,P0067,Furniture,East,88,126.75,89.3
2023-10-15,S005,P0067,Furniture,North,116,116.06,90.07
2023-10-16,S005,P0067,Furniture,North,40,51.96,90.64
2023-10-17,S005,P0067,Furniture,East,78,98.52,89.64
2023-10-18,S005,P0067,Furniture,West,128,118.58,90.52
2023-10-19,S005,P0067,Furniture,West,59,56.73,90.77
2023-10-20,S005,P0067,Furniture,West,89,88.39,90.25
2023-10-21,S005,P0067,Furniture,East,79,76.36,90.48
2023-10-22,S005,P0067,Furniture,North,82,82.1,90.85
2023-10-23,S005,P0067,Furniture,South,76,87.15,108.97
2023-10-24,S005,P0067,Furniture,East,74,74.07,89.9
2023-10-25,S005,P0067,Furniture,West,133,158.53,90.19
2023-10-26,S005,P0067,Furniture,East,69,78.16,111.53
2023-10-27,S005,P0067,Furniture,West,102,109.38,90.0
2023-10-28,S005,P0067,Furniture,South,46,48.83,90.26
2023-10-29,S005,P0067,Furniture,South,124,118.36,106.0
2023-10-30,S005,P0067,Furniture,West,98,127.43,91.22
2023-10-31,S005,P0067,Furniture,South,118,136.22,90.2
2023-11-01,S005,P0067,Furniture,West,53,59.06,89.64
2023-11-02,S005,P0067,Furniture,West,87,91.1,88.62
2023-11-03,S005,P0067,Furniture,West,117,117.75,88.54
2023-11-04,S005,P0067,Furniture,North,113,131.68,107.21
2023-11-05,S005,P0067,Furniture,North,72,90.88,89.19
2023-11-06,S005,P0067,Furniture,North,135,163.37,91.6
2023-11-07,S005,P0067,Furniture,North,152,147.63,110.0
2023-11-08,S005,P0067,Furniture,South,53,62.63,90.07
2023-11-09,S005,P0067,Furniture,West,137,138.65,108.42
2023-11-10,S005,P0067,Furniture,West,74,84.31,108.66
2023-11-11,S005,P0067,Furniture,East,70,64.89,89.83
2023-11-12,S005,P0067,Furniture,West,90,82.86,89.84
2023-11-13,S005,P0067,Furniture,South,83,87.31,89.89
2023-11-14,S005,P0067,Furniture,West,114,131.01,91.84
2023-11-15,S005,P0067,Furniture,North,42,48.13,92.03
2023-11-16,S005,P0067,Furniture,North,76,88.49,91.03
2023-11-17,S005,P0067,Furniture,East,46,66.35,87.84
2023-11-18,S005,P0067,Furniture,South,76,94.9,88.01
2023-11-19,S005,P0067,Furniture,West,85,110.12,89.04
2023-11-20,S005,P0067,Furniture,West,97,121.96,91.44
2023-11-21,S005,P0067,Furniture,East,57,67.76,87.93
2023-11-22,S005,P0067,Furniture,West,102,111.47,90.6
2023-11-23,S005,P0067,Furniture,West,77,74.58,107.98
2023-11-24,S005,P0067,Furniture,East,130,136.6,88.06
2023-11-25,S005,P0067,Furniture,North,63,80.87,90.71
2023-11-26,S005,P0067,Furniture,West,121,116.06,88.55
2023-11-27,S005,P0067,Furniture,South,79,93.66,91.05
2023-11-28,S005,P0067,Furniture,East,113,139.31,92.08
2023-11-29,S005,P0067,Furniture,West,91,105.64,108.18
2023-11-30,S005,P0067,Furniture,North,113,108.34,91.51
2023-12-01,S005,P0067,Furniture,North,104,95.77,105.98
2023-12-02,S005,P0067,Furniture,East,119,114.31,87.85
2023-12-03,S005,P0067,Furniture,South,72,87.85,84.96
2023-12-04,S005,P0067,Furniture,South,91,116.48,90.74
2023-12-05,S005,P0067,Furniture,South,87,101.63,89.8
2023-12-06,S005,P0067,Furniture,West,129,118.58,91.27
2023-12-07,S005,P0067,Furniture,South,171,185.24,106.08
2023-12-08,S005,P0067,Furniture,North,98,129.01,88.0
2023-12-09,S005,P0067,Furniture,West,58,75.79,89.68
2023-12-10,S005,P0067,Furniture,East,107,123.87,88.49
2023-12-11,S005,P0067,Furniture,North,27,27.07,94.48
2023-12-12,S005,P0067,Furniture,South,132,149.11,90.46
2023-12-13,S005,P0067,Furniture,South,135,139.41,91.47
2023-12-14,S005,P0067,Furniture,South,81,94.44,91.21
2023-12-15,S005,P0067,Furniture,South,140,135.17,87.29
2023-12-16,S005,P0067,Furniture,North,83,99.52,111.7
2023-12-17,S005,P0067,Furniture,West,22,26.61,88.71
2023-12-18,S005,P0067,Furniture,North,97,131.1,93.16
2023-12-19,S005,P0067,Furniture,East,101,104.64,89.64
2023-12-20,S005,P0067,Furniture,West,34,48.57,90.97
2023-12-21,S005,P0067,Furniture,East,146,135.09,89.21
2023-12-22,S005,P0067,Furniture,East,161,185.85,109.53
2023-12-23,S005,P0067,Furniture,East,122,143.47,87.84
2023-12-24,S005,P0067,Furniture,South,66,75.34,88.29
2023-12-25,S005,P0067,Furniture,South,153,159.27,91.0
2023-12-26,S005,P0067,Furniture,East,103,130.49,90.5
2023-12-27,S005,P0067,Furniture,South,65,70.86,92.69
2023-12-28,S005,P0067,Furniture,West,55,60.83,86.66
2023-12-29,S005,P0067,Furniture,North,89,102.1,88.67
2023-12-30,S005,P0067,Furniture,East,168,180.85,109.13
2023-12-31,S005,P0067,Furniture,East,104,107.05,89.62
2023-10-01,S005,P0068,Electronics,East,110,117.39,89.96
2023-10-02,S005,P0068,Electronics,North,151,139.56,103.13
2023-10-03,S005,P0068,Electronics,West,96,133.5,90.88
2023-10-04,S005,P0068,Electronics,South,117,108.13,89.58
2023-10-05,S005,P0068,Electronics,East,101,116.62,88.96
2023-10-06,S005,P0068,Electronics,South,55,50.38,89.31
2023-10-07,S005,P0068,Electronics,East,112,118.24,89.62
2023-10-08,S005,P0068,Electronics,West,92,121.07,89.11
2023-10-09,S005,P0068,Electronics,South,94,126.87,89.26
2023-10-10,S005,P0068,Electronics,North,55,69.23,89.87
2023-10-11,S005,P0068,Electronics,West,93,121.01,89.37
2023-10-12,S005,P0068,Electronics,South,27,33.44,89.05
2023-10-13,S005,P0068,Electronics,East,49,60.27,73.42
2023-10-14,S005,P0068,Electronics,North,53,50.94,74.18
2023-10-15,S005,P0068,Electronics,West,175,183.39,90.55
2023-10-16,S005,P0068,Electronics,South,88,100.2,71.82
2023-10-17,S005,P0068,Electronics,East,67,94.49,87.29
2023-10-18,S005,P0068,Electronics,North,97,118.97,98.83
2023-10-19,S005,P0068,Electronics,North,45,62.87,72.02
2023-10-20,S005,P0068,Electronics,East,86,93.86,71.47
2023-10-21,S005,P0068,Electronics,East,102,118.17,89.75
2023-10-22,S005,P0068,Electronics,South,122,118.64,90.92
2023-10-23,S005,P0068,Electronics,East,99,120.9,89.92
2023-10-24,S005,P0068,Electronics,West,53,57.58,89.19
2023-10-25,S005,P0068,Electronics,East,72,68.45,75.4
2023-10-26,S005,P0068,Electronics,South,87,116.1,74.01
2023-10-27,S005,P0068,Electronics,South,37,52.89,69.83
2023-10-28,S005,P0068,Electronics,West,61,63.96,89.53
2023-10-29,S005,P0068,Electronics,South,45,46.79,88.62
2023-10-30,S005,P0068,Electronics,West,61,69.82,89.65
2023-10-31,S005,P0068,Electronics,South,94,97.24,70.99
2023-11-01,S005,P0068,Electronics,West,101,106.8,94.01
2023-11-02,S005,P0068,Electronics,North,110,124.75,90.48
2023-11-03,S005,P0068,Electronics,West,64,89.22,68.9
2023-11-04,S005,P0068,Electronics,East,109,112.74,97.7
2023-11-05,S005,P0068,Electronics,North,53,57.5,93.29
2023-11-06,S005,P0068,Electronics,West,132,126.03,89.89
2023-11-07,S005,P0068,Electronics,East,137,129.42,89.93
2023-11-08,S005,P0068,Electronics,East,93,114.6,71.91
2023-11-09,S005,P0068,Electronics,South,60,82.57,72.44
2023-11-10,S005,P0068,Electronics,West,43,44.21,89.79
2023-11-11,S005,P0068,Electronics,West,60,80.76,73.69
2023-11-12,S005,P0068,Electronics,North,55,57.62,89.43
2023-11-13,S005,P0068,Electronics,West,115,108.78,88.81
2023-11-14,S005,P0068,Electronics,South,33,31.92,89.16
2023-11-15,S005,P0068,Electronics,East,60,68.55,89.92
2023-11-16,S005,P0068,Electronics,South,128,156.84,92.46
2023-11-17,S005,P0068,Electronics,West,30,31.4,87.25
2023-11-18,S005,P0068,Electronics,West,74,90.85,87.76
2023-11-19,S005,P0068,Electronics,West,86,78.73,88.15
2023-11-20,S005,P0068,Electronics,East,104,122.89,97.97
2023-11-21,S005,P0068,Electronics,West,115,120.88,88.66
2023-11-22,S005,P0068,Electronics,East,95,109.23,89.0
2023-11-23,S005,P0068,Electronics,North,50,46.25,72.13
2023-11-24,S005,P0068,Electronics,West,86,90.53,88.07
2023-11-25,S005,P0068,Electronics,East,118,133.6,90.02
2023-11-26,S005,P0068,Electronics,North,100,122.0,89.9
2023-11-27,S005,P0068,Electronics,West,97,113.09,90.19
2023-11-28,S005,P0068,Electronics,West,54,68.19,89.46
2023-11-29,S005,P0068,Electronics,North,77,101.54,88.76
2023-11-30,S005,P0068,Electronics,North,119,114.87,88.52
2023-12-01,S005,P0068,Electronics,North,64,72.8,89.27
2023-12-02,S005,P0068,Electronics,North,110,115.85,90.05
2023-12-03,S005,P0068,Electronics,South,65,69.32,89.71
2023-12-04,S005,P0068,Electronics,West,166,180.62,108.68
2023-12-05,S005,P0068,Electronics,North,69,74.97,89.37
2023-12-06,S005,P0068,Electronics,North,87,104.55,88.7
2023-12-07,S005,P0068,Electronics,South,85,84.53,68.44
2023-12-08,S005,P0068,Electronics,South,165,164.28,89.23
2023-12-09,S005,P0068,Electronics,West,112,119.04,90.73
2023-12-10,S005,P0068,Electronics,South,118,111.9,88.35
2023-12-11,S005,P0068,Electronics,West,35,47.28,90.28
2023-12-12,S005,P0068,Electronics,West,172,194.78,89.62
2023-12-13,S005,P0068,Electronics,North,88,93.38,74.45
2023-12-14,S005,P0068,Electronics,West,74,89.94,91.07
2023-12-15,S005,P0068,Electronics,North,132,125.58,89.46
2023-12-16,S005,P0068,Electronics,North,113,142.49,88.9
2023-12-17,S005,P0068,Electronics,North,40,52.23,89.07
2023-12-18,S005,P0068,Electronics,South,161,148.36,90.5
2023-12-19,S005,P0068,Electronics,North,130,121.41,87.88
2023-12-20,S005,P0068,Electronics,East,77,100.92,75.07
2023-12-21,S005,P0068,Electronics,North,136,141.79,88.71
2023-12-22,S005,P0068,Electronics,East,84,93.31,90.91
2023-12-23,S005,P0068,Electronics,South,50,57.97,106.92
2023-12-24,S005,P0068,Electronics,South,119,110.1,86.91
2023-12-25,S005,P0068,Electronics,West,70,65.14,91.01
2023-12-26,S005,P0068,Electronics,South,84,109.68,74.63
2023-12-27,S005,P0068,Electronics,East,41,50.53,73.7
2023-12-28,S005,P0068,Electronics,South,77,98.21,88.21
2023-12-29,S005,P0068,Electronics,South,138,132.19,89.83
2023-12-30,S005,P0068,Electronics,East,98,128.7,110.48
2023-12-31,S005,P0068,Electronics,West,99,121.82,74.01
2023-10-01,S005,P0069,Clothing,West,95,133.12,89.59
2023-10-02,S005,P0069,Clothing,South,56,68.22,107.57
2023-10-03,S005,P0069,Clothing,West,119,116.23,90.75
2023-10-04,S005,P0069,Clothing,North,115,131.97,90.57
2023-10-05,S005,P0069,Clothing,North,119,152.61,90.27
2023-10-06,S005,P0069,Clothing,South,149,136.32,90.22
2023-10-07,S005,P0069,Clothing,North,94,127.52,91.07
2023-10-08,S005,P0069,Clothing,South,8,8.97,88.43
2023-10-09,S005,P0069,Clothing,South,93,100.09,90.97
2023-10-10,S005,P0069,Clothing,East,40,49.04,89.41
2023-10-11,S005,P0069,Clothing,West,105,120.34,107.79
2023-10-12,S005,P0069,Clothing,West,99,109.9,90.21
2023-10-13,S005,P0069,Clothing,West,52,53.46,106.74
2023-10-14,S005,P0069,Clothing,South,136,129.24,89.5
2023-10-15,S005,P0069,Clothing,East,51,65.14,90.31
2023-10-16,S005,P0069,Clothing,South,37,43.12,90.33
2023-10-17,S005,P0069,Clothing,East,117,115.97,92.52
2023-10-18,S005,P0069,Clothing,East,53,61.97,89.76
2023-10-19,S005,P0069,Clothing,East,74,85.46,90.63
2023-10-20,S005,P0069,Clothing,West,110,145.77,91.07
2023-10-21,S005,P0069,Clothing,North,68,83.55,90.55
2023-10-22,S005,P0069,Clothing,North,62,87.82,106.41
2023-10-23,S005,P0069,Clothing,West,77,87.08,107.36
2023-10-24,S005,P0069,Clothing,East,138,134.8,107.95
2023-10-25,S005,P0069,Clothing,North,60,71.58,90.21
2023-10-26,S005,P0069,Clothing,South,144,141.01,106.98
2023-10-27,S005,P0069,Clothing,East,85,88.52,90.3
2023-10-28,S005,P0069,Clothing,North,95,89.68,90.08
2023-10-29,S005,P0069,Clothing,North,122,129.74,90.56
2023-10-30,S005,P0069,Clothing,North,39,45.44,89.74
2023-10-31,S005,P0069,Clothing,East,51,56.51,89.19
2023-11-01,S005,P0069,Clothing,South,152,202.5,117.52
2023-11-02,S005,P0069,Clothing,East,184,203.15,162.04
2023-11-03,S005,P0069,Clothing,North,163,161.68,128.63
2023-11-04,S005,P0069,Clothing,East,41,57.6,124.71
2023-11-05,S005,P0069,Clothing,North,130,167.53,128.86
2023-11-06,S005,P0069,Clothing,West,149,141.45,135.82
2023-11-07,S005,P0069,Clothing,East,102,111.32,123.09
2023-11-08,S005,P0069,Clothing,East,60,85.76,128.19
2023-11-09,S005,P0069,Clothing,West,108,132.98,130.74
2023-11-10,S005,P0069,Clothing,East,71,90.82,123.95
2023-11-11,S005,P0069,Clothing,West,78,93.5,119.83
2023-11-12,S005,P0069,Clothing,South,235,226.7,122.86
2023-11-13,S005,P0069,Clothing,North,130,163.87,126.96
2023-11-14,S005,P0069,Clothing,East,76,73.58,126.17
2023-11-15,S005,P0069,Clothing,North,177,189.17,133.74
2023-11-16,S005,P0069,Clothing,North,175,160.44,125.25
2023-11-17,S005,P0069,Clothing,North,169,158.76,129.81
2023-11-18,S005,P0069,Clothing,West,203,188.42,164.5
2023-11-19,S005,P0069,Clothing,North,126,128.12,170.37
2023-11-20,S005,P0069,Clothing,North,220,203.89,128.49
2023-11-21,S005,P0069,Clothing,North,149,170.01,122.89
2023-11-22,S005,P0069,Clothing,South,101,106.33,114.96
2023-11-23,S005,P0069,Clothing,North,140,159.63,123.7
2023-11-24,S005,P0069,Clothing,South,130,120.83,124.8
2023-11-25,S005,P0069,Clothing,North,128,126.68,125.99
2023-11-26,S005,P0069,Clothing,West,192,192.75,127.12
2023-11-27,S005,P0069,Clothing,South,96,110.55,129.63
2023-11-28,S005,P0069,Clothing,South,162,208.61,124.47
2023-11-29,S005,P0069,Clothing,North,9,13.25,127.39
2023-11-30,S005,P0069,Clothing,North,246,270.0,157.67
2023-12-01,S005,P0069,Clothing,West,85,103.12,125.83
2023-12-02,S005,P0069,Clothing,North,90,88.04,125.4
2023-12-03,S005,P0069,Clothing,West,139,165.01,126.29
2023-12-04,S005,P0069,Clothing,East,40,37.73,126.34
2023-12-05,S005,P0069,Clothing,South,140,151.97,131.79
2023-12-06,S005,P0069,Clothing,West,96,97.37,122.87
2023-12-07,S005,P0069,Clothing,West,74,100.13,120.02
2023-12-08,S005,P0069,Clothing,South,179,203.89,129.2
2023-12-09,S005,P0069,Clothing,West,121,162.43,127.66
2023-12-10,S005,P0069,Clothing,East,142,187.43,129.7
2023-12-11,S005,P0069,Clothing,South,107,147.86,150.5
2023-12-12,S005,P0069,Clothing,West,109,142.35,120.7
2023-12-13,S005,P0069,Clothing,South,209,194.62,130.47
2023-12-14,S005,P0069,Clothing,West,46,58.84,124.17
2023-12-15,S005,P0069,Clothing,East,137,153.46,126.3
2023-12-16,S005,P0069,Clothing,North,149,181.98,124.53
2023-12-17,S005,P0069,Clothing,South,136,164.08,124.55
2023-12-18,S005,P0069,Clothing,West,161,189.58,125.45
2023-12-19,S005,P0069,Clothing,South,130,159.24,125.15
2023-12-20,S005,P0069,Clothing,West,95,90.8,125.2
2023-12-21,S005,P0069,Clothing,West,160,225.66,154.56
2023-12-22,S005,P0069,Clothing,West,129,179.12,127.56
2023-12-23,S005,P0069,Clothing,North,139,129.54,125.48
2023-12-24,S005,P0069,Clothing,North,98,122.03,130.15
2023-12-25,S005,P0069,Clothing,North,139,129.7,128.43
2023-12-26,S005,P0069,Clothing,West,60,79.41,125.67
2023-12-27,S005,P0069,Clothing,South,175,189.62,147.76
2023-12-28,S005,P0069,Clothing,South,76,87.36,126.13
2023-12-29,S005,P0069,Clothing,South,117,121.59,126.93
2023-12-30,S005,P0069,Clothing,West,116,146.92,123.9
2023-12-31,S005,P0069,Clothing,East,117,153.8,126.79
2023-10-01,S005,P0070,Electronics,North,80,101.3,90.54
2023-10-02,S005,P0070,Electronics,South,92,85.56,91.04
2023-10-03,S005,P0070,Electronics,West,84,116.56,89.52
2023-10-04,S005,P0070,Electronics,South,104,106.44,89.63
2023-10-05,S005,P0070,Electronics,South,71,86.22,90.14
2023-10-06,S005,P0070,Electronics,East,121,135.11,89.82
2023-10-07,S005,P0070,Electronics,North,63,79.94,90.99
2023-10-08,S005,P0070,Electronics,South,158,149.99,108.93
2023-10-09,S005,P0070,Electronics,West,115,138.74,89.67
2023-10-10,S005,P0070,Electronics,South,100,101.81,88.81
2023-10-11,S005,P0070,Electronics,East,110,107.52,70.75
2023-10-12,S005,P0070,Electronics,North,51,65.24,71.24
2023-10-13,S005,P0070,Electronics,West,51,70.38,88.89
2023-10-14,S005,P0070,Electronics,South,109,137.54,90.3
2023-10-15,S005,P0070,Electronics,South,84,118.72,88.73
2023-10-16,S005,P0070,Electronics,West,84,83.71,70.95
2023-10-17,S005,P0070,Electronics,East,157,150.35,89.26
2023-10-18,S005,P0070,Electronics,North,137,150.34,105.33
2023-10-19,S005,P0070,Electronics,West,121,112.48,88.35
2023-10-20,S005,P0070,Electronics,South,101,120.18,72.42
2023-10-21,S005,P0070,Electronics,West,81,106.87,88.69
2023-10-22,S005,P0070,Electronics,West,96,114.82,73.82
2023-10-23,S005,P0070,Electronics,North,49,65.93,89.82
2023-10-24,S005,P0070,Electronics,North,72,69.09,88.83
2023-10-25,S005,P0070,Electronics,East,82,108.79,90.59
2023-10-26,S005,P0070,Electronics,East,48,55.93,73.27
2023-10-27,S005,P0070,Electronics,North,103,113.05,87.66
2023-10-28,S005,P0070,Electronics,North,110,127.26,110.69
2023-10-29,S005,P0070,Electronics,West,37,45.95,89.28
2023-10-30,S005,P0070,Electronics,North,107,102.51,88.49
2023-10-31,S005,P0070,Electronics,South,64,72.68,88.85
2023-11-01,S005,P0070,Electronics,South,123,138.91,88.56
2023-11-02,S005,P0070,Electronics,East,81,80.15,88.79
2023-11-03,S005,P0070,Electronics,East,91,96.27,89.75
2023-11-04,S005,P0070,Electronics,North,77,108.17,89.81
2023-11-05,S005,P0070,Electronics,East,49,68.08,71.7
2023-11-06,S005,P0070,Electronics,North,58,79.74,88.91
2023-11-07,S005,P0070,Electronics,East,68,77.6,88.19
2023-11-08,S005,P0070,Electronics,East,94,115.55,88.11
2023-11-09,S005,P0070,Electronics,East,133,133.36,90.39
2023-11-10,S005,P0070,Electronics,West,71,96.06,88.6
2023-11-11,S005,P0070,Electronics,South,35,49.96,113.82
2023-11-12,S005,P0070,Electronics,East,104,108.36,91.08
2023-11-13,S005,P0070,Electronics,North,80,89.33,90.65
2023-11-14,S005,P0070,Electronics,East,78,98.8,91.33
2023-11-15,S005,P0070,Electronics,East,77,82.48,71.73
2023-11-16,S005,P0070,Electronics,East,63,90.11,91.99
2023-11-17,S005,P0070,Electronics,South,69,79.04,92.33
2023-11-18,S005,P0070,Electronics,East,108,98.98,91.96
2023-11-19,S005,P0070,Electronics,West,83,108.77,111.97
2023-11-20,S005,P0070,Electronics,West,99,127.75,90.4
2023-11-21,S005,P0070,Electronics,East,31,33.12,111.28
2023-11-22,S005,P0070,Electronics,West,77,104.06,90.57
2023-11-23,S005,P0070,Electronics,West,38,50.93,89.66
2023-11-24,S005,P0070,Electronics,North,130,134.32,90.29
2023-11-25,S005,P0070,Electronics,South,57,75.28,89.34
2023-11-26,S005,P0070,Electronics,North,32,38.57,106.28
2023-11-27,S005,P0070,Electronics,South,142,159.45,111.73
2023-11-28,S005,P0070,Electronics,South,74,94.69,89.29
2023-11-29,S005,P0070,Electronics,West,66,85.43,88.24
2023-11-30,S005,P0070,Electronics,South,105,96.68,88.62
2023-12-01,S005,P0070,Electronics,East,29,28.7,107.89
2023-12-02,S005,P0070,Electronics,South,68,79.86,88.85
2023-12-03,S005,P0070,Electronics,North,72,76.11,110.56
2023-12-04,S005,P0070,Electronics,South,54,64.06,70.65
2023-12-05,S005,P0070,Electronics,North,101,114.8,72.81
2023-12-06,S005,P0070,Electronics,North,83,99.34,72.43
2023-12-07,S005,P0070,Electronics,North,119,127.97,90.23
2023-12-08,S005,P0070,Electronics,South,52,70.11,73.44
2023-12-09,S005,P0070,Electronics,North,69,63.03,74.68
2023-12-10,S005,P0070,Electronics,West,76,91.44,68.38
2023-12-11,S005,P0070,Electronics,West,72,78.55,72.82
2023-12-12,S005,P0070,Electronics,West,83,113.09,71.39
2023-12-13,S005,P0070,Electronics,West,42,44.06,73.46
2023-12-14,S005,P0070,Electronics,North,155,155.36,108.1
2023-12-15,S005,P0070,Electronics,North,93,101.83,73.17
2023-12-16,S005,P0070,Electronics,South,75,79.34,71.04
2023-12-17,S005,P0070,Electronics,South,116,136.18,88.28
2023-12-18,S005,P0070,Electronics,South,91,124.73,108.44
2023-12-19,S005,P0070,Electronics,West,33,45.67,90.44
2023-12-20,S005,P0070,Electronics,East,65,65.21,87.94
2023-12-21,S005,P0070,Electronics,North,59,64.61,89.75
2023-12-22,S005,P0070,Electronics,East,62,66.74,89.43
2023-12-23,S005,P0070,Electronics,South,127,119.39,90.82
2023-12-24,S005,P0070,Electronics,West,148,147.15,89.29
2023-12-25,S005,P0070,Electronics,East,87,94.3,71.12
2023-12-26,S005,P0070,Electronics,North,36,36.96,92.01
2023-12-27,S005,P0070,Electronics,South,31,34.64,91.39
2023-12-28,S005,P0070,Electronics,North,94,101.43,110.98
2023-12-29,S005,P0070,Electronics,North,76,109.63,74.15
2023-12-30,S005,P0070,Electronics,West,80,82.69,89.94
2023-12-31,S005,P0070,Electronics,East,84,85.15,91.7
2023-10-01,S005,P0079,Furniture,West,130,127.05,89.85
2023-10-02,S005,P0079,Furniture,North,80,76.77,94.04
2023-10-03,S005,P0079,Furniture,West,45,59.5,91.22
2023-10-04,S005,P0079,Furniture,North,117,109.52,108.37
2023-10-05,S005,P0079,Furniture,East,97,135.98,89.87
2023-10-06,S005,P0079,Furniture,South,133,134.43,107.15
2023-10-07,S005,P0079,Furniture,North,90,117.99,90.06
2023-10-08,S005,P0079,Furniture,North,90,118.76,108.5
2023-10-09,S005,P0079,Furniture,South,82,97.75,90.48
2023-10-10,S005,P0079,Furniture,West,63,87.99,89.76
2023-10-11,S005,P0079,Furniture,South,136,150.42,89.82
2023-10-12,S005,P0079,Furniture,East,40,40.7,89.11
2023-10-13,S005,P0079,Furniture,South,50,61.32,90.56
2023-10-14,S005,P0079,Furniture,North,60,77.84,90.63
2023-10-15,S005,P0079,Furniture,South,83,100.61,90.65
2023-10-16,S005,P0079,Furniture,East,102,99.0,90.09
2023-10-17,S005,P0079,Furniture,East,112,112.34,91.05
2023-10-18,S005,P0079,Furniture,West,79,90.55,91.46
2023-10-19,S005,P0079,Furniture,West,82,99.84,91.6
2023-10-20,S005,P0079,Furniture,West,130,154.01,90.38
2023-10-21,S005,P0079,Furniture,West,72,78.09,89.54
2023-10-22,S005,P0079,Furniture,East,92,110.07,111.56
2023-10-23,S005,P0079,Furniture,West,103,104.4,89.84
2023-10-24,S005,P0079,Furniture,South,84,111.87,89.87
2023-10-25,S005,P0079,Furniture,North,95,129.74,90.64
2023-10-26,S005,P0079,Furniture,South,59,67.51,89.56
2023-10-27,S005,P0079,Furniture,South,89,85.32,90.09
2023-10-28,S005,P0079,Furniture,East,99,116.55,90.95
2023-10-29,S005,P0079,Furniture,West,115,113.89,90.53
2023-10-30,S005,P0079,Furniture,West,86,116.68,90.45
2023-10-31,S005,P0079,Furniture,North,115,106.34,90.95
2023-11-01,S005,P0079,Furniture,South,114,141.97,106.93
2023-11-02,S005,P0079,Furniture,East,67,63.23,90.03
2023-11-03,S005,P0079,Furniture,North,100,132.49,87.06
2023-11-04,S005,P0079,Furniture,North,60,60.6,88.56
2023-11-05,S005,P0079,Furniture,North,117,146.45,93.31
2023-11-06,S005,P0079,Furniture,South,78,103.11,91.13
2023-11-07,S005,P0079,Furniture,West,63,75.74,91.88
2023-11-08,S005,P0079,Furniture,North,72,77.51,90.02
2023-11-09,S005,P0079,Furniture,South,87,93.5,89.49
2023-11-10,S005,P0079,Furniture,North,51,52.1,88.01
2023-11-11,S005,P0079,Furniture,South,41,53.31,88.74
2023-11-12,S005,P0079,Furniture,North,61,78.71,88.0
2023-11-13,S005,P0079,Furniture,North,88,87.18,89.36
2023-11-14,S005,P0079,Furniture,West,134,137.84,102.98
2023-11-15,S005,P0079,Furniture,South,100,117.52,90.14
2023-11-16,S005,P0079,Furniture,South,67,94.29,88.86
2023-11-17,S005,P0079,Furniture,East,97,135.52,87.63
2023-11-18,S005,P0079,Furniture,South,34,39.72,87.47
2023-11-19,S005,P0079,Furniture,East,165,151.4,111.15
2023-11-20,S005,P0079,Furniture,West,128,170.24,90.77
2023-11-21,S005,P0079,Furniture,East,114,110.29,91.32
2023-11-22,S005,P0079,Furniture,North,65,78.18,92.31
2023-11-23,S005,P0079,Furniture,North,115,113.4,90.4
2023-11-24,S005,P0079,Furniture,South,121,114.61,87.34
2023-11-25,S005,P0079,Furniture,West,61,69.64,88.54
2023-11-26,S005,P0079,Furniture,North,111,152.73,91.42
2023-11-27,S005,P0079,Furniture,East,124,121.36,90.94
2023-11-28,S005,P0079,Furniture,South,121,133.99,91.88
2023-11-29,S005,P0079,Furniture,West,148,150.29,91.73
2023-11-30,S005,P0079,Furniture,East,155,162.54,115.97
2023-12-01,S005,P0079,Furniture,North,86,97.42,88.76
2023-12-02,S005,P0079,Furniture,West,95,95.39,86.38
2023-12-03,S005,P0079,Furniture,East,69,80.57,89.49
2023-12-04,S005,P0079,Furniture,South,62,81.39,108.13
2023-12-05,S005,P0079,Furniture,North,88,101.97,90.44
2023-12-06,S005,P0079,Furniture,East,82,105.81,107.42
2023-12-07,S005,P0079,Furniture,North,112,112.47,91.39
2023-12-08,S005,P0079,Furniture,East,45,49.66,88.51
2023-12-09,S005,P0079,Furniture,North,69,67.38,88.59
2023-12-10,S005,P0079,Furniture,East,92,94.43,106.48
2023-12-11,S005,P0079,Furniture,West,69,86.64,89.92
2023-12-12,S005,P0079,Furniture,North,96,93.45,90.7
2023-12-13,S005,P0079,Furniture,East,86,95.77,88.0
2023-12-14,S005,P0079,Furniture,North,109,107.4,89.6
2023-12-15,S005,P0079,Furniture,East,132,125.42,87.63
2023-12-16,S005,P0079,Furniture,North,77,89.6,88.68
2023-12-17,S005,P0079,Furniture,East,91,107.86,88.46
2023-12-18,S005,P0079,Furniture,West,80,114.75,88.19
2023-12-19,S005,P0079,Furniture,West,123,126.41,88.47
2023-12-20,S005,P0079,Furniture,South,87,82.5,87.38
2023-12-21,S005,P0079,Furniture,South,97,95.93,87.22
2023-12-22,S005,P0079,Furniture,West,129,133.36,87.33
2023-12-23,S005,P0079,Furniture,East,90,105.17,87.04
2023-12-24,S005,P0079,Furniture,East,165,154.29,88.45
2023-12-25,S005,P0079,Furniture,East,89,105.32,90.82
2023-12-26,S005,P0079,Furniture,West,109,115.32,90.06
2023-12-27,S005,P0079,Furniture,East,143,138.95,93.86
2023-12-28,S005,P0079,Furniture,South,98,118.27,85.16
2023-12-29,S005,P0079,Furniture,East,84,79.35,82.33
2023-12-30,S005,P0079,Furniture,West,101,109.29,89.88
2023-12-31,S005,P0079,Furniture,North,125,123.52,89.51
2023-10-01,S005,P0083,Toys,North,92,100.74,90.47
2023-10-02,S005,P0083,Toys,South,78,91.3,89.81
2023-10-03,S005,P0083,Toys,West,66,79.36,89.36
2023-10-04,S005,P0083,Toys,South,120,157.68,90.0
2023-10-05,S005,P0083,Toys,North,111,132.4,89.68
2023-10-06,S005,P0083,Toys,East,54,74.7,89.04
2023-10-07,S005,P0083,Toys,North,92,109.19,90.88
2023-10-08,S005,P0083,Toys,South,133,129.46,89.52
2023-10-09,S005,P0083,Toys,South,88,93.61,108.02
2023-10-10,S005,P0083,Toys,North,101,130.45,90.42
2023-10-11,S005,P0083,Toys,West,88,96.76,89.19
2023-10-12,S005,P0083,Toys,South,78,73.45,90.2
2023-10-13,S005,P0083,Toys,North,131,126.8,90.7
2023-10-14,S005,P0083,Toys,West,41,45.94,89.17
2023-10-15,S005,P0083,Toys,North,84,80.03,90.15
2023-10-16,S005,P0083,Toys,East,100,131.84,91.07
2023-10-17,S005,P0083,Toys,East,80,82.57,89.21
2023-10-18,S005,P0083,Toys,East,140,150.94,89.67
2023-10-19,S005,P0083,Toys,West,85,101.43,108.63
2023-10-20,S005,P0083,Toys,East,132,153.84,90.28
2023-10-21,S005,P0083,Toys,North,158,158.72,105.75
2023-10-22,S005,P0083,Toys,South,26,32.49,84.01
2023-10-23,S005,P0083,Toys,West,97,110.54,88.91
2023-10-24,S005,P0083,Toys,West,107,145.13,107.86
2023-10-25,S005,P0083,Toys,South,116,130.06,90.01
2023-10-26,S005,P0083,Toys,North,49,48.09,89.44
2023-10-27,S005,P0083,Toys,West,93,97.09,89.23
2023-10-28,S005,P0083,Toys,East,88,123.16,89.49
2023-10-29,S005,P0083,Toys,South,86,82.02,90.91
2023-10-30,S005,P0083,Toys,North,125,123.59,90.61
2023-10-31,S005,P0083,Toys,East,154,149.17,108.18
2023-11-01,S005,P0083,Toys,North,50,69.33,87.69
2023-11-02,S005,P0083,Toys,North,101,96.46,89.52
2023-11-03,S005,P0083,Toys,North,91,105.65,86.97
2023-11-04,S005,P0083,Toys,West,107,146.43,88.57
2023-11-05,S005,P0083,Toys,East,98,115.03,88.9
2023-11-06,S005,P0083,Toys,West,54,54.18,88.94
2023-11-07,S005,P0083,Toys,North,95,94.06,88.65
2023-11-08,S005,P0083,Toys,East,74,100.69,106.72
2023-11-09,S005,P0083,Toys,South,51,68.62,91.12
2023-11-10,S005,P0083,Toys,East,126,125.03,87.34
2023-11-11,S005,P0083,Toys,East,57,81.55,87.86
2023-11-12,S005,P0083,Toys,West,111,138.53,89.74
2023-11-13,S005,P0083,Toys,North,68,74.69,93.38
2023-11-14,S005,P0083,Toys,South,90,126.32,92.78
2023-11-15,S005,P0083,Toys,North,124,117.67,91.31
2023-11-16,S005,P0083,Toys,West,95,111.11,91.62
2023-11-17,S005,P0083,Toys,South,75,101.53,86.86
2023-11-18,S005,P0083,Toys,North,153,140.3,107.91
2023-11-19,S005,P0083,Toys,West,84,83.52,87.05
2023-11-20,S005,P0083,Toys,North,176,170.16,88.64
2023-11-21,S005,P0083,Toys,North,84,81.94,86.3
2023-11-22,S005,P0083,Toys,West,99,131.64,94.46
2023-11-23,S005,P0083,Toys,North,105,110.26,92.3
2023-11-24,S005,P0083,Toys,North,96,105.29,90.74
2023-11-25,S005,P0083,Toys,North,128,144.77,90.04
2023-11-26,S005,P0083,Toys,West,62,89.86,92.59
2023-11-27,S005,P0083,Toys,South,116,146.85,105.63
2023-11-28,S005,P0083,Toys,South,103,110.74,89.98
2023-11-29,S005,P0083,Toys,North,117,110.65,87.32
2023-11-30,S005,P0083,Toys,North,132,134.28,89.92
2023-12-01,S005,P0083,Toys,North,77,73.95,96.68
2023-12-02,S005,P0083,Toys,East,64,83.23,86.64
2023-12-03,S005,P0083,Toys,South,112,124.42,91.98
2023-12-04,S005,P0083,Toys,North,95,129.94,90.1
2023-12-05,S005,P0083,Toys,North,93,124.57,90.5
2023-12-06,S005,P0083,Toys,South,77,106.83,91.42
2023-12-07,S005,P0083,Toys,South,108,149.55,91.52
2023-12-08,S005,P0083,Toys,South,73,103.58,88.07
2023-12-09,S005,P0083,Toys,South,132,121.48,87.72
2023-12-10,S005,P0083,Toys,North,112,120.13,88.51
2023-12-11,S005,P0083,Toys,North,64,79.76,90.57
2023-12-12,S005,P0083,Toys,North,87,110.69,92.31
2023-12-13,S005,P0083,Toys,North,68,93.79,106.79
2023-12-14,S005,P0083,Toys,South,84,77.91,91.39
2023-12-15,S005,P0083,Toys,South,133,147.49,88.04
2023-12-16,S005,P0083,Toys,East,83,92.61,87.69
2023-12-17,S005,P0083,Toys,West,101,116.4,88.73
2023-12-18,S005,P0083,Toys,East,124,131.94,89.27
2023-12-19,S005,P0083,Toys,South,147,160.25,92.65
2023-12-20,S005,P0083,Toys,East,155,186.93,106.2
2023-12-21,S005,P0083,Toys,West,95,88.14,82.44
2023-12-22,S005,P0083,Toys,East,126,155.9,82.63
2023-12-23,S005,P0083,Toys,East,83,115.03,91.08
2023-12-24,S005,P0083,Toys,West,65,80.43,91.47
2023-12-25,S005,P0083,Toys,North,87,119.3,92.72
2023-12-26,S005,P0083,Toys,North,95,110.15,100.43
2023-12-27,S005,P0083,Toys,North,89,108.17,91.12
2023-12-28,S005,P0083,Toys,South,121,111.94,91.29
2023-12-29,S005,P0083,Toys,West,62,82.48,111.01
2023-12-30,S005,P0083,Toys,West,128,117.41,86.91
2023-12-31,S005,P0083,Toys,North,74,75.96,88.63
2023-10-01,S005,P0085,Electronics,North,80,96.53,88.37
2023-10-02,S005,P0085,Electronics,North,50,48.11,81.67
2023-10-03,S005,P0085,Electronics,West,122,120.87,75.0
2023-10-04,S005,P0085,Electronics,East,47,49.32,90.12
2023-10-05,S005,P0085,Electronics,West,26,32.62,90.33
2023-10-06,S005,P0085,Electronics,South,68,85.02,89.13
2023-10-07,S005,P0085,Electronics,South,88,98.85,71.91
2023-10-08,S005,P0085,Electronics,West,55,55.74,70.39
2023-10-09,S005,P0085,Electronics,East,156,178.87,105.46
2023-10-10,S005,P0085,Electronics,North,70,78.88,89.56
2023-10-11,S005,P0085,Electronics,West,98,108.82,106.44
2023-10-12,S005,P0085,Electronics,East,84,96.09,89.16
2023-10-13,S005,P0085,Electronics,North,112,111.9,110.58
2023-10-14,S005,P0085,Electronics,West,102,109.8,90.0
2023-10-15,S005,P0085,Electronics,South,112,151.84,112.21
2023-10-16,S005,P0085,Electronics,North,117,125.71,89.29
2023-10-17,S005,P0085,Electronics,East,118,140.58,89.65
2023-10-18,S005,P0085,Electronics,North,108,139.91,91.44
2023-10-19,S005,P0085,Electronics,West,101,96.08,105.07
2023-10-20,S005,P0085,Electronics,North,41,47.99,73.11
2023-10-21,S005,P0085,Electronics,East,35,40.7,72.36
2023-10-22,S005,P0085,Electronics,North,100,118.41,90.05
2023-10-23,S005,P0085,Electronics,North,45,44.92,89.74
2023-10-24,S005,P0085,Electronics,East,68,73.63,90.2
2023-10-25,S005,P0085,Electronics,North,4,4.49,84.49
2023-10-26,S005,P0085,Electronics,North,11,13.14,70.93
2023-10-27,S005,P0085,Electronics,West,62,73.33,70.39
2023-10-28,S005,P0085,Electronics,West,80,98.34,97.32
2023-10-29,S005,P0085,Electronics,South,66,92.96,90.1
2023-10-30,S005,P0085,Electronics,East,43,47.55,66.97
2023-10-31,S005,P0085,Electronics,North,43,54.46,97.71
2023-11-01,S005,P0085,Electronics,East,72,96.58,121.1
2023-11-02,S005,P0085,Electronics,North,135,132.92,84.36
2023-11-03,S005,P0085,Electronics,South,61,84.5,68.69
2023-11-04,S005,P0085,Electronics,West,85,102.47,74.56
2023-11-05,S005,P0085,Electronics,East,118,139.64,91.7
2023-11-06,S005,P0085,Electronics,South,69,89.81,90.61
2023-11-07,S005,P0085,Electronics,East,80,92.56,89.55
2023-11-08,S005,P0085,Electronics,West,93,131.36,89.67
2023-11-09,S005,P0085,Electronics,North,47,67.05,71.78
2023-11-10,S005,P0085,Electronics,East,119,109.77,89.35
2023-11-11,S005,P0085,Electronics,East,140,176.27,89.73
2023-11-12,S005,P0085,Electronics,West,111,138.23,114.9
2023-11-13,S005,P0085,Electronics,West,68,79.73,90.43
2023-11-14,S005,P0085,Electronics,North,99,99.69,72.6
2023-11-15,S005,P0085,Electronics,South,88,115.71,89.57
2023-11-16,S005,P0085,Electronics,North,119,149.48,89.49
2023-11-17,S005,P0085,Electronics,South,112,107.75,90.94
2023-11-18,S005,P0085,Electronics,South,102,118.07,79.3
2023-11-19,S005,P0085,Electronics,West,73,71.25,89.38
2023-11-20,S005,P0085,Electronics,East,130,120.95,88.95
2023-11-21,S005,P0085,Electronics,South,104,117.97,89.7
2023-11-22,S005,P0085,Electronics,West,68,85.09,89.39
2023-11-23,S005,P0085,Electronics,South,171,164.13,89.74
2023-11-24,S005,P0085,Electronics,West,57,60.89,72.94
2023-11-25,S005,P0085,Electronics,North,77,95.75,114.78
2023-11-26,S005,P0085,Electronics,East,94,92.37,111.7
2023-11-27,S005,P0085,Electronics,East,87,83.76,89.26
2023-11-28,S005,P0085,Electronics,East,114,148.11,107.07
2023-11-29,S005,P0085,Electronics,West,132,121.01,89.74
2023-11-30,S005,P0085,Electronics,West,54,71.18,71.8
2023-12-01,S005,P0085,Electronics,East,193,190.16,102.27
2023-12-02,S005,P0085,Electronics,East,82,82.35,69.83
2023-12-03,S005,P0085,Electronics,South,98,122.78,89.76
2023-12-04,S005,P0085,Electronics,North,120,131.08,88.76
2023-12-05,S005,P0085,Electronics,North,83,84.61,88.18
2023-12-06,S005,P0085,Electronics,West,112,106.19,88.37
2023-12-07,S005,P0085,Electronics,South,141,132.88,110.45
2023-12-08,S005,P0085,Electronics,West,46,62.56,93.11
2023-12-09,S005,P0085,Electronics,East,108,114.26,71.07
2023-12-10,S005,P0085,Electronics,West,91,100.55,88.77
2023-12-11,S005,P0085,Electronics,South,139,152.04,87.29
2023-12-12,S005,P0085,Electronics,North,43,47.95,89.14
2023-12-13,S005,P0085,Electronics,North,69,63.11,73.69
2023-12-14,S005,P0085,Electronics,South,88,113.35,88.7
2023-12-15,S005,P0085,Electronics,West,69,85.41,87.91
2023-12-16,S005,P0085,Electronics,North,112,117.94,90.27
2023-12-17,S005,P0085,Electronics,North,85,116.21,94.02
2023-12-18,S005,P0085,Electronics,East,56,75.39,88.72
2023-12-19,S005,P0085,Electronics,South,96,125.56,91.13
2023-12-20,S005,P0085,Electronics,North,95,126.87,88.49
2023-12-21,S005,P0085,Electronics,South,48,52.55,98.95
2023-12-22,S005,P0085,Electronics,East,48,48.36,88.84
2023-12-23,S005,P0085,Electronics,East,49,55.85,69.36
2023-12-24,S005,P0085,Electronics,North,103,130.03,91.27
2023-12-25,S005,P0085,Electronics,East,63,69.11,87.58
2023-12-26,S005,P0085,Electronics,West,74,90.2,70.08
2023-12-27,S005,P0085,Electronics,South,172,179.58,87.3
2023-12-28,S005,P0085,Electronics,West,203,192.79,108.79
2023-12-29,S005,P0085,Electronics,East,78,98.19,71.46
2023-12-30,S005,P0085,Electronics,North,55,57.43,73.7
2023-12-31,S005,P0085,Electronics,South,89,91.51,88.26
2023-10-01,S005,P0094,Groceries,South,86,91.24,94.45
2023-10-02,S005,P0094,Groceries,East,94,124.52,90.5
2023-10-03,S005,P0094,Groceries,North,99,125.62,87.83
2023-10-04,S005,P0094,Groceries,South,73,77.36,107.83
2023-10-05,S005,P0094,Groceries,West,64,87.18,85.82
2023-10-06,S005,P0094,Groceries,South,37,47.96,88.42
2023-10-07,S005,P0094,Groceries,North,106,136.81,108.1
2023-10-08,S005,P0094,Groceries,East,90,120.0,109.52
2023-10-09,S005,P0094,Groceries,West,115,126.54,87.51
2023-10-10,S005,P0094,Groceries,West,63,78.59,106.91
2023-10-11,S005,P0094,Groceries,West,81,102.68,107.38
2023-10-12,S005,P0094,Groceries,South,77,93.09,90.73
2023-10-13,S005,P0094,Groceries,South,92,108.04,110.25
2023-10-14,S005,P0094,Groceries,East,182,173.32,108.15
2023-10-15,S005,P0094,Groceries,South,115,115.31,98.05
2023-10-16,S005,P0094,Groceries,West,83,88.31,97.38
2023-10-17,S005,P0094,Groceries,South,74,93.25,87.82
2023-10-18,S005,P0094,Groceries,North,124,136.27,96.44
2023-10-19,S005,P0094,Groceries,North,76,94.39,107.98
2023-10-20,S005,P0094,Groceries,East,137,127.19,92.02
2023-10-21,S005,P0094,Groceries,West,70,84.36,97.64
2023-10-22,S005,P0094,Groceries,South,127,159.56,90.22
2023-10-23,S005,P0094,Groceries,South,69,89.59,91.65
2023-10-24,S005,P0094,Groceries,East,51,56.7,89.29
2023-10-25,S005,P0094,Groceries,West,134,146.84,90.91
2023-10-26,S005,P0094,Groceries,West,100,95.95,87.66
2023-10-27,S005,P0094,Groceries,East,100,140.5,108.26
2023-10-28,S005,P0094,Groceries,South,69,67.14,90.07
2023-10-29,S005,P0094,Groceries,North,64,82.33,91.48
2023-10-30,S005,P0094,Groceries,North,87,87.98,91.34
2023-10-31,S005,P0094,Groceries,East,89,107.18,91.07
2023-11-01,S005,P0094,Groceries,West,31,30.48,92.09
2023-11-02,S005,P0094,Groceries,West,177,191.55,115.28
2023-11-03,S005,P0094,Groceries,West,103,117.24,87.56
2023-11-04,S005,P0094,Groceries,West,87,104.08,88.01
2023-11-05,S005,P0094,Groceries,South,138,158.04,88.75
2023-11-06,S005,P0094,Groceries,South,88,124.59,88.35
2023-11-07,S005,P0094,Groceries,East,119,146.23,105.73
2023-11-08,S005,P0094,Groceries,West,156,146.75,92.72
2023-11-09,S005,P0094,Groceries,East,108,107.87,119.6
2023-11-10,S005,P0094,Groceries,East,93,120.25,90.42
2023-11-11,S005,P0094,Groceries,South,52,60.15,92.32
2023-11-12,S005,P0094,Groceries,West,31,29.23,91.63
2023-11-13,S005,P0094,Groceries,North,75,76.15,90.95
2023-11-14,S005,P0094,Groceries,North,105,114.67,91.73
2023-11-15,S005,P0094,Groceries,North,47,68.26,89.4
2023-11-16,S005,P0094,Groceries,North,92,109.06,116.83
2023-11-17,S005,P0094,Groceries,West,68,83.18,113.15
2023-11-18,S005,P0094,Groceries,West,124,116.69,89.19
2023-11-19,S005,P0094,Groceries,East,145,141.32,88.79
2023-11-20,S005,P0094,Groceries,South,73,74.48,89.01
2023-11-21,S005,P0094,Groceries,West,104,99.48,88.93
2023-11-22,S005,P0094,Groceries,East,86,106.02,91.11
2023-11-23,S005,P0094,Groceries,East,88,80.94,89.74
2023-11-24,S005,P0094,Groceries,South,66,62.62,87.9
2023-11-25,S005,P0094,Groceries,North,161,149.93,87.69
2023-11-26,S005,P0094,Groceries,West,35,49.19,88.37
2023-11-27,S005,P0094,Groceries,North,71,94.66,88.95
2023-11-28,S005,P0094,Groceries,East,174,164.04,107.29
2023-11-29,S005,P0094,Groceries,West,55,76.53,90.47
2023-11-30,S005,P0094,Groceries,South,58,73.65,89.71
2023-12-01,S005,P0094,Groceries,North,110,110.76,89.2
2023-12-02,S005,P0094,Groceries,East,69,95.09,110.69
2023-12-03,S005,P0094,Groceries,West,100,132.16,88.69
2023-12-04,S005,P0094,Groceries,East,93,118.24,92.1
2023-12-05,S005,P0094,Groceries,West,83,109.69,106.44
2023-12-06,S005,P0094,Groceries,East,128,156.78,106.78
2023-12-07,S005,P0094,Groceries,East,92,100.63,90.94
2023-12-08,S005,P0094,Groceries,East,70,65.53,88.45
2023-12-09,S005,P0094,Groceries,North,77,92.9,108.46
2023-12-10,S005,P0094,Groceries,East,83,117.25,88.75
2023-12-11,S005,P0094,Groceries,North,92,129.09,106.68
2023-12-12,S005,P0094,Groceries,East,69,78.17,91.69
2023-12-13,S005,P0094,Groceries,North,140,163.15,91.62
2023-12-14,S005,P0094,Groceries,South,96,97.23,90.38
2023-12-15,S005,P0094,Groceries,East,97,126.2,87.95
2023-12-16,S005,P0094,Groceries,South,109,116.75,88.05
2023-12-17,S005,P0094,Groceries,East,30,33.18,88.85
2023-12-18,S005,P0094,Groceries,East,146,136.84,90.81
2023-12-19,S005,P0094,Groceries,East,114,152.34,89.89
2023-12-20,S005,P0094,Groceries,West,74,73.61,92.03
2023-12-21,S005,P0094,Groceries,North,87,83.61,90.73
2023-12-22,S005,P0094,Groceries,East,103,107.99,87.95
2023-12-23,S005,P0094,Groceries,South,97,94.6,85.92
2023-12-24,S005,P0094,Groceries,South,98,92.64,89.69
2023-12-25,S005,P0094,Groceries,North,179,167.9,90.75
2023-12-26,S005,P0094,Groceries,North,63,79.81,101.58
2023-12-27,S005,P0094,Groceries,North,85,108.9,90.15
2023-12-28,S005,P0094,Groceries,South,87,107.86,90.68
2023-12-29,S005,P0094,Groceries,South,124,126.47,88.4
2023-12-30,S005,P0094,Groceries,West,106,117.01,87.5
2023-12-31,S005,P0094,Groceries,West,45,46.19,88.71
2023-10-01,S005,P0096,Toys,West,74,87.0,91.08
2023-10-02,S005,P0096,Toys,South,82,87.2,90.13
2023-10-03,S005,P0096,Toys,South,77,95.85,90.01
2023-10-04,S005,P0096,Toys,East,72,85.94,89.58
2023-10-05,S005,P0096,Toys,South,53,56.82,89.55
2023-10-06,S005,P0096,Toys,East,59,59.17,90.16
2023-10-07,S005,P0096,Toys,North,46,46.38,90.29
2023-10-08,S005,P0096,Toys,West,111,108.41,91.51
2023-10-09,S005,P0096,Toys,South,78,76.86,90.19
2023-10-10,S005,P0096,Toys,North,76,85.42,90.01
2023-10-11,S005,P0096,Toys,North,109,121.8,89.76
2023-10-12,S005,P0096,Toys,North,112,128.03,90.25
2023-10-13,S005,P0096,Toys,North,119,112.01,89.92
2023-10-14,S005,P0096,Toys,South,55,61.24,89.8
2023-10-15,S005,P0096,Toys,North,85,82.34,90.11
2023-10-16,S005,P0096,Toys,South,107,133.85,89.67
2023-10-17,S005,P0096,Toys,North,143,161.72,89.94
2023-10-18,S005,P0096,Toys,South,87,86.73,89.52
2023-10-19,S005,P0096,Toys,North,137,125.42,90.76
2023-10-20,S005,P0096,Toys,North,138,139.76,91.5
2023-10-21,S005,P0096,Toys,North,66,93.91,97.79
2023-10-22,S005,P0096,Toys,West,42,52.72,92.75
2023-10-23,S005,P0096,Toys,West,53,56.51,90.61
2023-10-24,S005,P0096,Toys,North,177,171.2,90.32
2023-10-25,S005,P0096,Toys,East,153,156.65,109.1
2023-10-26,S005,P0096,Toys,South,51,61.04,96.72
2023-10-27,S005,P0096,Toys,North,103,113.6,90.65
2023-10-28,S005,P0096,Toys,South,55,60.54,89.91
2023-10-29,S005,P0096,Toys,West,85,114.96,90.45
2023-10-30,S005,P0096,Toys,North,133,148.36,89.62
2023-10-31,S005,P0096,Toys,South,59,59.45,92.14
2023-11-01,S005,P0096,Toys,East,62,60.05,93.9
2023-11-02,S005,P0096,Toys,North,108,104.64,106.86
2023-11-03,S005,P0096,Toys,West,107,129.98,88.29
2023-11-04,S005,P0096,Toys,North,120,116.56,88.16
2023-11-05,S005,P0096,Toys,South,33,32.84,87.54
2023-11-06,S005,P0096,Toys,South,78,77.03,90.95
2023-11-07,S005,P0096,Toys,East,167,175.49,89.71
2023-11-08,S005,P0096,Toys,South,116,105.88,90.59
2023-11-09,S005,P0096,Toys,South,118,120.69,89.35
2023-11-10,S005,P0096,Toys,South,58,74.53,91.1
2023-11-11,S005,P0096,Toys,North,123,133.7,88.93
2023-11-12,S005,P0096,Toys,North,57,73.86,88.27
2023-11-13,S005,P0096,Toys,West,52,72.32,106.42
2023-11-14,S005,P0096,Toys,South,151,175.54,90.1
2023-11-15,S005,P0096,Toys,South,91,115.54,107.38
2023-11-16,S005,P0096,Toys,East,72,94.97,88.73
2023-11-17,S005,P0096,Toys,East,52,49.37,88.1
2023-11-18,S005,P0096,Toys,South,162,172.65,88.06
2023-11-19,S005,P0096,Toys,South,77,79.53,88.33
2023-11-20,S005,P0096,Toys,East,85,82.22,91.08
2023-11-21,S005,P0096,Toys,West,73,105.02,91.18
2023-11-22,S005,P0096,Toys,East,120,122.28,91.28
2023-11-23,S005,P0096,Toys,South,87,81.17,109.64
2023-11-24,S005,P0096,Toys,West,106,99.48,90.61
2023-11-25,S005,P0096,Toys,West,58,61.32,94.55
2023-11-26,S005,P0096,Toys,South,74,104.33,88.16
2023-11-27,S005,P0096,Toys,West,93,104.42,92.13
2023-11-28,S005,P0096,Toys,West,58,63.44,91.81
2023-11-29,S005,P0096,Toys,North,60,83.18,89.12
2023-11-30,S005,P0096,Toys,South,95,98.63,89.02
2023-12-01,S005,P0096,Toys,South,63,73.04,88.6
2023-12-02,S005,P0096,Toys,East,50,64.18,87.42
2023-12-03,S005,P0096,Toys,North,130,144.79,90.01
2023-12-04,S005,P0096,Toys,West,67,81.72,90.85
2023-12-05,S005,P0096,Toys,South,32,32.79,90.27
2023-12-06,S005,P0096,Toys,South,90,93.41,91.02
2023-12-07,S005,P0096,Toys,South,131,121.24,89.65
2023-12-08,S005,P0096,Toys,East,69,98.86,87.62
2023-12-09,S005,P0096,Toys,East,135,123.93,87.47
2023-12-10,S005,P0096,Toys,East,103,139.46,88.31
2023-12-11,S005,P0096,Toys,East,67,87.83,89.6
2023-12-12,S005,P0096,Toys,East,131,158.78,94.98
2023-12-13,S005,P0096,Toys,South,136,131.68,109.99
2023-12-14,S005,P0096,Toys,North,110,107.7,89.2
2023-12-15,S005,P0096,Toys,East,149,150.33,95.43
2023-12-16,S005,P0096,Toys,North,54,71.08,94.07
2023-12-17,S005,P0096,Toys,North,138,146.13,109.09
2023-12-18,S005,P0096,Toys,South,94,114.39,113.18
2023-12-19,S005,P0096,Toys,East,65,73.25,91.81
2023-12-20,S005,P0096,Toys,South,121,137.06,93.46
2023-12-21,S005,P0096,Toys,North,50,51.51,108.28
2023-12-22,S005,P0096,Toys,West,54,55.51,93.61
2023-12-23,S005,P0096,Toys,West,65,61.19,88.48
2023-12-24,S005,P0096,Toys,East,77,106.55,88.88
2023-12-25,S005,P0096,Toys,West,88,94.23,108.86
2023-12-26,S005,P0096,Toys,South,90,97.73,93.09
2023-12-27,S005,P0096,Toys,North,87,90.06,107.45
2023-12-28,S005,P0096,Toys,South,115,111.86,90.28
2023-12-29,S005,P0096,Toys,East,107,110.24,107.48
2023-12-30,S005,P0096,Toys,South,87,103.98,86.94
2023-12-31,S005,P0096,Toys,East,147,135.48,90.24
2023-10-01,S005,P0116,Furniture,North,148,161.03,105.11
2023-10-02,S005,P0116,Furniture,South,70,77.81,89.81
2023-10-03,S005,P0116,Furniture,West,132,136.07,89.86
2023-10-04,S005,P0116,Furniture,South,89,116.22,89.71
2023-10-05,S005,P0116,Furniture,South,81,100.92,89.71
2023-10-06,S005,P0116,Furniture,West,40,42.87,89.55
2023-10-07,S005,P0116,Furniture,South,78,79.18,89.77
2023-10-08,S005,P0116,Furniture,North,71,85.76,90.51
2023-10-09,S005,P0116,Furniture,East,146,155.64,91.09
2023-10-10,S005,P0116,Furniture,North,163,180.35,90.73
2023-10-11,S005,P0116,Furniture,South,94,120.31,89.53
2023-10-12,S005,P0116,Furniture,North,124,118.04,90.26
2023-10-13,S005,P0116,Furniture,South,85,116.49,89.92
2023-10-14,S005,P0116,Furniture,West,79,111.98,105.67
2023-10-15,S005,P0116,Furniture,South,114,113.57,91.2
2023-10-16,S005,P0116,Furniture,East,95,131.76,90.01
2023-10-17,S005,P0116,Furniture,North,53,58.04,96.73
2023-10-18,S005,P0116,Furniture,East,27,27.8,89.88
2023-10-19,S005,P0116,Furniture,North,108,101.12,90.59
2023-10-20,S005,P0116,Furniture,East,62,85.66,90.75
2023-10-21,S005,P0116,Furniture,West,78,103.06,90.02
2023-10-22,S005,P0116,Furniture,West,47,62.22,108.62
2023-10-23,S005,P0116,Furniture,East,143,141.93,90.98
2023-10-24,S005,P0116,Furniture,North,59,83.79,90.92
2023-10-25,S005,P0116,Furniture,East,103,101.35,91.13
2023-10-26,S005,P0116,Furniture,East,118,158.1,108.38
2023-10-27,S005,P0116,Furniture,North,112,114.06,90.9
2023-10-28,S005,P0116,Furniture,West,50,60.6,90.47
2023-10-29,S005,P0116,Furniture,West,117,128.74,89.95
2023-10-30,S005,P0116,Furniture,West,78,76.55,90.71
2023-10-31,S005,P0116,Furniture,East,65,77.54,91.01
2023-11-01,S005,P0116,Furniture,West,108,108.09,88.6
2023-11-02,S005,P0116,Furniture,East,64,76.94,88.42
2023-11-03,S005,P0116,Furniture,East,108,153.68,88.2
2023-11-04,S005,P0116,Furniture,North,56,58.21,86.89
2023-11-05,S005,P0116,Furniture,East,100,105.2,89.38
2023-11-06,S005,P0116,Furniture,East,154,146.32,88.14
2023-11-07,S005,P0116,Furniture,West,177,190.18,88.91
2023-11-08,S005,P0116,Furniture,South,67,93.32,109.2
2023-11-09,S005,P0116,Furniture,South,157,172.34,107.29
2023-11-10,S005,P0116,Furniture,West,108,135.5,87.09
2023-11-11,S005,P0116,Furniture,North,78,76.47,84.07
2023-11-12,S005,P0116,Furniture,South,100,105.29,92.34
2023-11-13,S005,P0116,Furniture,North,45,56.66,85.8
2023-11-14,S005,P0116,Furniture,East,142,131.23,90.95
2023-11-15,S005,P0116,Furniture,East,154,150.4,90.63
2023-11-16,S005,P0116,Furniture,East,108,124.49,89.89
2023-11-17,S005,P0116,Furniture,West,71,73.13,87.89
2023-11-18,S005,P0116,Furniture,East,86,96.82,86.58
2023-11-19,S005,P0116,Furniture,East,108,124.46,88.62
2023-11-20,S005,P0116,Furniture,West,105,136.67,88.89
2023-11-21,S005,P0116,Furniture,North,135,129.07,89.23
2023-11-22,S005,P0116,Furniture,South,104,109.11,90.41
2023-11-23,S005,P0116,Furniture,West,176,182.71,89.59
2023-11-24,S005,P0116,Furniture,North,110,125.61,93.24
2023-11-25,S005,P0116,Furniture,East,105,120.63,84.65
2023-11-26,S005,P0116,Furniture,West,120,115.68,86.22
2023-11-27,S005,P0116,Furniture,West,27,38.01,87.79
2023-11-28,S005,P0116,Furniture,South,83,92.21,88.44
2023-11-29,S005,P0116,Furniture,South,93,109.19,90.77
2023-11-30,S005,P0116,Furniture,South,77,95.69,107.14
2023-12-01,S005,P0116,Furniture,South,95,107.67,88.38
2023-12-02,S005,P0116,Furniture,East,99,95.77,87.17
2023-12-03,S005,P0116,Furniture,East,64,89.33,89.87
2023-12-04,S005,P0116,Furniture,North,105,119.54,89.44
2023-12-05,S005,P0116,Furniture,West,98,134.2,91.38
2023-12-06,S005,P0116,Furniture,West,107,133.29,109.26
2023-12-07,S005,P0116,Furniture,North,57,74.65,88.81
2023-12-08,S005,P0116,Furniture,East,70,96.64,87.46
2023-12-09,S005,P0116,Furniture,East,116,123.14,87.74
2023-12-10,S005,P0116,Furniture,West,105,101.56,88.99
2023-12-11,S005,P0116,Furniture,East,93,101.53,92.46
2023-12-12,S005,P0116,Furniture,East,70,70.4,92.68
2023-12-13,S005,P0116,Furniture,North,140,139.47,91.93
2023-12-14,S005,P0116,Furniture,North,55,67.79,91.21
2023-12-15,S005,P0116,Furniture,East,136,130.42,107.94
2023-12-16,S005,P0116,Furniture,East,54,73.68,86.88
2023-12-17,S005,P0116,Furniture,East,116,123.41,109.22
2023-12-18,S005,P0116,Furniture,North,65,87.99,91.3
2023-12-19,S005,P0116,Furniture,North,137,125.89,108.02
2023-12-20,S005,P0116,Furniture,East,139,159.27,91.33
2023-12-21,S005,P0116,Furniture,South,95,105.11,109.45
2023-12-22,S005,P0116,Furniture,South,144,135.33,86.21
2023-12-23,S005,P0116,Furniture,North,68,76.43,113.73
2023-12-24,S005,P0116,Furniture,West,134,125.23,87.37
2023-12-25,S005,P0116,Furniture,North,95,91.42,87.59
2023-12-26,S005,P0116,Furniture,West,88,87.17,107.77
2023-12-27,S005,P0116,Furniture,East,104,101.36,91.29
2023-12-28,S005,P0116,Furniture,North,41,54.37,90.66
2023-12-29,S005,P0116,Furniture,East,44,57.48,87.89
2023-12-30,S005,P0116,Furniture,North,120,162.28,106.74
2023-12-31,S005,P0116,Furniture,South,56,74.51,110.42
2023-10-01,S005,P0125,Clothing,West,56,58.65,91.25
2023-10-02,S005,P0125,Clothing,South,79,80.33,90.73
2023-10-03,S005,P0125,Clothing,East,85,94.77,91.32
2023-10-04,S005,P0125,Clothing,South,41,51.59,90.36
2023-10-05,S005,P0125,Clothing,East,88,113.88,90.12
2023-10-06,S005,P0125,Clothing,South,81,92.78,90.55
2023-10-07,S005,P0125,Clothing,North,82,83.4,109.53
2023-10-08,S005,P0125,Clothing,South,125,136.19,90.21
2023-10-09,S005,P0125,Clothing,North,96,109.83,90.5
2023-10-10,S005,P0125,Clothing,South,173,188.85,90.8
2023-10-11,S005,P0125,Clothing,West,51,57.99,90.27
2023-10-12,S005,P0125,Clothing,North,82,81.98,106.49
2023-10-13,S005,P0125,Clothing,North,126,122.52,92.68
2023-10-14,S005,P0125,Clothing,East,114,138.89,107.98
2023-10-15,S005,P0125,Clothing,North,59,60.64,90.38
2023-10-16,S005,P0125,Clothing,West,58,64.3,89.31
2023-10-17,S005,P0125,Clothing,South,107,124.99,107.58
2023-10-18,S005,P0125,Clothing,North,130,123.84,91.28
2023-10-19,S005,P0125,Clothing,West,93,93.79,89.81
2023-10-20,S005,P0125,Clothing,South,51,71.38,89.72
2023-10-21,S005,P0125,Clothing,West,104,147.59,90.67
2023-10-22,S005,P0125,Clothing,West,64,83.1,89.7
2023-10-23,S005,P0125,Clothing,South,99,140.9,89.85
2023-10-24,S005,P0125,Clothing,East,6,8.01,109.33
2023-10-25,S005,P0125,Clothing,West,82,110.25,91.31
2023-10-26,S005,P0125,Clothing,East,83,82.7,90.22
2023-10-27,S005,P0125,Clothing,South,18,25.76,89.12
2023-10-28,S005,P0125,Clothing,West,55,78.44,90.52
2023-10-29,S005,P0125,Clothing,West,65,81.76,89.5
2023-10-30,S005,P0125,Clothing,North,117,125.65,88.79
2023-10-31,S005,P0125,Clothing,West,78,90.13,91.02
2023-11-01,S005,P0125,Clothing,South,138,127.99,120.75
2023-11-02,S005,P0125,Clothing,South,67,93.1,114.43
2023-11-03,S005,P0125,Clothing,West,104,110.44,118.41
2023-11-04,S005,P0125,Clothing,North,143,141.34,138.06
2023-11-05,S005,P0125,Clothing,South,116,144.85,113.61
2023-11-06,S005,P0125,Clothing,West,159,200.66,124.29
2023-11-07,S005,P0125,Clothing,South,61,73.48,122.54
2023-11-08,S005,P0125,Clothing,South,77,84.45,123.77
2023-11-09,S005,P0125,Clothing,North,132,140.99,127.44
2023-11-10,S005,P0125,Clothing,North,129,162.12,128.65
2023-11-11,S005,P0125,Clothing,North,103,143.53,164.85
2023-11-12,S005,P0125,Clothing,East,124,161.43,128.49
2023-11-13,S005,P0125,Clothing,North,147,158.59,128.64
2023-11-14,S005,P0125,Clothing,East,84,113.33,133.85
2023-11-15,S005,P0125,Clothing,East,220,206.66,146.47
2023-11-16,S005,P0125,Clothing,South,79,103.23,123.98
2023-11-17,S005,P0125,Clothing,South,151,148.7,124.64
2023-11-18,S005,P0125,Clothing,East,138,131.1,129.26
2023-11-19,S005,P0125,Clothing,West,165,217.48,148.94
2023-11-20,S005,P0125,Clothing,West,95,89.61,167.31
2023-11-21,S005,P0125,Clothing,West,163,175.94,126.4
2023-11-22,S005,P0125,Clothing,West,109,119.44,121.41
2023-11-23,S005,P0125,Clothing,East,172,164.08,151.14
2023-11-24,S005,P0125,Clothing,South,81,116.17,127.91
2023-11-25,S005,P0125,Clothing,South,178,213.65,125.19
2023-11-26,S005,P0125,Clothing,East,129,138.02,125.25
2023-11-27,S005,P0125,Clothing,East,182,211.29,128.43
2023-11-28,S005,P0125,Clothing,West,76,102.28,122.61
2023-11-29,S005,P0125,Clothing,West,117,133.91,124.87
2023-11-30,S005,P0125,Clothing,North,83,106.07,160.52
2023-12-01,S005,P0125,Clothing,East,170,172.2,122.97
2023-12-02,S005,P0125,Clothing,North,133,146.09,126.02
2023-12-03,S005,P0125,Clothing,North,124,120.06,126.33
2023-12-04,S005,P0125,Clothing,West,124,124.34,147.63
2023-12-05,S005,P0125,Clothing,North,134,173.01,124.16
2023-12-06,S005,P0125,Clothing,East,129,117.41,128.94
2023-12-07,S005,P0125,Clothing,South,178,188.41,120.39
2023-12-08,S005,P0125,Clothing,East,82,88.68,126.53
2023-12-09,S005,P0125,Clothing,West,131,121.38,121.41
2023-12-10,S005,P0125,Clothing,West,103,100.57,124.43
2023-12-11,S005,P0125,Clothing,North,145,165.76,125.5
2023-12-12,S005,P0125,Clothing,North,111,140.01,128.89
2023-12-13,S005,P0125,Clothing,South,107,128.93,126.0
2023-12-14,S005,P0125,Clothing,South,106,125.59,123.5
2023-12-15,S005,P0125,Clothing,West,124,140.17,121.39
2023-12-16,S005,P0125,Clothing,South,87,115.75,119.1
2023-12-17,S005,P0125,Clothing,South,154,174.16,117.79
2023-12-18,S005,P0125,Clothing,East,145,145.49,129.18
2023-12-19,S005,P0125,Clothing,East,143,154.05,128.25
2023-12-20,S005,P0125,Clothing,East,134,151.02,123.57
2023-12-21,S005,P0125,Clothing,North,122,164.01,125.87
2023-12-22,S005,P0125,Clothing,East,121,170.35,124.21
2023-12-23,S005,P0125,Clothing,North,138,143.76,127.18
2023-12-24,S005,P0125,Clothing,North,117,162.91,122.68
2023-12-25,S005,P0125,Clothing,South,105,135.78,128.05
2023-12-26,S005,P0125,Clothing,South,152,215.59,123.75
2023-12-27,S005,P0125,Clothing,South,104,109.59,126.19
2023-12-28,S005,P0125,Clothing,West,215,196.67,125.93
2023-12-29,S005,P0125,Clothing,East,180,172.52,123.4
2023-12-30,S005,P0125,Clothing,East,80,97.41,145.99
2023-12-31,S005,P0125,Clothing,East,247,252.62,130.65
2023-10-01,S005,P0126,Clothing,West,109,107.53,90.13
2023-10-02,S005,P0126,Clothing,South,108,116.04,89.43
2023-10-03,S005,P0126,Clothing,West,76,103.69,89.54
2023-10-04,S005,P0126,Clothing,North,108,109.45,107.49
2023-10-05,S005,P0126,Clothing,West,116,139.55,90.22
2023-10-06,S005,P0126,Clothing,North,113,134.36,90.28
2023-10-07,S005,P0126,Clothing,South,63,79.24,90.46
2023-10-08,S005,P0126,Clothing,North,102,99.85,90.3
2023-10-09,S005,P0126,Clothing,South,76,81.96,90.19
2023-10-10,S005,P0126,Clothing,East,60,76.33,90.35
2023-10-11,S005,P0126,Clothing,East,66,73.86,108.99
2023-10-12,S005,P0126,Clothing,East,101,122.0,108.42
2023-10-13,S005,P0126,Clothing,West,88,123.5,90.43
2023-10-14,S005,P0126,Clothing,East,98,108.67,90.1
2023-10-15,S005,P0126,Clothing,North,50,52.82,90.84
2023-10-16,S005,P0126,Clothing,East,128,126.65,89.86
2023-10-17,S005,P0126,Clothing,West,115,117.86,90.54
2023-10-18,S005,P0126,Clothing,North,132,123.24,106.53
2023-10-19,S005,P0126,Clothing,South,136,148.6,107.79
2023-10-20,S005,P0126,Clothing,East,167,153.2,89.0
2023-10-21,S005,P0126,Clothing,South,61,76.09,93.75
2023-10-22,S005,P0126,Clothing,West,53,61.28,86.58
2023-10-23,S005,P0126,Clothing,West,128,124.22,89.1
2023-10-24,S005,P0126,Clothing,North,121,125.87,108.76
2023-10-25,S005,P0126,Clothing,South,81,92.53,89.11
2023-10-26,S005,P0126,Clothing,South,56,63.06,88.31
2023-10-27,S005,P0126,Clothing,East,39,43.17,103.42
2023-10-28,S005,P0126,Clothing,East,93,88.35,91.51
2023-10-29,S005,P0126,Clothing,North,15,17.26,91.62
2023-10-30,S005,P0126,Clothing,West,78,99.59,88.57
2023-10-31,S005,P0126,Clothing,South,101,106.7,106.86
2023-11-01,S005,P0126,Clothing,North,128,150.98,123.71
2023-11-02,S005,P0126,Clothing,South,128,159.18,119.26
2023-11-03,S005,P0126,Clothing,North,100,96.96,116.8
2023-11-04,S005,P0126,Clothing,South,149,149.09,123.38
2023-11-05,S005,P0126,Clothing,South,176,162.71,128.71
2023-11-06,S005,P0126,Clothing,West,198,199.47,121.15
2023-11-07,S005,P0126,Clothing,South,158,192.33,125.67
2023-11-08,S005,P0126,Clothing,North,112,115.34,123.88
2023-11-09,S005,P0126,Clothing,East,168,204.13,124.69
2023-11-10,S005,P0126,Clothing,South,212,219.13,120.99
2023-11-11,S005,P0126,Clothing,North,124,135.12,121.27
2023-11-12,S005,P0126,Clothing,West,215,240.11,146.14
2023-11-13,S005,P0126,Clothing,South,152,212.03,127.29
2023-11-14,S005,P0126,Clothing,South,191,189.36,124.11
2023-11-15,S005,P0126,Clothing,East,130,120.99,118.35
2023-11-16,S005,P0126,Clothing,South,199,185.81,118.12
2023-11-17,S005,P0126,Clothing,North,107,127.96,149.91
2023-11-18,S005,P0126,Clothing,West,87,118.65,119.64
2023-11-19,S005,P0126,Clothing,South,219,261.91,144.11
2023-11-20,S005,P0126,Clothing,North,194,217.65,124.87
2023-11-21,S005,P0126,Clothing,North,125,138.6,123.25
2023-11-22,S005,P0126,Clothing,North,148,171.81,127.54
2023-11-23,S005,P0126,Clothing,South,53,68.74,150.73
2023-11-24,S005,P0126,Clothing,North,103,121.25,122.63
2023-11-25,S005,P0126,Clothing,North,149,154.47,120.91
2023-11-26,S005,P0126,Clothing,North,95,118.51,123.65
2023-11-27,S005,P0126,Clothing,East,81,99.7,122.67
2023-11-28,S005,P0126,Clothing,East,181,219.8,131.17
2023-11-29,S005,P0126,Clothing,South,68,96.8,127.3
2023-11-30,S005,P0126,Clothing,West,196,181.32,127.58
2023-12-01,S005,P0126,Clothing,East,133,184.48,149.98
2023-12-02,S005,P0126,Clothing,West,165,203.17,123.46
2023-12-03,S005,P0126,Clothing,West,104,146.24,121.6
2023-12-04,S005,P0126,Clothing,East,176,174.96,121.96
2023-12-05,S005,P0126,Clothing,North,102,113.93,127.35
2023-12-06,S005,P0126,Clothing,South,59,80.14,121.13
2023-12-07,S005,P0126,Clothing,South,153,149.16,121.33
2023-12-08,S005,P0126,Clothing,South,182,183.79,122.86
2023-12-09,S005,P0126,Clothing,East,167,207.28,149.37
2023-12-10,S005,P0126,Clothing,North,111,108.21,119.4
2023-12-11,S005,P0126,Clothing,South,95,114.31,123.05
2023-12-12,S005,P0126,Clothing,West,134,152.84,121.15
2023-12-13,S005,P0126,Clothing,East,119,170.54,120.41
2023-12-14,S005,P0126,Clothing,East,61,73.83,124.68
2023-12-15,S005,P0126,Clothing,East,12,11.69,119.87
2023-12-16,S005,P0126,Clothing,South,143,166.15,132.4
2023-12-17,S005,P0126,Clothing,East,97,109.49,125.75
2023-12-18,S005,P0126,Clothing,South,151,144.94,116.23
2023-12-19,S005,P0126,Clothing,South,156,144.84,122.97
2023-12-20,S005,P0126,Clothing,West,138,173.49,123.4
2023-12-21,S005,P0126,Clothing,East,12,17.47,129.89
2023-12-22,S005,P0126,Clothing,East,94,103.61,122.19
2023-12-23,S005,P0126,Clothing,West,164,151.63,149.7
2023-12-24,S005,P0126,Clothing,South,92,87.7,128.35
2023-12-25,S005,P0126,Clothing,West,151,164.87,125.48
2023-12-26,S005,P0126,Clothing,West,1,2.17,123.42
2023-12-27,S005,P0126,Clothing,East,251,229.32,136.31
2023-12-28,S005,P0126,Clothing,West,69,95.81,125.68
2023-12-29,S005,P0126,Clothing,North,119,167.92,124.32
2023-12-30,S005,P0126,Clothing,East,127,134.89,124.46
2023-12-31,S005,P0126,Clothing,South,112,153.02,130.68
2023-10-01,S005,P0129,Furniture,West,56,55.34,89.78
2023-10-02,S005,P0129,Furniture,North,91,121.57,90.39
2023-10-03,S005,P0129,Furniture,South,93,128.96,87.51
2023-10-04,S005,P0129,Furniture,South,99,125.01,89.25
2023-10-05,S005,P0129,Furniture,South,85,112.58,106.48
2023-10-06,S005,P0129,Furniture,East,64,75.01,108.09
2023-10-07,S005,P0129,Furniture,North,169,156.34,107.4
2023-10-08,S005,P0129,Furniture,East,73,97.94,89.56
2023-10-09,S005,P0129,Furniture,South,91,107.81,106.43
2023-10-10,S005,P0129,Furniture,West,127,157.16,89.57
2023-10-11,S005,P0129,Furniture,North,94,128.78,90.71
2023-10-12,S005,P0129,Furniture,North,92,132.46,90.05
2023-10-13,S005,P0129,Furniture,South,116,112.87,89.48
2023-10-14,S005,P0129,Furniture,East,104,116.53,91.63
2023-10-15,S005,P0129,Furniture,North,99,111.3,108.59
2023-10-16,S005,P0129,Furniture,South,102,107.32,89.43
2023-10-17,S005,P0129,Furniture,South,110,105.85,89.75
2023-10-18,S005,P0129,Furniture,East,163,164.06,89.08
2023-10-19,S005,P0129,Furniture,East,79,105.36,88.04
2023-10-20,S005,P0129,Furniture,North,62,84.65,89.45
2023-10-21,S005,P0129,Furniture,East,107,101.15,89.32
2023-10-22,S005,P0129,Furniture,North,110,121.35,90.64
2023-10-23,S005,P0129,Furniture,West,23,25.84,89.67
2023-10-24,S005,P0129,Furniture,West,91,86.76,89.83
2023-10-25,S005,P0129,Furniture,North,109,115.33,90.42
2023-10-26,S005,P0129,Furniture,East,95,134.62,89.91
2023-10-27,S005,P0129,Furniture,South,84,85.35,89.25
2023-10-28,S005,P0129,Furniture,South,41,39.21,89.52
2023-10-29,S005,P0129,Furniture,South,96,114.74,91.15
2023-10-30,S005,P0129,Furniture,East,132,137.14,90.28
2023-10-31,S005,P0129,Furniture,West,76,101.76,89.38
2023-11-01,S005,P0129,Furniture,East,64,87.25,92.6
2023-11-02,S005,P0129,Furniture,North,122,124.0,91.16
2023-11-03,S005,P0129,Furniture,East,109,146.2,88.88
2023-11-04,S005,P0129,Furniture,South,63,71.18,86.73
2023-11-05,S005,P0129,Furniture,North,21,22.9,87.6
2023-11-06,S005,P0129,Furniture,East,90,102.85,93.44
2023-11-07,S005,P0129,Furniture,North,121,161.97,109.34
2023-11-08,S005,P0129,Furniture,East,100,125.63,91.15
2023-11-09,S005,P0129,Furniture,North,106,114.15,92.06
2023-11-10,S005,P0129,Furniture,West,72,85.66,87.86
2023-11-11,S005,P0129,Furniture,North,124,115.28,87.25
2023-11-12,S005,P0129,Furniture,East,93,87.18,91.29
2023-11-13,S005,P0129,Furniture,West,94,91.61,92.01
2023-11-14,S005,P0129,Furniture,South,60,79.98,90.11
2023-11-15,S005,P0129,Furniture,South,109,139.46,91.83
2023-11-16,S005,P0129,Furniture,South,102,116.9,91.01
2023-11-17,S005,P0129,Furniture,West,107,102.47,85.72
2023-11-18,S005,P0129,Furniture,East,97,108.68,86.27
2023-11-19,S005,P0129,Furniture,East,95,109.01,88.76
2023-11-20,S005,P0129,Furniture,North,56,73.1,88.81
2023-11-21,S005,P0129,Furniture,South,35,37.27,89.07
2023-11-22,S005,P0129,Furniture,North,73,75.41,88.64
2023-11-23,S005,P0129,Furniture,North,107,121.69,89.19
2023-11-24,S005,P0129,Furniture,South,46,55.35,110.24
2023-11-25,S005,P0129,Furniture,North,71,79.87,88.69
2023-11-26,S005,P0129,Furniture,North,164,181.81,117.09
2023-11-27,S005,P0129,Furniture,East,96,131.21,88.88
2023-11-28,S005,P0129,Furniture,South,133,126.58,92.28
2023-11-29,S005,P0129,Furniture,East,103,124.75,90.41
2023-11-30,S005,P0129,Furniture,East,52,69.6,90.79
2023-12-01,S005,P0129,Furniture,North,79,97.68,87.97
2023-12-02,S005,P0129,Furniture,East,56,74.56,87.03
2023-12-03,S005,P0129,Furniture,West,71,69.39,88.5
2023-12-04,S005,P0129,Furniture,East,133,124.42,89.83
2023-12-05,S005,P0129,Furniture,East,125,129.82,91.82
2023-12-06,S005,P0129,Furniture,West,75,79.88,89.12
2023-12-07,S005,P0129,Furniture,East,52,55.56,91.76
2023-12-08,S005,P0129,Furniture,West,133,143.7,87.41
2023-12-09,S005,P0129,Furniture,East,135,127.53,86.79
2023-12-10,S005,P0129,Furniture,East,70,98.32,87.27
2023-12-11,S005,P0129,Furniture,West,81,111.08,91.37
2023-12-12,S005,P0129,Furniture,South,86,85.43,91.65
2023-12-13,S005,P0129,Furniture,South,99,104.16,92.18
2023-12-14,S005,P0129,Furniture,East,118,135.53,107.77
2023-12-15,S005,P0129,Furniture,East,83,102.24,87.08
2023-12-16,S005,P0129,Furniture,North,168,156.46,87.44
2023-12-17,S005,P0129,Furniture,West,129,139.02,108.9
2023-12-18,S005,P0129,Furniture,North,149,148.88,88.42
2023-12-19,S005,P0129,Furniture,West,104,110.81,86.72
2023-12-20,S005,P0129,Furniture,West,86,89.5,91.9
2023-12-21,S005,P0129,Furniture,West,138,157.0,83.49
2023-12-22,S005,P0129,Furniture,North,90,98.92,81.72
2023-12-23,S005,P0129,Furniture,South,123,141.09,95.61
2023-12-24,S005,P0129,Furniture,East,78,72.13,91.79
2023-12-25,S005,P0129,Furniture,North,58,59.54,90.82
2023-12-26,S005,P0129,Furniture,South,50,58.07,90.28
2023-12-27,S005,P0129,Furniture,East,94,129.37,90.68
2023-12-28,S005,P0129,Furniture,North,76,80.05,88.45
2023-12-29,S005,P0129,Furniture,North,59,68.52,90.04
2023-12-30,S005,P0129,Furniture,West,79,82.99,87.42
2023-12-31,S005,P0129,Furniture,South,136,127.4,88.29
2023-10-01,S005,P0133,Clothing,South,134,178.36,110.36
2023-10-02,S005,P0133,Clothing,North,94,105.61,89.65
2023-10-03,S005,P0133,Clothing,South,87,92.83,89.17
2023-10-04,S005,P0133,Clothing,East,64,87.54,89.51
2023-10-05,S005,P0133,Clothing,South,101,123.46,89.96
2023-10-06,S005,P0133,Clothing,North,91,116.54,90.5
2023-10-07,S005,P0133,Clothing,East,145,142.14,89.59
2023-10-08,S005,P0133,Clothing,South,125,123.51,89.86
2023-10-09,S005,P0133,Clothing,East,105,129.93,90.44
2023-10-10,S005,P0133,Clothing,East,122,132.63,90.35
2023-10-11,S005,P0133,Clothing,East,65,69.53,92.11
2023-10-12,S005,P0133,Clothing,West,75,108.26,90.55
2023-10-13,S005,P0133,Clothing,North,81,87.98,88.58
2023-10-14,S005,P0133,Clothing,West,102,125.76,89.55
2023-10-15,S005,P0133,Clothing,West,83,77.98,109.67
2023-10-16,S005,P0133,Clothing,North,116,112.91,91.31
2023-10-17,S005,P0133,Clothing,East,140,148.05,89.25
2023-10-18,S005,P0133,Clothing,North,50,63.52,89.6
2023-10-19,S005,P0133,Clothing,West,70,90.27,90.08
2023-10-20,S005,P0133,Clothing,South,49,68.57,89.67
2023-10-21,S005,P0133,Clothing,East,111,111.17,92.77
2023-10-22,S005,P0133,Clothing,West,82,105.04,90.46
2023-10-23,S005,P0133,Clothing,East,84,94.82,90.16
2023-10-24,S005,P0133,Clothing,South,103,107.33,90.31
2023-10-25,S005,P0133,Clothing,East,98,126.29,90.31
2023-10-26,S005,P0133,Clothing,North,121,132.83,90.63
2023-10-27,S005,P0133,Clothing,South,122,140.38,90.35
2023-10-28,S005,P0133,Clothing,East,141,131.9,89.54
2023-10-29,S005,P0133,Clothing,South,119,112.07,89.38
2023-10-30,S005,P0133,Clothing,West,97,134.52,88.42
2023-10-31,S005,P0133,Clothing,East,101,102.57,92.04
2023-11-01,S005,P0133,Clothing,North,125,138.33,126.3
2023-11-02,S005,P0133,Clothing,South,135,178.18,124.57
2023-11-03,S005,P0133,Clothing,East,141,150.23,124.38
2023-11-04,S005,P0133,Clothing,West,135,159.69,147.55
2023-11-05,S005,P0133,Clothing,South,136,173.03,137.24
2023-11-06,S005,P0133,Clothing,East,111,117.44,128.49
2023-11-07,S005,P0133,Clothing,South,236,219.45,153.7
2023-11-08,S005,P0133,Clothing,North,201,185.49,127.28
2023-11-09,S005,P0133,Clothing,North,121,168.1,122.74
2023-11-10,S005,P0133,Clothing,South,174,171.74,125.43
2023-11-11,S005,P0133,Clothing,West,170,167.71,124.66
2023-11-12,S005,P0133,Clothing,North,67,87.99,118.3
2023-11-13,S005,P0133,Clothing,South,150,151.38,122.53
2023-11-14,S005,P0133,Clothing,West,60,74.17,127.56
2023-11-15,S005,P0133,Clothing,West,124,149.41,124.89
2023-11-16,S005,P0133,Clothing,West,102,141.6,126.27
2023-11-17,S005,P0133,Clothing,East,171,187.95,126.71
2023-11-18,S005,P0133,Clothing,North,131,129.24,154.84
2023-11-19,S005,P0133,Clothing,East,218,281.46,158.56
2023-11-20,S005,P0133,Clothing,West,126,150.06,125.16
2023-11-21,S005,P0133,Clothing,West,144,205.15,126.04
2023-11-22,S005,P0133,Clothing,South,125,146.87,125.2
2023-11-23,S005,P0133,Clothing,East,148,168.65,121.93
2023-11-24,S005,P0133,Clothing,South,103,121.17,127.78
2023-11-25,S005,P0133,Clothing,East,82,107.57,125.28
2023-11-26,S005,P0133,Clothing,North,213,210.34,123.4
2023-11-27,S005,P0133,Clothing,South,55,74.97,128.47
2023-11-28,S005,P0133,Clothing,South,150,166.82,151.27
2023-11-29,S005,P0133,Clothing,North,64,72.28,136.95
2023-11-30,S005,P0133,Clothing,South,100,104.96,121.86
2023-12-01,S005,P0133,Clothing,South,112,127.95,119.47
2023-12-02,S005,P0133,Clothing,West,103,111.91,127.97
2023-12-03,S005,P0133,Clothing,South,168,205.92,120.2
2023-12-04,S005,P0133,Clothing,West,93,101.77,121.47
2023-12-05,S005,P0133,Clothing,North,190,175.19,121.28
2023-12-06,S005,P0133,Clothing,West,216,241.22,128.93
2023-12-07,S005,P0133,Clothing,North,84,105.65,129.85
2023-12-08,S005,P0133,Clothing,East,138,134.63,149.95
2023-12-09,S005,P0133,Clothing,South,175,211.08,150.14
2023-12-10,S005,P0133,Clothing,East,206,190.11,124.06
2023-12-11,S005,P0133,Clothing,South,118,128.93,164.35
2023-12-12,S005,P0133,Clothing,South,104,135.31,130.36
2023-12-13,S005,P0133,Clothing,South,126,139.25,149.74
2023-12-14,S005,P0133,Clothing,North,150,168.11,129.2
2023-12-15,S005,P0133,Clothing,North,151,138.97,129.84
2023-12-16,S005,P0133,Clothing,North,138,177.8,122.05
2023-12-17,S005,P0133,Clothing,North,142,186.32,121.0
2023-12-18,S005,P0133,Clothing,North,105,128.49,123.98
2023-12-19,S005,P0133,Clothing,South,141,152.26,125.48
2023-12-20,S005,P0133,Clothing,South,108,138.97,124.61
2023-12-21,S005,P0133,Clothing,North,48,49.5,123.47
2023-12-22,S005,P0133,Clothing,South,126,147.41,130.9
2023-12-23,S005,P0133,Clothing,East,42,54.59,121.79
2023-12-24,S005,P0133,Clothing,East,160,195.75,116.69
2023-12-25,S005,P0133,Clothing,East,53,55.64,134.35
2023-12-26,S005,P0133,Clothing,South,154,148.27,121.46
2023-12-27,S005,P0133,Clothing,East,85,112.57,116.99
2023-12-28,S005,P0133,Clothing,South,105,135.6,115.3
2023-12-29,S005,P0133,Clothing,South,151,189.39,117.65
2023-12-30,S005,P0133,Clothing,East,77,83.81,129.34
2023-12-31,S005,P0133,Clothing,East,161,171.8,128.8
2023-10-01,S005,P0149,Furniture,South,77,100.77,90.61
2023-10-02,S005,P0149,Furniture,North,89,108.67,89.61
2023-10-03,S005,P0149,Furniture,East,148,158.55,89.9
2023-10-04,S005,P0149,Furniture,North,87,118.69,90.71
2023-10-05,S005,P0149,Furniture,North,92,130.05,90.13
2023-10-06,S005,P0149,Furniture,South,62,78.33,89.09
2023-10-07,S005,P0149,Furniture,East,112,103.91,89.1
2023-10-08,S005,P0149,Furniture,West,95,129.93,89.57
2023-10-09,S005,P0149,Furniture,South,134,125.17,87.93
2023-10-10,S005,P0149,Furniture,South,98,113.01,88.56
2023-10-11,S005,P0149,Furniture,North,158,152.0,89.56
2023-10-12,S005,P0149,Furniture,East,96,105.71,92.88
2023-10-13,S005,P0149,Furniture,North,72,75.71,91.88
2023-10-14,S005,P0149,Furniture,West,88,119.02,92.06
2023-10-15,S005,P0149,Furniture,North,147,178.45,89.87
2023-10-16,S005,P0149,Furniture,West,128,129.13,91.39
2023-10-17,S005,P0149,Furniture,West,92,106.92,90.9
2023-10-18,S005,P0149,Furniture,West,79,72.95,86.15
2023-10-19,S005,P0149,Furniture,North,59,65.99,89.22
2023-10-20,S005,P0149,Furniture,North,90,97.05,90.48
2023-10-21,S005,P0149,Furniture,West,68,96.38,106.18
2023-10-22,S005,P0149,Furniture,North,80,88.39,90.0
2023-10-23,S005,P0149,Furniture,South,108,138.63,90.62
2023-10-24,S005,P0149,Furniture,East,104,106.56,91.11
2023-10-25,S005,P0149,Furniture,North,16,18.74,90.27
2023-10-26,S005,P0149,Furniture,North,66,86.31,92.6
2023-10-27,S005,P0149,Furniture,East,125,163.27,90.51
2023-10-28,S005,P0149,Furniture,East,165,163.49,109.41
2023-10-29,S005,P0149,Furniture,South,81,80.26,89.76
2023-10-30,S005,P0149,Furniture,North,112,114.9,90.64
2023-10-31,S005,P0149,Furniture,West,161,148.73,89.12
2023-11-01,S005,P0149,Furniture,East,84,107.02,90.51
2023-11-02,S005,P0149,Furniture,East,106,107.07,121.27
2023-11-03,S005,P0149,Furniture,East,159,146.27,91.18
2023-11-04,S005,P0149,Furniture,West,80,89.36,89.44
2023-11-05,S005,P0149,Furniture,West,96,94.66,88.16
2023-11-06,S005,P0149,Furniture,South,61,66.93,89.42
2023-11-07,S005,P0149,Furniture,East,91,126.4,93.46
2023-11-08,S005,P0149,Furniture,North,99,110.85,92.29
2023-11-09,S005,P0149,Furniture,East,104,137.43,90.5
2023-11-10,S005,P0149,Furniture,East,142,133.09,87.16
2023-11-11,S005,P0149,Furniture,West,69,96.58,89.19
2023-11-12,S005,P0149,Furniture,West,82,84.37,88.6
2023-11-13,S005,P0149,Furniture,East,56,74.0,90.81
2023-11-14,S005,P0149,Furniture,South,91,84.4,88.65
2023-11-15,S005,P0149,Furniture,South,60,71.68,89.21
2023-11-16,S005,P0149,Furniture,North,94,119.46,99.51
2023-11-17,S005,P0149,Furniture,South,78,111.96,87.33
2023-11-18,S005,P0149,Furniture,South,48,66.29,91.63
2023-11-19,S005,P0149,Furniture,South,98,129.27,92.03
2023-11-20,S005,P0149,Furniture,North,133,125.64,91.15
2023-11-21,S005,P0149,Furniture,South,40,55.54,88.86
2023-11-22,S005,P0149,Furniture,South,65,87.86,89.81
2023-11-23,S005,P0149,Furniture,West,93,90.31,90.33
2023-11-24,S005,P0149,Furniture,West,70,81.77,88.55
2023-11-25,S005,P0149,Furniture,North,32,40.59,88.23
2023-11-26,S005,P0149,Furniture,West,110,111.87,88.52
2023-11-27,S005,P0149,Furniture,North,60,61.48,89.96
2023-11-28,S005,P0149,Furniture,West,59,69.84,91.3
2023-11-29,S005,P0149,Furniture,West,61,73.32,91.52
2023-11-30,S005,P0149,Furniture,South,100,101.54,89.28
2023-12-01,S005,P0149,Furniture,South,82,116.65,88.73
2023-12-02,S005,P0149,Furniture,East,137,153.68,110.2
2023-12-03,S005,P0149,Furniture,South,77,74.74,88.56
2023-12-04,S005,P0149,Furniture,North,171,185.37,108.0
2023-12-05,S005,P0149,Furniture,South,61,61.74,89.95
2023-12-06,S005,P0149,Furniture,South,166,174.93,109.07
2023-12-07,S005,P0149,Furniture,North,70,99.12,105.14
2023-12-08,S005,P0149,Furniture,South,143,161.51,94.0
2023-12-09,S005,P0149,Furniture,West,34,32.41,97.19
2023-12-10,S005,P0149,Furniture,East,59,78.6,87.96
2023-12-11,S005,P0149,Furniture,North,92,112.96,90.03
2023-12-12,S005,P0149,Furniture,West,122,130.8,94.3
2023-12-13,S005,P0149,Furniture,East,83,103.54,91.0
2023-12-14,S005,P0149,Furniture,West,89,95.65,91.3
2023-12-15,S005,P0149,Furniture,South,33,40.51,88.05
2023-12-16,S005,P0149,Furniture,South,104,128.57,88.08
2023-12-17,S005,P0149,Furniture,West,62,61.0,89.11
2023-12-18,S005,P0149,Furniture,North,121,121.0,91.08
2023-12-19,S005,P0149,Furniture,West,11,11.29,92.28
2023-12-20,S005,P0149,Furniture,North,136,130.04,92.03
2023-12-21,S005,P0149,Furniture,South,168,165.95,91.0
2023-12-22,S005,P0149,Furniture,East,111,110.95,87.91
2023-12-23,S005,P0149,Furniture,South,89,103.6,88.34
2023-12-24,S005,P0149,Furniture,East,135,133.01,108.98
2023-12-25,S005,P0149,Furniture,West,67,86.89,87.01
2023-12-26,S005,P0149,Furniture,North,24,29.91,89.74
2023-12-27,S005,P0149,Furniture,North,140,151.99,110.21
2023-12-28,S005,P0149,Furniture,East,105,119.45,91.79
2023-12-29,S005,P0149,Furniture,South,57,81.22,87.37
2023-12-30,S005,P0149,Furniture,East,104,129.32,87.52
2023-12-31,S005,P0149,Furniture,South,70,90.89,89.0
2023-10-01,S005,P0153,Furniture,East,95,124.41,89.82
2023-10-02,S005,P0153,Furniture,South,74,93.15,91.33
2023-10-03,S005,P0153,Furniture,South,82,92.37,84.27
2023-10-04,S005,P0153,Furniture,East,19,24.46,90.31
2023-10-05,S005,P0153,Furniture,South,155,148.2,90.67
2023-10-06,S005,P0153,Furniture,West,58,61.17,89.78
2023-10-07,S005,P0153,Furniture,North,102,116.11,90.28
2023-10-08,S005,P0153,Furniture,West,80,90.75,90.66
2023-10-09,S005,P0153,Furniture,North,57,52.9,90.36
2023-10-10,S005,P0153,Furniture,West,129,125.38,90.75
2023-10-11,S005,P0153,Furniture,West,38,50.85,90.3
2023-10-12,S005,P0153,Furniture,South,77,88.51,90.34
2023-10-13,S005,P0153,Furniture,South,110,105.49,90.74
2023-10-14,S005,P0153,Furniture,North,140,161.94,90.41
2023-10-15,S005,P0153,Furniture,West,106,144.64,90.58
2023-10-16,S005,P0153,Furniture,North,63,71.95,90.69
2023-10-17,S005,P0153,Furniture,East,122,147.34,90.4
2023-10-18,S005,P0153,Furniture,East,87,86.01,90.31
2023-10-19,S005,P0153,Furniture,South,94,120.15,89.79
2023-10-20,S005,P0153,Furniture,North,86,89.16,90.45
2023-10-21,S005,P0153,Furniture,South,135,153.06,90.58
2023-10-22,S005,P0153,Furniture,South,127,160.7,90.5
2023-10-23,S005,P0153,Furniture,West,148,155.14,90.84
2023-10-24,S005,P0153,Furniture,North,171,164.41,90.84
2023-10-25,S005,P0153,Furniture,South,72,101.34,87.35
2023-10-26,S005,P0153,Furniture,South,103,118.73,84.56
2023-10-27,S005,P0153,Furniture,North,122,116.86,76.06
2023-10-28,S005,P0153,Furniture,West,162,171.08,103.24
2023-10-29,S005,P0153,Furniture,South,150,139.9,82.69
2023-10-30,S005,P0153,Furniture,North,98,95.52,93.9
2023-10-31,S005,P0153,Furniture,West,94,87.85,82.6
2023-11-01,S005,P0153,Furniture,West,102,116.68,86.92
2023-11-02,S005,P0153,Furniture,West,94,115.29,93.63
2023-11-03,S005,P0153,Furniture,South,154,155.47,93.19
2023-11-04,S005,P0153,Furniture,West,83,114.38,84.27
2023-11-05,S005,P0153,Furniture,East,104,119.62,90.73
2023-11-06,S005,P0153,Furniture,South,35,43.39,90.8
2023-11-07,S005,P0153,Furniture,West,68,64.15,92.02
2023-11-08,S005,P0153,Furniture,South,98,104.25,90.37
2023-11-09,S005,P0153,Furniture,North,163,150.84,87.85
2023-11-10,S005,P0153,Furniture,West,69,99.02,86.88
2023-11-11,S005,P0153,Furniture,North,92,95.87,89.03
2023-11-12,S005,P0153,Furniture,South,156,160.87,89.64
2023-11-13,S005,P0153,Furniture,North,96,120.21,108.36
2023-11-14,S005,P0153,Furniture,West,110,106.76,92.77
2023-11-15,S005,P0153,Furniture,North,141,166.51,89.6
2023-11-16,S005,P0153,Furniture,East,153,147.71,81.75
2023-11-17,S005,P0153,Furniture,North,132,123.76,86.22
2023-11-18,S005,P0153,Furniture,South,87,90.51,85.25
2023-11-19,S005,P0153,Furniture,North,45,47.22,85.15
2023-11-20,S005,P0153,Furniture,South,103,131.08,91.06
2023-11-21,S005,P0153,Furniture,East,70,79.84,89.34
2023-11-22,S005,P0153,Furniture,East,121,115.67,90.91
2023-11-23,S005,P0153,Furniture,West,69,64.92,91.27
2023-11-24,S005,P0153,Furniture,North,97,122.94,110.67
2023-11-25,S005,P0153,Furniture,East,77,105.38,86.96
2023-11-26,S005,P0153,Furniture,South,108,134.15,88.6
2023-11-27,S005,P0153,Furniture,West,67,70.53,91.49
2023-11-28,S005,P0153,Furniture,South,59,76.45,89.48
2023-11-29,S005,P0153,Furniture,North,69,99.21,89.37
2023-11-30,S005,P0153,Furniture,South,90,114.29,89.33
2023-12-01,S005,P0153,Furniture,North,108,137.34,88.19
2023-12-02,S005,P0153,Furniture,East,89,114.28,110.77
2023-12-03,S005,P0153,Furniture,West,116,132.81,89.49
2023-12-04,S005,P0153,Furniture,East,107,101.36,89.13
2023-12-05,S005,P0153,Furniture,East,151,138.56,88.76
2023-12-06,S005,P0153,Furniture,East,72,85.29,89.21
2023-12-07,S005,P0153,Furniture,West,135,141.89,107.21
2023-12-08,S005,P0153,Furniture,South,60,66.77,91.66
2023-12-09,S005,P0153,Furniture,South,70,73.41,87.2
2023-12-10,S005,P0153,Furniture,North,163,154.29,88.18
2023-12-11,S005,P0153,Furniture,East,46,43.72,92.83
2023-12-12,S005,P0153,Furniture,North,134,122.44,91.16
2023-12-13,S005,P0153,Furniture,East,125,138.97,91.77
2023-12-14,S005,P0153,Furniture,West,82,118.07,108.77
2023-12-15,S005,P0153,Furniture,East,63,85.76,87.97
2023-12-16,S005,P0153,Furniture,South,168,160.13,86.39
2023-12-17,S005,P0153,Furniture,South,49,52.45,89.34
2023-12-18,S005,P0153,Furniture,East,39,53.66,88.5
2023-12-19,S005,P0153,Furniture,South,97,123.46,107.64
2023-12-20,S005,P0153,Furniture,North,116,127.64,108.36
2023-12-21,S005,P0153,Furniture,East,118,131.35,108.97
2023-12-22,S005,P0153,Furniture,North,124,149.12,87.54
2023-12-23,S005,P0153,Furniture,North,117,123.77,87.44
2023-12-24,S005,P0153,Furniture,East,126,146.32,89.62
2023-12-25,S005,P0153,Furniture,South,113,125.03,91.87
2023-12-26,S005,P0153,Furniture,West,103,131.93,93.18
2023-12-27,S005,P0153,Furniture,North,127,142.17,95.63
2023-12-28,S005,P0153,Furniture,South,81,82.92,84.16
2023-12-29,S005,P0153,Furniture,South,100,135.63,91.57
2023-12-30,S005,P0153,Furniture,North,94,101.28,91.52
2023-12-31,S005,P0153,Furniture,North,69,94.47,90.57
2023-10-01,S005,P0159,Electronics,South,87,115.58,112.42
2023-10-02,S005,P0159,Electronics,East,133,150.65,106.21
2023-10-03,S005,P0159,Electronics,North,64,78.05,88.68
2023-10-04,S005,P0159,Electronics,West,131,139.0,89.42
2023-10-05,S005,P0159,Electronics,South,87,89.46,89.31
2023-10-06,S005,P0159,Electronics,West,124,150.46,89.88
2023-10-07,S005,P0159,Electronics,West,121,129.06,88.25
2023-10-08,S005,P0159,Electronics,North,53,72.02,67.8
2023-10-09,S005,P0159,Electronics,West,81,86.23,110.24
2023-10-10,S005,P0159,Electronics,North,75,80.33,90.43
2023-10-11,S005,P0159,Electronics,South,169,158.91,96.85
2023-10-12,S005,P0159,Electronics,West,144,139.97,88.63
2023-10-13,S005,P0159,Electronics,South,98,108.56,70.39
2023-10-14,S005,P0159,Electronics,West,97,132.42,88.39
2023-10-15,S005,P0159,Electronics,South,110,111.35,88.56
2023-10-16,S005,P0159,Electronics,North,117,144.37,109.55
2023-10-17,S005,P0159,Electronics,East,98,118.45,90.46
2023-10-18,S005,P0159,Electronics,East,69,90.34,82.88
2023-10-19,S005,P0159,Electronics,East,85,118.03,113.33
2023-10-20,S005,P0159,Electronics,North,96,93.18,89.37
2023-10-21,S005,P0159,Electronics,North,68,66.17,71.16
2023-10-22,S005,P0159,Electronics,North,126,152.56,83.98
2023-10-23,S005,P0159,Electronics,South,148,152.43,90.55
2023-10-24,S005,P0159,Electronics,East,64,60.1,89.77
2023-10-25,S005,P0159,Electronics,West,150,155.25,89.27
2023-10-26,S005,P0159,Electronics,North,58,75.73,89.52
2023-10-27,S005,P0159,Electronics,South,85,109.64,89.76
2023-10-28,S005,P0159,Electronics,West,124,117.3,107.79
2023-10-29,S005,P0159,Electronics,West,100,131.89,110.63
2023-10-30,S005,P0159,Electronics,West,155,196.74,109.18
2023-10-31,S005,P0159,Electronics,South,65,63.46,89.27
2023-11-01,S005,P0159,Electronics,West,78,83.15,72.91
2023-11-02,S005,P0159,Electronics,East,89,84.09,70.82
2023-11-03,S005,P0159,Electronics,South,86,112.19,89.23
2023-11-04,S005,P0159,Electronics,North,136,147.28,88.82
2023-11-05,S005,P0159,Electronics,North,54,65.51,88.68
2023-11-06,S005,P0159,Electronics,West,80,74.24,90.41
2023-11-07,S005,P0159,Electronics,West,60,74.94,108.01
2023-11-08,S005,P0159,Electronics,North,44,55.54,90.6
2023-11-09,S005,P0159,Electronics,South,158,174.96,88.53
2023-11-10,S005,P0159,Electronics,East,91,95.29,90.61
2023-11-11,S005,P0159,Electronics,East,126,123.11,90.49
2023-11-12,S005,P0159,Electronics,North,60,79.72,89.2
2023-11-13,S005,P0159,Electronics,South,79,72.35,69.42
2023-11-14,S005,P0159,Electronics,North,65,68.52,72.24
2023-11-15,S005,P0159,Electronics,West,91,108.97,90.73
2023-11-16,S005,P0159,Electronics,North,50,69.69,89.18
2023-11-17,S005,P0159,Electronics,West,101,101.1,89.13
2023-11-18,S005,P0159,Electronics,North,117,128.58,106.27
2023-11-19,S005,P0159,Electronics,South,50,63.13,72.89
2023-11-20,S005,P0159,Electronics,North,85,108.67,70.7
2023-11-21,S005,P0159,Electronics,East,72,75.49,88.93
2023-11-22,S005,P0159,Electronics,North,67,75.52,88.69
2023-11-23,S005,P0159,Electronics,North,117,121.2,89.26
2023-11-24,S005,P0159,Electronics,West,63,61.31,89.3
2023-11-25,S005,P0159,Electronics,East,67,62.57,68.27
2023-11-26,S005,P0159,Electronics,East,119,111.16,71.16
2023-11-27,S005,P0159,Electronics,East,93,89.81,71.05
2023-11-28,S005,P0159,Electronics,South,63,62.41,68.74
2023-11-29,S005,P0159,Electronics,West,91,122.9,90.08
2023-11-30,S005,P0159,Electronics,South,74,74.74,91.15
2023-12-01,S005,P0159,Electronics,South,91,85.56,89.24
2023-12-02,S005,P0159,Electronics,South,119,128.43,107.13
2023-12-03,S005,P0159,Electronics,South,51,64.74,111.87
2023-12-04,S005,P0159,Electronics,South,89,82.11,89.77
2023-12-05,S005,P0159,Electronics,South,88,91.73,89.64
2023-12-06,S005,P0159,Electronics,South,45,56.46,72.25
2023-12-07,S005,P0159,Electronics,East,120,126.22,88.85
2023-12-08,S005,P0159,Electronics,North,113,111.55,83.93
2023-12-09,S005,P0159,Electronics,South,94,110.99,70.52
2023-12-10,S005,P0159,Electronics,East,125,135.16,88.55
2023-12-11,S005,P0159,Electronics,West,53,72.08,70.68
2023-12-12,S005,P0159,Electronics,North,74,100.87,89.24
2023-12-13,S005,P0159,Electronics,South,40,57.8,71.23
2023-12-14,S005,P0159,Electronics,South,114,120.77,85.41
2023-12-15,S005,P0159,Electronics,East,27,28.8,87.73
2023-12-16,S005,P0159,Electronics,East,141,145.08,90.36
2023-12-17,S005,P0159,Electronics,East,84,99.87,89.62
2023-12-18,S005,P0159,Electronics,South,175,174.13,106.85
2023-12-19,S005,P0159,Electronics,South,61,83.19,91.98
2023-12-20,S005,P0159,Electronics,South,87,125.03,90.58
2023-12-21,S005,P0159,Electronics,North,68,71.01,89.3
2023-12-22,S005,P0159,Electronics,South,83,84.95,89.41
2023-12-23,S005,P0159,Electronics,South,82,94.8,87.72
2023-12-24,S005,P0159,Electronics,South,67,92.12,92.04
2023-12-25,S005,P0159,Electronics,North,94,104.75,89.19
2023-12-26,S005,P0159,Electronics,North,73,91.88,73.53
2023-12-27,S005,P0159,Electronics,West,104,107.77,84.46
2023-12-28,S005,P0159,Electronics,North,87,109.29,88.95
2023-12-29,S005,P0159,Electronics,North,81,105.46,109.94
2023-12-30,S005,P0159,Electronics,North,72,97.86,106.15
2023-12-31,S005,P0159,Electronics,North,117,137.33,89.2
2023-10-01,S005,P0166,Groceries,West,68,93.55,106.48
2023-10-02,S005,P0166,Groceries,East,119,117.44,110.94
2023-10-03,S005,P0166,Groceries,East,37,34.42,87.52
2023-10-04,S005,P0166,Groceries,North,83,93.99,88.57
2023-10-05,S005,P0166,Groceries,East,104,115.64,92.8
2023-10-06,S005,P0166,Groceries,North,59,81.36,90.7
2023-10-07,S005,P0166,Groceries,West,73,88.57,92.74
2023-10-08,S005,P0166,Groceries,North,77,95.81,107.63
2023-10-09,S005,P0166,Groceries,South,113,130.42,85.55
2023-10-10,S005,P0166,Groceries,South,53,75.48,89.0
2023-10-11,S005,P0166,Groceries,North,102,101.37,107.01
2023-10-12,S005,P0166,Groceries,South,107,132.26,90.26
2023-10-13,S005,P0166,Groceries,West,68,83.99,91.68
2023-10-14,S005,P0166,Groceries,East,91,91.17,89.18
2023-10-15,S005,P0166,Groceries,West,92,103.44,91.74
2023-10-16,S005,P0166,Groceries,North,119,126.6,90.22
2023-10-17,S005,P0166,Groceries,West,136,128.4,90.23
2023-10-18,S005,P0166,Groceries,North,44,61.38,94.58
2023-10-19,S005,P0166,Groceries,West,62,88.75,87.06
2023-10-20,S005,P0166,Groceries,West,84,107.67,91.85
2023-10-21,S005,P0166,Groceries,East,61,56.69,89.98
2023-10-22,S005,P0166,Groceries,West,78,98.06,90.16
2023-10-23,S005,P0166,Groceries,North,26,25.11,88.64
2023-10-24,S005,P0166,Groceries,East,128,154.5,88.26
2023-10-25,S005,P0166,Groceries,North,35,43.27,91.31
2023-10-26,S005,P0166,Groceries,North,52,61.8,91.96
2023-10-27,S005,P0166,Groceries,West,41,56.29,86.78
2023-10-28,S005,P0166,Groceries,North,97,129.98,96.02
2023-10-29,S005,P0166,Groceries,South,27,29.64,91.37
2023-10-30,S005,P0166,Groceries,North,133,131.87,94.61
2023-10-31,S005,P0166,Groceries,East,155,143.4,86.16
2023-11-01,S005,P0166,Groceries,North,93,112.29,89.04
2023-11-02,S005,P0166,Groceries,South,106,118.14,88.56
2023-11-03,S005,P0166,Groceries,South,148,143.32,106.14
2023-11-04,S005,P0166,Groceries,North,63,61.93,93.95
2023-11-05,S005,P0166,Groceries,North,91,86.76,88.41
2023-11-06,S005,P0166,Groceries,South,94,90.28,91.87
2023-11-07,S005,P0166,Groceries,North,114,130.82,91.02
2023-11-08,S005,P0166,Groceries,South,70,71.59,88.66
2023-11-09,S005,P0166,Groceries,South,72,70.5,87.58
2023-11-10,S005,P0166,Groceries,West,97,135.25,88.32
2023-11-11,S005,P0166,Groceries,South,155,142.52,88.04
2023-11-12,S005,P0166,Groceries,West,110,110.85,88.21
2023-11-13,S005,P0166,Groceries,North,108,103.28,90.77
2023-11-14,S005,P0166,Groceries,South,81,79.79,90.35
2023-11-15,S005,P0166,Groceries,East,126,129.91,90.82
2023-11-16,S005,P0166,Groceries,East,141,171.42,91.85
2023-11-17,S005,P0166,Groceries,West,83,88.55,87.11
2023-11-18,S005,P0166,Groceries,East,108,100.51,86.71
2023-11-19,S005,P0166,Groceries,North,69,89.34,90.88
2023-11-20,S005,P0166,Groceries,North,106,149.28,107.75
2023-11-21,S005,P0166,Groceries,North,180,185.69,114.85
2023-11-22,S005,P0166,Groceries,North,103,126.2,107.25
2023-11-23,S005,P0166,Groceries,North,94,97.9,92.1
2023-11-24,S005,P0166,Groceries,North,62,86.08,90.39
2023-11-25,S005,P0166,Groceries,West,66,69.71,87.11
2023-11-26,S005,P0166,Groceries,North,111,150.27,88.77
2023-11-27,S005,P0166,Groceries,West,97,132.38,90.87
2023-11-28,S005,P0166,Groceries,South,117,115.02,89.87
2023-11-29,S005,P0166,Groceries,North,88,119.27,91.45
2023-11-30,S005,P0166,Groceries,East,102,104.54,92.19
2023-12-01,S005,P0166,Groceries,North,81,84.78,88.58
2023-12-02,S005,P0166,Groceries,East,79,99.25,86.68
2023-12-03,S005,P0166,Groceries,North,67,77.19,88.3
2023-12-04,S005,P0166,Groceries,West,87,86.99,88.82
2023-12-05,S005,P0166,Groceries,South,23,33.16,89.0
2023-12-06,S005,P0166,Groceries,East,69,92.55,89.23
2023-12-07,S005,P0166,Groceries,South,113,104.72,89.08
2023-12-08,S005,P0166,Groceries,South,125,118.76,87.91
2023-12-09,S005,P0166,Groceries,West,128,139.82,89.96
2023-12-10,S005,P0166,Groceries,North,74,76.89,90.2
2023-12-11,S005,P0166,Groceries,North,87,97.88,92.68
2023-12-12,S005,P0166,Groceries,East,99,104.45,90.02
2023-12-13,S005,P0166,Groceries,South,40,45.3,87.76
2023-12-14,S005,P0166,Groceries,West,69,73.72,89.22
2023-12-15,S005,P0166,Groceries,West,80,86.02,88.75
2023-12-16,S005,P0166,Groceries,North,47,61.45,108.82
2023-12-17,S005,P0166,Groceries,North,137,145.0,88.7
2023-12-18,S005,P0166,Groceries,West,89,113.89,89.76
2023-12-19,S005,P0166,Groceries,North,91,101.83,90.16
2023-12-20,S005,P0166,Groceries,West,37,51.69,90.02
2023-12-21,S005,P0166,Groceries,West,80,115.16,107.68
2023-12-22,S005,P0166,Groceries,North,104,107.05,87.71
2023-12-23,S005,P0166,Groceries,East,78,85.49,87.63
2023-12-24,S005,P0166,Groceries,East,134,128.08,109.19
2023-12-25,S005,P0166,Groceries,North,154,156.53,106.73
2023-12-26,S005,P0166,Groceries,West,147,185.32,107.49
2023-12-27,S005,P0166,Groceries,East,168,210.84,90.4
2023-12-28,S005,P0166,Groceries,West,115,111.47,95.56
2023-12-29,S005,P0166,Groceries,North,47,46.82,96.99
2023-12-30,S005,P0166,Groceries,West,74,79.49,91.79
2023-12-31,S005,P0166,Groceries,North,119,125.98,86.79
2023-10-01,S005,P0171,Electronics,North,66,89.02,89.99
2023-10-02,S005,P0171,Electronics,East,109,100.09,89.86
2023-10-03,S005,P0171,Electronics,East,136,129.76,90.15
2023-10-04,S005,P0171,Electronics,South,95,116.32,108.17
2023-10-05,S005,P0171,Electronics,West,132,157.87,90.02
2023-10-06,S005,P0171,Electronics,East,66,86.64,105.29
2023-10-07,S005,P0171,Electronics,South,99,92.97,88.36
2023-10-08,S005,P0171,Electronics,West,152,146.92,71.78
2023-10-09,S005,P0171,Electronics,East,109,111.27,90.52
2023-10-10,S005,P0171,Electronics,South,104,94.88,91.04
2023-10-11,S005,P0171,Electronics,West,60,66.28,91.51
2023-10-12,S005,P0171,Electronics,West,45,62.3,70.47
2023-10-13,S005,P0171,Electronics,East,52,62.52,90.31
2023-10-14,S005,P0171,Electronics,South,87,87.45,76.72
2023-10-15,S005,P0171,Electronics,South,85,108.71,90.17
2023-10-16,S005,P0171,Electronics,West,118,115.32,89.93
2023-10-17,S005,P0171,Electronics,East,76,76.9,87.82
2023-10-18,S005,P0171,Electronics,North,41,55.34,89.03
2023-10-19,S005,P0171,Electronics,North,176,182.78,89.04
2023-10-20,S005,P0171,Electronics,East,119,116.02,90.04
2023-10-21,S005,P0171,Electronics,East,130,124.18,105.99
2023-10-22,S005,P0171,Electronics,South,48,44.19,91.74
2023-10-23,S005,P0171,Electronics,West,96,92.36,113.29
2023-10-24,S005,P0171,Electronics,South,46,64.91,72.76
2023-10-25,S005,P0171,Electronics,North,131,149.69,107.68
2023-10-26,S005,P0171,Electronics,North,93,128.35,89.43
2023-10-27,S005,P0171,Electronics,East,14,14.44,89.87
2023-10-28,S005,P0171,Electronics,South,127,118.45,89.24
2023-10-29,S005,P0171,Electronics,South,108,138.27,89.64
2023-10-30,S005,P0171,Electronics,West,112,103.15,90.21
2023-10-31,S005,P0171,Electronics,East,93,118.7,73.37
2023-11-01,S005,P0171,Electronics,East,104,134.05,89.85
2023-11-02,S005,P0171,Electronics,West,145,152.42,90.02
2023-11-03,S005,P0171,Electronics,West,45,56.23,89.83
2023-11-04,S005,P0171,Electronics,West,91,109.48,73.76
2023-11-05,S005,P0171,Electronics,South,62,72.64,89.89
2023-11-06,S005,P0171,Electronics,East,56,58.02,90.1
2023-11-07,S005,P0171,Electronics,East,49,62.98,90.5
2023-11-08,S005,P0171,Electronics,South,142,160.71,110.19
2023-11-09,S005,P0171,Electronics,West,110,133.16,89.69
2023-11-10,S005,P0171,Electronics,North,98,92.57,89.43
2023-11-11,S005,P0171,Electronics,North,95,110.68,89.6
2023-11-12,S005,P0171,Electronics,North,61,74.51,89.63
2023-11-13,S005,P0171,Electronics,East,64,87.29,89.74
2023-11-14,S005,P0171,Electronics,East,57,67.05,90.27
2023-11-15,S005,P0171,Electronics,North,113,152.75,89.56
2023-11-16,S005,P0171,Electronics,North,79,95.58,113.15
2023-11-17,S005,P0171,Electronics,South,89,99.73,69.92
2023-11-18,S005,P0171,Electronics,East,29,38.28,89.9
2023-11-19,S005,P0171,Electronics,North,64,72.37,71.02
2023-11-20,S005,P0171,Electronics,West,71,75.0,69.42
2023-11-21,S005,P0171,Electronics,South,96,101.97,70.26
2023-11-22,S005,P0171,Electronics,North,115,107.16,89.35
2023-11-23,S005,P0171,Electronics,South,22,25.11,69.29
2023-11-24,S005,P0171,Electronics,East,54,60.66,90.21
2023-11-25,S005,P0171,Electronics,West,151,143.45,91.97
2023-11-26,S005,P0171,Electronics,South,85,97.16,89.93
2023-11-27,S005,P0171,Electronics,North,103,126.89,93.95
2023-11-28,S005,P0171,Electronics,South,120,114.16,89.64
2023-11-29,S005,P0171,Electronics,East,165,172.36,87.76
2023-11-30,S005,P0171,Electronics,West,127,120.65,91.07
2023-12-01,S005,P0171,Electronics,South,156,187.94,96.18
2023-12-02,S005,P0171,Electronics,North,111,128.95,101.27
2023-12-03,S005,P0171,Electronics,North,99,99.23,92.78
2023-12-04,S005,P0171,Electronics,North,49,47.64,93.82
2023-12-05,S005,P0171,Electronics,West,67,84.34,88.51
2023-12-06,S005,P0171,Electronics,West,84,109.4,88.94
2023-12-07,S005,P0171,Electronics,East,89,119.05,89.06
2023-12-08,S005,P0171,Electronics,South,56,59.9,89.85
2023-12-09,S005,P0171,Electronics,East,69,71.77,90.54
2023-12-10,S005,P0171,Electronics,North,119,155.8,90.11
2023-12-11,S005,P0171,Electronics,South,79,102.44,91.28
2023-12-12,S005,P0171,Electronics,East,41,55.45,75.18
2023-12-13,S005,P0171,Electronics,North,98,97.2,89.11
2023-12-14,S005,P0171,Electronics,South,59,57.54,71.22
2023-12-15,S005,P0171,Electronics,South,24,23.66,107.71
2023-12-16,S005,P0171,Electronics,North,110,102.05,89.73
2023-12-17,S005,P0171,Electronics,South,130,175.89,89.48
2023-12-18,S005,P0171,Electronics,North,110,125.87,86.92
2023-12-19,S005,P0171,Electronics,South,89,91.41,89.76
2023-12-20,S005,P0171,Electronics,East,105,105.39,89.77
2023-12-21,S005,P0171,Electronics,North,118,130.27,91.71
2023-12-22,S005,P0171,Electronics,South,110,107.32,76.98
2023-12-23,S005,P0171,Electronics,North,66,90.09,90.81
2023-12-24,S005,P0171,Electronics,North,65,66.47,91.72
2023-12-25,S005,P0171,Electronics,North,110,107.22,89.84
2023-12-26,S005,P0171,Electronics,East,67,62.04,89.5
2023-12-27,S005,P0171,Electronics,South,111,112.9,92.74
2023-12-28,S005,P0171,Electronics,South,95,100.23,91.34
2023-12-29,S005,P0171,Electronics,South,95,129.74,89.6
2023-12-30,S005,P0171,Electronics,North,71,81.5,89.61
2023-12-31,S005,P0171,Electronics,North,106,151.41,101.44
2023-10-01,S005,P0175,Electronics,East,83,93.31,89.55
2023-10-02,S005,P0175,Electronics,West,61,87.83,89.35
2023-10-03,S005,P0175,Electronics,North,68,84.54,89.94
2023-10-04,S005,P0175,Electronics,North,81,82.83,89.49
2023-10-05,S005,P0175,Electronics,North,58,75.89,110.12
2023-10-06,S005,P0175,Electronics,North,54,51.51,89.84
2023-10-07,S005,P0175,Electronics,East,147,157.69,90.17
2023-10-08,S005,P0175,Electronics,East,63,59.17,89.44
2023-10-09,S005,P0175,Electronics,North,97,111.35,87.24
2023-10-10,S005,P0175,Electronics,South,82,92.19,89.26
2023-10-11,S005,P0175,Electronics,East,107,112.49,88.23
2023-10-12,S005,P0175,Electronics,South,71,99.93,88.95
2023-10-13,S005,P0175,Electronics,West,88,102.04,73.74
2023-10-14,S005,P0175,Electronics,South,14,18.34,70.45
2023-10-15,S005,P0175,Electronics,North,117,138.17,106.29
2023-10-16,S005,P0175,Electronics,South,56,59.34,89.81
2023-10-17,S005,P0175,Electronics,North,87,102.96,88.49
2023-10-18,S005,P0175,Electronics,West,117,130.92,89.0
2023-10-19,S005,P0175,Electronics,West,84,95.13,88.56
2023-10-20,S005,P0175,Electronics,North,143,141.01,89.17
2023-10-21,S005,P0175,Electronics,North,42,52.21,90.9
2023-10-22,S005,P0175,Electronics,South,145,179.17,91.23
2023-10-23,S005,P0175,Electronics,East,137,127.6,92.13
2023-10-24,S005,P0175,Electronics,West,124,130.36,90.74
2023-10-25,S005,P0175,Electronics,North,84,94.38,91.43
2023-10-26,S005,P0175,Electronics,South,47,67.03,88.7
2023-10-27,S005,P0175,Electronics,East,90,112.05,72.77
2023-10-28,S005,P0175,Electronics,South,105,119.82,88.85
2023-10-29,S005,P0175,Electronics,East,118,149.3,89.06
2023-10-30,S005,P0175,Electronics,North,89,85.89,89.45
2023-10-31,S005,P0175,Electronics,West,79,76.65,88.64
2023-11-01,S005,P0175,Electronics,North,113,114.97,69.52
2023-11-02,S005,P0175,Electronics,North,49,66.12,89.43
2023-11-03,S005,P0175,Electronics,South,74,83.31,90.13
2023-11-04,S005,P0175,Electronics,West,38,44.2,71.22
2023-11-05,S005,P0175,Electronics,South,115,119.57,90.21
2023-11-06,S005,P0175,Electronics,West,52,65.92,90.61
2023-11-07,S005,P0175,Electronics,North,83,101.24,88.77
2023-11-08,S005,P0175,Electronics,North,72,86.78,88.52
2023-11-09,S005,P0175,Electronics,North,77,80.95,88.26
2023-11-10,S005,P0175,Electronics,South,126,121.28,89.3
2023-11-11,S005,P0175,Electronics,West,160,148.34,89.88
2023-11-12,S005,P0175,Electronics,North,70,83.84,111.67
2023-11-13,S005,P0175,Electronics,South,54,72.58,89.79
2023-11-14,S005,P0175,Electronics,North,138,132.96,89.83
2023-11-15,S005,P0175,Electronics,East,116,122.01,89.19
2023-11-16,S005,P0175,Electronics,West,74,89.35,89.43
2023-11-17,S005,P0175,Electronics,North,104,110.15,88.53
2023-11-18,S005,P0175,Electronics,South,87,83.4,87.05
2023-11-19,S005,P0175,Electronics,South,85,88.58,90.37
2023-11-20,S005,P0175,Electronics,East,53,56.99,72.36
2023-11-21,S005,P0175,Electronics,East,75,80.84,111.03
2023-11-22,S005,P0175,Electronics,East,79,106.38,72.47
2023-11-23,S005,P0175,Electronics,North,77,79.32,89.76
2023-11-24,S005,P0175,Electronics,West,62,61.47,88.65
2023-11-25,S005,P0175,Electronics,East,116,117.39,71.61
2023-11-26,S005,P0175,Electronics,South,108,115.92,89.59
2023-11-27,S005,P0175,Electronics,North,99,117.64,89.56
2023-11-28,S005,P0175,Electronics,North,62,85.11,71.06
2023-11-29,S005,P0175,Electronics,East,89,108.69,107.97
2023-11-30,S005,P0175,Electronics,South,127,121.16,89.68
2023-12-01,S005,P0175,Electronics,North,136,138.18,90.22
2023-12-02,S005,P0175,Electronics,North,20,25.01,70.79
2023-12-03,S005,P0175,Electronics,East,106,123.49,88.87
2023-12-04,S005,P0175,Electronics,North,101,95.22,88.55
2023-12-05,S005,P0175,Electronics,East,62,66.55,112.98
2023-12-06,S005,P0175,Electronics,East,94,94.21,105.53
2023-12-07,S005,P0175,Electronics,South,45,62.43,70.86
2023-12-08,S005,P0175,Electronics,West,81,84.48,88.44
2023-12-09,S005,P0175,Electronics,South,62,67.86,76.09
2023-12-10,S005,P0175,Electronics,North,39,48.14,84.35
2023-12-11,S005,P0175,Electronics,West,74,71.89,89.44
2023-12-12,S005,P0175,Electronics,East,62,67.29,67.97
2023-12-13,S005,P0175,Electronics,South,98,133.72,92.27
2023-12-14,S005,P0175,Electronics,North,72,73.35,71.66
2023-12-15,S005,P0175,Electronics,North,101,139.94,89.36
2023-12-16,S005,P0175,Electronics,South,71,71.28,76.03
2023-12-17,S005,P0175,Electronics,East,79,112.38,89.33
2023-12-18,S005,P0175,Electronics,West,121,121.53,88.76
2023-12-19,S005,P0175,Electronics,South,118,113.8,89.48
2023-12-20,S005,P0175,Electronics,East,25,31.05,89.12
2023-12-21,S005,P0175,Electronics,South,99,91.74,89.21
2023-12-22,S005,P0175,Electronics,West,84,97.74,89.69
2023-12-23,S005,P0175,Electronics,North,60,85.3,72.81
2023-12-24,S005,P0175,Electronics,East,54,64.16,74.3
2023-12-25,S005,P0175,Electronics,North,89,95.14,89.49
2023-12-26,S005,P0175,Electronics,West,65,69.45,75.48
2023-12-27,S005,P0175,Electronics,West,121,119.41,72.83
2023-12-28,S005,P0175,Electronics,North,72,76.65,90.24
2023-12-29,S005,P0175,Electronics,North,87,79.62,69.54
2023-12-30,S005,P0175,Electronics,North,84,89.24,89.16
2023-12-31,S005,P0175,Electronics,East,97,117.47,89.38
2023-10-01,S005,P0178,Clothing,East,167,165.03,90.09
2023-10-02,S005,P0178,Clothing,South,122,138.58,90.66
2023-10-03,S005,P0178,Clothing,North,132,126.35,90.0
2023-10-04,S005,P0178,Clothing,East,80,100.79,89.49
2023-10-05,S005,P0178,Clothing,West,88,80.65,89.24
2023-10-06,S005,P0178,Clothing,East,36,37.13,89.64
2023-10-07,S005,P0178,Clothing,North,78,72.1,90.07
2023-10-08,S005,P0178,Clothing,West,77,81.61,89.7
2023-10-09,S005,P0178,Clothing,East,84,91.87,90.59
2023-10-10,S005,P0178,Clothing,North,112,104.26,90.16
2023-10-11,S005,P0178,Clothing,South,83,101.44,90.18
2023-10-12,S005,P0178,Clothing,West,83,101.41,90.08
2023-10-13,S005,P0178,Clothing,West,75,95.18,90.26
2023-10-14,S005,P0178,Clothing,North,22,24.14,89.96
2023-10-15,S005,P0178,Clothing,East,153,185.31,111.36
2023-10-16,S005,P0178,Clothing,North,88,124.15,90.77
2023-10-17,S005,P0178,Clothing,East,125,121.86,90.24
2023-10-18,S005,P0178,Clothing,North,108,108.45,89.9
2023-10-19,S005,P0178,Clothing,North,58,62.88,89.66
2023-10-20,S005,P0178,Clothing,West,53,66.2,90.19
2023-10-21,S005,P0178,Clothing,North,97,119.43,90.47
2023-10-22,S005,P0178,Clothing,East,160,181.99,107.04
2023-10-23,S005,P0178,Clothing,West,93,118.79,89.6
2023-10-24,S005,P0178,Clothing,South,84,78.93,89.9
2023-10-25,S005,P0178,Clothing,North,68,79.71,90.32
2023-10-26,S005,P0178,Clothing,East,88,82.44,107.6
2023-10-27,S005,P0178,Clothing,South,117,113.51,89.78
2023-10-28,S005,P0178,Clothing,South,97,117.63,104.57
2023-10-29,S005,P0178,Clothing,South,83,111.77,90.94
2023-10-30,S005,P0178,Clothing,South,11,12.18,90.49
2023-10-31,S005,P0178,Clothing,West,101,104.58,91.0
2023-11-01,S005,P0178,Clothing,South,122,163.03,114.97
2023-11-02,S005,P0178,Clothing,South,188,173.92,127.31
2023-11-03,S005,P0178,Clothing,West,101,126.26,128.32
2023-11-04,S005,P0178,Clothing,East,131,135.53,119.44
2023-11-05,S005,P0178,Clothing,East,198,182.37,121.48
2023-11-06,S005,P0178,Clothing,North,152,156.07,123.25
2023-11-07,S005,P0178,Clothing,East,134,181.34,125.23
2023-11-08,S005,P0178,Clothing,South,66,64.42,124.96
2023-11-09,S005,P0178,Clothing,East,112,137.51,133.64
2023-11-10,S005,P0178,Clothing,East,146,137.23,123.21
2023-11-11,S005,P0178,Clothing,North,142,151.06,146.19
2023-11-12,S005,P0178,Clothing,South,149,136.23,157.55
2023-11-13,S005,P0178,Clothing,South,127,167.88,122.92
2023-11-14,S005,P0178,Clothing,North,149,176.79,127.18
2023-11-15,S005,P0178,Clothing,South,183,207.38,124.13
2023-11-16,S005,P0178,Clothing,North,51,55.23,124.43
2023-11-17,S005,P0178,Clothing,South,157,161.44,123.54
2023-11-18,S005,P0178,Clothing,East,117,150.72,124.55
2023-11-19,S005,P0178,Clothing,North,277,254.33,123.78
2023-11-20,S005,P0178,Clothing,West,124,171.12,158.61
2023-11-21,S005,P0178,Clothing,West,188,197.55,125.54
2023-11-22,S005,P0178,Clothing,East,135,151.97,121.85
2023-11-23,S005,P0178,Clothing,West,75,104.62,121.43
2023-11-24,S005,P0178,Clothing,East,197,211.89,127.09
2023-11-25,S005,P0178,Clothing,East,229,240.6,121.05
2023-11-26,S005,P0178,Clothing,East,158,168.99,120.52
2023-11-27,S005,P0178,Clothing,West,192,180.28,122.75
2023-11-28,S005,P0178,Clothing,South,118,154.12,128.33
2023-11-29,S005,P0178,Clothing,South,104,132.8,146.07
2023-11-30,S005,P0178,Clothing,East,148,137.56,127.37
2023-12-01,S005,P0178,Clothing,North,84,88.38,121.8
2023-12-02,S005,P0178,Clothing,West,163,158.58,118.66
2023-12-03,S005,P0178,Clothing,North,97,110.19,124.69
2023-12-04,S005,P0178,Clothing,North,114,151.24,135.11
2023-12-05,S005,P0178,Clothing,East,170,182.72,132.7
2023-12-06,S005,P0178,Clothing,West,139,163.51,123.68
2023-12-07,S005,P0178,Clothing,North,132,142.59,121.14
2023-12-08,S005,P0178,Clothing,West,118,162.45,126.68
2023-12-09,S005,P0178,Clothing,South,70,95.34,124.74
2023-12-10,S005,P0178,Clothing,South,143,143.42,135.78
2023-12-11,S005,P0178,Clothing,North,98,136.08,126.0
2023-12-12,S005,P0178,Clothing,North,166,195.87,153.02
2023-12-13,S005,P0178,Clothing,South,120,127.78,150.0
2023-12-14,S005,P0178,Clothing,East,141,162.98,127.57
2023-12-15,S005,P0178,Clothing,South,150,140.24,120.97
2023-12-16,S005,P0178,Clothing,South,199,232.29,126.0
2023-12-17,S005,P0178,Clothing,East,106,150.8,114.62
2023-12-18,S005,P0178,Clothing,East,99,104.66,127.03
2023-12-19,S005,P0178,Clothing,North,105,139.01,125.1
2023-12-20,S005,P0178,Clothing,East,116,151.17,151.59
2023-12-21,S005,P0178,Clothing,East,110,122.06,122.79
2023-12-22,S005,P0178,Clothing,East,140,142.87,128.89
2023-12-23,S005,P0178,Clothing,West,122,165.53,127.78
2023-12-24,S005,P0178,Clothing,South,102,142.04,127.67
2023-12-25,S005,P0178,Clothing,East,113,142.41,125.1
2023-12-26,S005,P0178,Clothing,East,175,201.84,121.74
2023-12-27,S005,P0178,Clothing,North,178,175.15,125.12
2023-12-28,S005,P0178,Clothing,East,69,87.65,122.28
2023-12-29,S005,P0178,Clothing,South,111,152.98,127.14
2023-12-30,S005,P0178,Clothing,South,158,190.94,118.53
2023-12-31,S005,P0178,Clothing,West,110,156.13,123.28
2023-10-01,S005,P0183,Electronics,North,69,70.43,89.1
2023-10-02,S005,P0183,Electronics,West,75,74.9,89.74
2023-10-03,S005,P0183,Electronics,East,109,117.2,90.05
2023-10-04,S005,P0183,Electronics,North,80,91.3,89.85
2023-10-05,S005,P0183,Electronics,North,65,63.55,75.75
2023-10-06,S005,P0183,Electronics,North,58,55.48,111.2
2023-10-07,S005,P0183,Electronics,East,96,95.93,90.25
2023-10-08,S005,P0183,Electronics,West,73,81.73,89.57
2023-10-09,S005,P0183,Electronics,West,126,135.33,94.46
2023-10-10,S005,P0183,Electronics,South,67,87.24,89.91
2023-10-11,S005,P0183,Electronics,West,109,134.09,89.45
2023-10-12,S005,P0183,Electronics,North,54,64.62,89.92
2023-10-13,S005,P0183,Electronics,East,32,34.37,89.66
2023-10-14,S005,P0183,Electronics,East,92,98.31,89.18
2023-10-15,S005,P0183,Electronics,North,87,97.9,90.95
2023-10-16,S005,P0183,Electronics,South,40,53.3,90.73
2023-10-17,S005,P0183,Electronics,South,72,97.51,73.48
2023-10-18,S005,P0183,Electronics,North,44,62.06,74.52
2023-10-19,S005,P0183,Electronics,North,120,115.0,92.81
2023-10-20,S005,P0183,Electronics,West,56,74.31,77.87
2023-10-21,S005,P0183,Electronics,West,131,177.72,108.85
2023-10-22,S005,P0183,Electronics,East,125,172.54,88.61
2023-10-23,S005,P0183,Electronics,North,0,0.0,90.63
2023-10-24,S005,P0183,Electronics,West,110,121.19,89.23
2023-10-25,S005,P0183,Electronics,West,89,110.74,90.06
2023-10-26,S005,P0183,Electronics,North,78,92.65,89.77
2023-10-27,S005,P0183,Electronics,South,52,60.25,88.64
2023-10-28,S005,P0183,Electronics,West,57,82.02,90.0
2023-10-29,S005,P0183,Electronics,South,77,81.44,83.46
2023-10-30,S005,P0183,Electronics,South,115,121.3,111.87
2023-10-31,S005,P0183,Electronics,North,67,82.0,95.12
2023-11-01,S005,P0183,Electronics,North,61,72.32,90.79
2023-11-02,S005,P0183,Electronics,North,82,86.65,71.24
2023-11-03,S005,P0183,Electronics,South,123,113.64,90.8
2023-11-04,S005,P0183,Electronics,East,0,0.0,110.91
2023-11-05,S005,P0183,Electronics,West,50,45.56,89.59
2023-11-06,S005,P0183,Electronics,North,66,64.52,89.0
2023-11-07,S005,P0183,Electronics,West,56,52.14,89.22
2023-11-08,S005,P0183,Electronics,South,154,153.26,90.75
2023-11-09,S005,P0183,Electronics,South,52,60.24,89.04
2023-11-10,S005,P0183,Electronics,East,99,112.24,90.0
2023-11-11,S005,P0183,Electronics,West,98,101.13,88.29
2023-11-12,S005,P0183,Electronics,South,108,153.76,89.6
2023-11-13,S005,P0183,Electronics,East,122,128.43,89.53
2023-11-14,S005,P0183,Electronics,East,99,119.59,89.72
2023-11-15,S005,P0183,Electronics,South,113,123.74,89.14
2023-11-16,S005,P0183,Electronics,West,98,126.07,91.88
2023-11-17,S005,P0183,Electronics,East,52,52.82,91.51
2023-11-18,S005,P0183,Electronics,North,111,127.74,88.57
2023-11-19,S005,P0183,Electronics,East,115,112.93,88.4
2023-11-20,S005,P0183,Electronics,South,94,129.46,91.62
2023-11-21,S005,P0183,Electronics,East,123,124.22,90.78
2023-11-22,S005,P0183,Electronics,East,68,75.36,91.57
2023-11-23,S005,P0183,Electronics,North,92,118.78,88.65
2023-11-24,S005,P0183,Electronics,South,98,133.66,89.82
2023-11-25,S005,P0183,Electronics,North,76,96.58,90.08
2023-11-26,S005,P0183,Electronics,North,141,142.68,90.61
2023-11-27,S005,P0183,Electronics,North,104,124.94,90.99
2023-11-28,S005,P0183,Electronics,West,72,93.93,90.93
2023-11-29,S005,P0183,Electronics,South,77,75.15,72.02
2023-11-30,S005,P0183,Electronics,East,82,88.21,89.63
2023-12-01,S005,P0183,Electronics,North,112,110.52,87.68
2023-12-02,S005,P0183,Electronics,South,93,102.86,89.31
2023-12-03,S005,P0183,Electronics,South,64,89.39,107.62
2023-12-04,S005,P0183,Electronics,North,70,86.66,91.57
2023-12-05,S005,P0183,Electronics,North,91,88.86,76.16
2023-12-06,S005,P0183,Electronics,South,63,85.87,89.2
2023-12-07,S005,P0183,Electronics,East,101,137.84,108.66
2023-12-08,S005,P0183,Electronics,West,85,104.47,89.22
2023-12-09,S005,P0183,Electronics,North,97,111.36,89.7
2023-12-10,S005,P0183,Electronics,South,58,82.02,74.9
2023-12-11,S005,P0183,Electronics,East,23,23.55,70.08
2023-12-12,S005,P0183,Electronics,West,57,57.56,73.79
2023-12-13,S005,P0183,Electronics,West,38,50.32,88.68
2023-12-14,S005,P0183,Electronics,East,81,109.67,90.57
2023-12-15,S005,P0183,Electronics,West,101,102.5,92.7
2023-12-16,S005,P0183,Electronics,West,145,144.79,111.82
2023-12-17,S005,P0183,Electronics,West,121,115.55,89.36
2023-12-18,S005,P0183,Electronics,East,110,100.84,89.61
2023-12-19,S005,P0183,Electronics,North,116,128.91,91.03
2023-12-20,S005,P0183,Electronics,South,116,117.78,89.19
2023-12-21,S005,P0183,Electronics,West,99,114.28,89.41
2023-12-22,S005,P0183,Electronics,South,41,48.11,89.32
2023-12-23,S005,P0183,Electronics,South,128,124.86,89.04
2023-12-24,S005,P0183,Electronics,East,45,60.85,72.43
2023-12-25,S005,P0183,Electronics,North,172,167.03,90.53
2023-12-26,S005,P0183,Electronics,West,118,107.8,89.88
2023-12-27,S005,P0183,Electronics,West,57,61.37,107.63
2023-12-28,S005,P0183,Electronics,South,46,53.46,88.16
2023-12-29,S005,P0183,Electronics,West,77,75.4,72.54
2023-12-30,S005,P0183,Electronics,North,119,157.91,89.86
2023-12-31,S005,P0183,Electronics,South,111,118.85,76.04
2023-10-01,S005,P0187,Clothing,North,104,129.47,91.52
2023-10-02,S005,P0187,Clothing,South,107,99.41,90.87
2023-10-03,S005,P0187,Clothing,West,59,61.74,90.26
2023-10-04,S005,P0187,Clothing,West,71,95.58,90.46
2023-10-05,S005,P0187,Clothing,South,150,156.47,104.09
2023-10-06,S005,P0187,Clothing,East,60,68.05,90.47
2023-10-07,S005,P0187,Clothing,South,65,61.58,89.86
2023-10-08,S005,P0187,Clothing,East,69,66.74,89.39
2023-10-09,S005,P0187,Clothing,East,106,145.28,90.63
2023-10-10,S005,P0187,Clothing,North,132,137.91,90.38
2023-10-11,S005,P0187,Clothing,East,60,80.35,89.51
2023-10-12,S005,P0187,Clothing,South,83,105.81,92.29
2023-10-13,S005,P0187,Clothing,North,132,145.94,90.55
2023-10-14,S005,P0187,Clothing,North,97,99.92,90.22
2023-10-15,S005,P0187,Clothing,North,55,72.64,90.33
2023-10-16,S005,P0187,Clothing,North,112,111.3,90.12
2023-10-17,S005,P0187,Clothing,South,60,74.39,89.43
2023-10-18,S005,P0187,Clothing,East,67,64.27,90.11
2023-10-19,S005,P0187,Clothing,East,153,166.01,108.48
2023-10-20,S005,P0187,Clothing,East,48,58.2,89.77
2023-10-21,S005,P0187,Clothing,East,93,121.18,89.73
2023-10-22,S005,P0187,Clothing,West,105,143.81,90.22
2023-10-23,S005,P0187,Clothing,East,109,135.59,89.54
2023-10-24,S005,P0187,Clothing,South,98,115.26,108.25
2023-10-25,S005,P0187,Clothing,West,148,137.42,106.03
2023-10-26,S005,P0187,Clothing,West,204,187.65,92.22
2023-10-27,S005,P0187,Clothing,South,78,77.87,89.33
2023-10-28,S005,P0187,Clothing,West,107,119.17,84.03
2023-10-29,S005,P0187,Clothing,South,74,93.96,84.63
2023-10-30,S005,P0187,Clothing,East,138,128.68,90.5
2023-10-31,S005,P0187,Clothing,North,136,143.66,74.78
2023-11-01,S005,P0187,Clothing,East,82,103.33,124.41
2023-11-02,S005,P0187,Clothing,West,115,125.58,123.09
2023-11-03,S005,P0187,Clothing,East,82,101.46,117.92
2023-11-04,S005,P0187,Clothing,West,118,141.09,120.38
2023-11-05,S005,P0187,Clothing,West,111,126.24,132.69
2023-11-06,S005,P0187,Clothing,West,109,143.07,126.77
2023-11-07,S005,P0187,Clothing,West,155,166.92,126.02
2023-11-08,S005,P0187,Clothing,West,239,231.39,125.41
2023-11-09,S005,P0187,Clothing,East,94,105.12,126.53
2023-11-10,S005,P0187,Clothing,East,118,118.44,126.91
2023-11-11,S005,P0187,Clothing,South,142,161.62,123.48
2023-11-12,S005,P0187,Clothing,South,96,101.01,125.49
2023-11-13,S005,P0187,Clothing,West,182,195.99,123.19
2023-11-14,S005,P0187,Clothing,North,147,153.01,130.37
2023-11-15,S005,P0187,Clothing,East,145,159.32,119.02
2023-11-16,S005,P0187,Clothing,West,125,178.79,126.75
2023-11-17,S005,P0187,Clothing,North,152,186.18,125.48
2023-11-18,S005,P0187,Clothing,South,119,153.64,142.98
2023-11-19,S005,P0187,Clothing,South,153,173.16,147.05
2023-11-20,S005,P0187,Clothing,North,156,195.93,132.23
2023-11-21,S005,P0187,Clothing,North,129,149.59,128.68
2023-11-22,S005,P0187,Clothing,South,171,213.29,128.86
2023-11-23,S005,P0187,Clothing,South,135,193.08,121.41
2023-11-24,S005,P0187,Clothing,West,163,151.29,124.25
2023-11-25,S005,P0187,Clothing,North,158,189.93,124.68
2023-11-26,S005,P0187,Clothing,West,89,110.2,127.34
2023-11-27,S005,P0187,Clothing,South,175,192.63,125.64
2023-11-28,S005,P0187,Clothing,West,125,122.58,120.36
2023-11-29,S005,P0187,Clothing,South,131,167.58,121.58
2023-11-30,S005,P0187,Clothing,East,222,217.58,128.3
2023-12-01,S005,P0187,Clothing,East,219,245.34,125.25
2023-12-02,S005,P0187,Clothing,West,182,181.95,128.88
2023-12-03,S005,P0187,Clothing,South,129,155.95,126.75
2023-12-04,S005,P0187,Clothing,South,158,156.61,140.01
2023-12-05,S005,P0187,Clothing,South,80,112.72,118.76
2023-12-06,S005,P0187,Clothing,North,190,189.33,120.65
2023-12-07,S005,P0187,Clothing,North,148,153.51,122.27
2023-12-08,S005,P0187,Clothing,East,171,199.71,121.42
2023-12-09,S005,P0187,Clothing,West,126,170.93,124.33
2023-12-10,S005,P0187,Clothing,South,114,154.19,126.02
2023-12-11,S005,P0187,Clothing,North,120,160.6,123.63
2023-12-12,S005,P0187,Clothing,East,125,161.21,126.94
2023-12-13,S005,P0187,Clothing,West,93,96.0,124.19
2023-12-14,S005,P0187,Clothing,East,150,146.39,127.45
2023-12-15,S005,P0187,Clothing,West,132,144.85,124.66
2023-12-16,S005,P0187,Clothing,West,87,84.13,143.42
2023-12-17,S005,P0187,Clothing,North,152,141.8,123.44
2023-12-18,S005,P0187,Clothing,North,133,185.29,130.8
2023-12-19,S005,P0187,Clothing,South,118,128.13,127.93
2023-12-20,S005,P0187,Clothing,North,179,178.81,137.02
2023-12-21,S005,P0187,Clothing,South,120,122.49,130.42
2023-12-22,S005,P0187,Clothing,South,156,158.98,125.82
2023-12-23,S005,P0187,Clothing,East,53,69.51,125.78
2023-12-24,S005,P0187,Clothing,North,80,80.71,127.14
2023-12-25,S005,P0187,Clothing,South,235,228.0,128.08
2023-12-26,S005,P0187,Clothing,South,112,108.45,124.49
2023-12-27,S005,P0187,Clothing,South,86,87.1,124.33
2023-12-28,S005,P0187,Clothing,West,82,86.09,151.68
2023-12-29,S005,P0187,Clothing,East,83,114.46,126.13
2023-12-30,S005,P0187,Clothing,East,139,178.73,124.59
2023-12-31,S005,P0187,Clothing,West,212,227.84,165.35
